episode_id,episode_dir,jsonl_path,object_type,force_level,label,trial_number,duration_sec,num_synced_records,left_force_valid_ratio,right_force_valid_ratio,left_gelsight_valid_ratio,right_gelsight_valid_ratio,quality_flag
episode_20260722T034046_682614Z_000001,/home/ktakahashi/UMI-gripper-yue/UMI_ws/data_yue/train/bottle_cap/high/01/episodes/episode_20260722T034046_682614Z_000001,/home/ktakahashi/UMI-gripper-yue/UMI_ws/data_yue/train/bottle_cap/high/01/episodes/episode_20260722T034046_682614Z_000001/synced_data.jsonl,bottle_cap,high,too_high,01,12.32581353187561,717,1.0,1.0,1.0,1.0,ok
episode_20260722T034107_023369Z_000001,/home/ktakahashi/UMI-gripper-yue/UMI_ws/data_yue/train/bottle_cap/high/02/episodes/episode_20260722T034107_023369Z_000001,/home/ktakahashi/UMI-gripper-yue/UMI_ws/data_yue/train/bottle_cap/high/02/episodes/episode_20260722T034107_023369Z_000001/synced_data.jsonl,bottle_cap,high,too_high,02,14.980114459991455,854,1.0,1.0,1.0,1.0,ok
episode_20260722T034152_122077Z_000001,/home/ktakahashi/UMI-gripper-yue/UMI_ws/data_yue/train/bottle_cap/high/03/episodes/episode_20260722T034152_122077Z_000001,/home/ktakahashi/UMI-gripper-yue/UMI_ws/data_yue/train/bottle_cap/high/03/episodes/episode_20260722T034152_122077Z_000001/synced_data.jsonl,bottle_cap,high,too_high,03,14.982417583465576,817,1.0,1.0,1.0,1.0,ok
episode_20260722T034212_961506Z_000001,/home/ktakahashi/UMI-gripper-yue/UMI_ws/data_yue/train/bottle_cap/high/04/episodes/episode_20260722T034212_961506Z_000001,/home/ktakahashi/UMI-gripper-yue/UMI_ws/data_yue/train/bottle_cap/high/04/episodes/episode_20260722T034212_961506Z_000001/synced_data.jsonl,bottle_cap,high,too_high,04,14.98126745223999,827,1.0,1.0,1.0,1.0,ok
episode_20260722T034308_471538Z_000001,/home/ktakahashi/UMI-gripper-yue/UMI_ws/data_yue/train/bottle_cap/high/05/episodes/episode_20260722T034308_471538Z_000001,/home/ktakahashi/UMI-gripper-yue/UMI_ws/data_yue/train/bottle_cap/high/05/episodes/episode_20260722T034308_471538Z_000001/synced_data.jsonl,bottle_cap,high,too_high,05,14.59708547592163,906,1.0,1.0,1.0,1.0,ok
episode_20260722T034328_939636Z_000001,/home/ktakahashi/UMI-gripper-yue/UMI_ws/data_yue/train/bottle_cap/high/06/episodes/episode_20260722T034328_939636Z_000001,/home/ktakahashi/UMI-gripper-yue/UMI_ws/data_yue/train/bottle_cap/high/06/episodes/episode_20260722T034328_939636Z_000001/synced_data.jsonl,bottle_cap,high,too_high,06,14.979628801345825,953,1.0,1.0,1.0,1.0,ok
episode_20260722T034350_526301Z_000001,/home/ktakahashi/UMI-gripper-yue/UMI_ws/data_yue/train/bottle_cap/high/07/episodes/episode_20260722T034350_526301Z_000001,/home/ktakahashi/UMI-gripper-yue/UMI_ws/data_yue/train/bottle_cap/high/07/episodes/episode_20260722T034350_526301Z_000001/synced_data.jsonl,bottle_cap,high,too_high,07,13.479398965835571,786,1.0,1.0,1.0,1.0,ok
episode_20260722T034410_107983Z_000001,/home/ktakahashi/UMI-gripper-yue/UMI_ws/data_yue/train/bottle_cap/high/08/episodes/episode_20260722T034410_107983Z_000001,/home/ktakahashi/UMI-gripper-yue/UMI_ws/data_yue/train/bottle_cap/high/08/episodes/episode_20260722T034410_107983Z_000001/synced_data.jsonl,bottle_cap,high,too_high,08,14.963518857955933,933,1.0,1.0,1.0,1.0,ok
episode_20260722T034448_350028Z_000001,/home/ktakahashi/UMI-gripper-yue/UMI_ws/data_yue/train/bottle_cap/high/09/episodes/episode_20260722T034448_350028Z_000001,/home/ktakahashi/UMI-gripper-yue/UMI_ws/data_yue/train/bottle_cap/high/09/episodes/episode_20260722T034448_350028Z_000001/synced_data.jsonl,bottle_cap,high,too_high,09,14.915840148925781,978,1.0,1.0,1.0,1.0,ok
episode_20260722T034618_303189Z_000001,/home/ktakahashi/UMI-gripper-yue/UMI_ws/data_yue/train/bottle_cap/high/10/episodes/episode_20260722T034618_303189Z_000001,/home/ktakahashi/UMI-gripper-yue/UMI_ws/data_yue/train/bottle_cap/high/10/episodes/episode_20260722T034618_303189Z_000001/synced_data.jsonl,bottle_cap,high,too_high,10,14.981722116470337,739,1.0,1.0,1.0,1.0,ok
episode_20260722T034639_555880Z_000001,/home/ktakahashi/UMI-gripper-yue/UMI_ws/data_yue/train/bottle_cap/high/11/episodes/episode_20260722T034639_555880Z_000001,/home/ktakahashi/UMI-gripper-yue/UMI_ws/data_yue/train/bottle_cap/high/11/episodes/episode_20260722T034639_555880Z_000001/synced_data.jsonl,bottle_cap,high,too_high,11,14.982778787612915,864,1.0,1.0,1.0,1.0,ok
episode_20260722T034749_810776Z_000001,/home/ktakahashi/UMI-gripper-yue/UMI_ws/data_yue/train/bottle_cap/high/12/episodes/episode_20260722T034749_810776Z_000001,/home/ktakahashi/UMI-gripper-yue/UMI_ws/data_yue/train/bottle_cap/high/12/episodes/episode_20260722T034749_810776Z_000001/synced_data.jsonl,bottle_cap,high,too_high,12,14.980828523635864,903,1.0,1.0,1.0,1.0,ok
episode_20260722T034810_941389Z_000001,/home/ktakahashi/UMI-gripper-yue/UMI_ws/data_yue/train/bottle_cap/high/13/episodes/episode_20260722T034810_941389Z_000001,/home/ktakahashi/UMI-gripper-yue/UMI_ws/data_yue/train/bottle_cap/high/13/episodes/episode_20260722T034810_941389Z_000001/synced_data.jsonl,bottle_cap,high,too_high,13,14.98122525215149,845,1.0,1.0,1.0,1.0,ok
episode_20260722T034831_419855Z_000001,/home/ktakahashi/UMI-gripper-yue/UMI_ws/data_yue/train/bottle_cap/high/14/episodes/episode_20260722T034831_419855Z_000001,/home/ktakahashi/UMI-gripper-yue/UMI_ws/data_yue/train/bottle_cap/high/14/episodes/episode_20260722T034831_419855Z_000001/synced_data.jsonl,bottle_cap,high,too_high,14,14.932161808013916,867,1.0,1.0,1.0,1.0,ok
episode_20260722T034851_671557Z_000001,/home/ktakahashi/UMI-gripper-yue/UMI_ws/data_yue/train/bottle_cap/high/15/episodes/episode_20260722T034851_671557Z_000001,/home/ktakahashi/UMI-gripper-yue/UMI_ws/data_yue/train/bottle_cap/high/15/episodes/episode_20260722T034851_671557Z_000001/synced_data.jsonl,bottle_cap,high,too_high,15,14.950725317001343,799,1.0,1.0,1.0,1.0,ok
episode_20260722T034912_845375Z_000001,/home/ktakahashi/UMI-gripper-yue/UMI_ws/data_yue/train/bottle_cap/high/16/episodes/episode_20260722T034912_845375Z_000001,/home/ktakahashi/UMI-gripper-yue/UMI_ws/data_yue/train/bottle_cap/high/16/episodes/episode_20260722T034912_845375Z_000001/synced_data.jsonl,bottle_cap,high,too_high,16,14.951032400131226,877,1.0,1.0,1.0,1.0,ok
episode_20260722T035153_731479Z_000001,/home/ktakahashi/UMI-gripper-yue/UMI_ws/data_yue/train/bottle_cap/high/17/episodes/episode_20260722T035153_731479Z_000001,/home/ktakahashi/UMI-gripper-yue/UMI_ws/data_yue/train/bottle_cap/high/17/episodes/episode_20260722T035153_731479Z_000001/synced_data.jsonl,bottle_cap,high,too_high,17,13.973619937896729,610,1.0,1.0,1.0,1.0,ok
episode_20260722T035404_009224Z_000001,/home/ktakahashi/UMI-gripper-yue/UMI_ws/data_yue/train/bottle_cap/high/18/episodes/episode_20260722T035404_009224Z_000001,/home/ktakahashi/UMI-gripper-yue/UMI_ws/data_yue/train/bottle_cap/high/18/episodes/episode_20260722T035404_009224Z_000001/synced_data.jsonl,bottle_cap,high,too_high,18,14.916254997253418,830,1.0,1.0,1.0,1.0,ok
episode_20260722T035427_087550Z_000001,/home/ktakahashi/UMI-gripper-yue/UMI_ws/data_yue/train/bottle_cap/high/19/episodes/episode_20260722T035427_087550Z_000001,/home/ktakahashi/UMI-gripper-yue/UMI_ws/data_yue/train/bottle_cap/high/19/episodes/episode_20260722T035427_087550Z_000001/synced_data.jsonl,bottle_cap,high,too_high,19,14.917457342147827,801,1.0,1.0,1.0,1.0,ok
episode_20260722T040003_236155Z_000001,/home/ktakahashi/UMI-gripper-yue/UMI_ws/data_yue/train/bottle_cap/high/20/episodes/episode_20260722T040003_236155Z_000001,/home/ktakahashi/UMI-gripper-yue/UMI_ws/data_yue/train/bottle_cap/high/20/episodes/episode_20260722T040003_236155Z_000001/synced_data.jsonl,bottle_cap,high,too_high,20,14.980531454086304,860,1.0,1.0,1.0,1.0,ok
episode_20260722T032137_861854Z_000001,/home/ktakahashi/UMI-gripper-yue/UMI_ws/data_yue/train/bottle_cap/low/01/episodes/episode_20260722T032137_861854Z_000001,/home/ktakahashi/UMI-gripper-yue/UMI_ws/data_yue/train/bottle_cap/low/01/episodes/episode_20260722T032137_861854Z_000001/synced_data.jsonl,bottle_cap,low,too_low,01,14.916527509689331,838,1.0,1.0,1.0,1.0,ok
episode_20260722T032211_695356Z_000001,/home/ktakahashi/UMI-gripper-yue/UMI_ws/data_yue/train/bottle_cap/low/02/episodes/episode_20260722T032211_695356Z_000001,/home/ktakahashi/UMI-gripper-yue/UMI_ws/data_yue/train/bottle_cap/low/02/episodes/episode_20260722T032211_695356Z_000001/synced_data.jsonl,bottle_cap,low,too_low,02,14.981967210769653,847,1.0,1.0,1.0,1.0,ok
episode_20260722T032255_816840Z_000001,/home/ktakahashi/UMI-gripper-yue/UMI_ws/data_yue/train/bottle_cap/low/03/episodes/episode_20260722T032255_816840Z_000001,/home/ktakahashi/UMI-gripper-yue/UMI_ws/data_yue/train/bottle_cap/low/03/episodes/episode_20260722T032255_816840Z_000001/synced_data.jsonl,bottle_cap,low,too_low,03,14.979740142822266,928,1.0,1.0,1.0,1.0,ok
episode_20260722T032353_425037Z_000001,/home/ktakahashi/UMI-gripper-yue/UMI_ws/data_yue/train/bottle_cap/low/04/episodes/episode_20260722T032353_425037Z_000001,/home/ktakahashi/UMI-gripper-yue/UMI_ws/data_yue/train/bottle_cap/low/04/episodes/episode_20260722T032353_425037Z_000001/synced_data.jsonl,bottle_cap,low,too_low,04,14.949031114578247,882,1.0,1.0,1.0,1.0,ok
episode_20260722T032735_492505Z_000001,/home/ktakahashi/UMI-gripper-yue/UMI_ws/data_yue/train/bottle_cap/low/05/episodes/episode_20260722T032735_492505Z_000001,/home/ktakahashi/UMI-gripper-yue/UMI_ws/data_yue/train/bottle_cap/low/05/episodes/episode_20260722T032735_492505Z_000001/synced_data.jsonl,bottle_cap,low,too_low,05,14.949386835098267,917,1.0,1.0,1.0,1.0,ok
episode_20260722T032755_789438Z_000001,/home/ktakahashi/UMI-gripper-yue/UMI_ws/data_yue/train/bottle_cap/low/06/episodes/episode_20260722T032755_789438Z_000001,/home/ktakahashi/UMI-gripper-yue/UMI_ws/data_yue/train/bottle_cap/low/06/episodes/episode_20260722T032755_789438Z_000001/synced_data.jsonl,bottle_cap,low,too_low,06,14.932658195495605,969,1.0,1.0,1.0,1.0,ok
episode_20260722T032903_746284Z_000001,/home/ktakahashi/UMI-gripper-yue/UMI_ws/data_yue/train/bottle_cap/low/07/episodes/episode_20260722T032903_746284Z_000001,/home/ktakahashi/UMI-gripper-yue/UMI_ws/data_yue/train/bottle_cap/low/07/episodes/episode_20260722T032903_746284Z_000001/synced_data.jsonl,bottle_cap,low,too_low,07,14.979223012924194,888,1.0,1.0,1.0,1.0,ok
episode_20260722T032924_767866Z_000001,/home/ktakahashi/UMI-gripper-yue/UMI_ws/data_yue/train/bottle_cap/low/08/episodes/episode_20260722T032924_767866Z_000001,/home/ktakahashi/UMI-gripper-yue/UMI_ws/data_yue/train/bottle_cap/low/08/episodes/episode_20260722T032924_767866Z_000001/synced_data.jsonl,bottle_cap,low,too_low,08,14.964347124099731,951,1.0,1.0,1.0,1.0,ok
episode_20260722T033017_398845Z_000001,/home/ktakahashi/UMI-gripper-yue/UMI_ws/data_yue/train/bottle_cap/low/09/episodes/episode_20260722T033017_398845Z_000001,/home/ktakahashi/UMI-gripper-yue/UMI_ws/data_yue/train/bottle_cap/low/09/episodes/episode_20260722T033017_398845Z_000001/synced_data.jsonl,bottle_cap,low,too_low,09,14.98102068901062,891,1.0,1.0,1.0,1.0,ok
episode_20260722T033040_349565Z_000001,/home/ktakahashi/UMI-gripper-yue/UMI_ws/data_yue/train/bottle_cap/low/10/episodes/episode_20260722T033040_349565Z_000001,/home/ktakahashi/UMI-gripper-yue/UMI_ws/data_yue/train/bottle_cap/low/10/episodes/episode_20260722T033040_349565Z_000001/synced_data.jsonl,bottle_cap,low,too_low,10,14.019126892089844,715,1.0,1.0,1.0,1.0,ok
episode_20260722T033101_596283Z_000001,/home/ktakahashi/UMI-gripper-yue/UMI_ws/data_yue/train/bottle_cap/low/11/episodes/episode_20260722T033101_596283Z_000001,/home/ktakahashi/UMI-gripper-yue/UMI_ws/data_yue/train/bottle_cap/low/11/episodes/episode_20260722T033101_596283Z_000001/synced_data.jsonl,bottle_cap,low,too_low,11,14.996992349624634,915,1.0,1.0,1.0,1.0,ok
episode_20260722T033124_109466Z_000001,/home/ktakahashi/UMI-gripper-yue/UMI_ws/data_yue/train/bottle_cap/low/12/episodes/episode_20260722T033124_109466Z_000001,/home/ktakahashi/UMI-gripper-yue/UMI_ws/data_yue/train/bottle_cap/low/12/episodes/episode_20260722T033124_109466Z_000001/synced_data.jsonl,bottle_cap,low,too_low,12,13.42957878112793,847,1.0,1.0,1.0,1.0,ok
episode_20260722T033144_450171Z_000001,/home/ktakahashi/UMI-gripper-yue/UMI_ws/data_yue/train/bottle_cap/low/13/episodes/episode_20260722T033144_450171Z_000001,/home/ktakahashi/UMI-gripper-yue/UMI_ws/data_yue/train/bottle_cap/low/13/episodes/episode_20260722T033144_450171Z_000001/synced_data.jsonl,bottle_cap,low,too_low,13,13.477418899536133,757,1.0,1.0,1.0,1.0,ok
episode_20260722T033421_877777Z_000001,/home/ktakahashi/UMI-gripper-yue/UMI_ws/data_yue/train/bottle_cap/low/14/episodes/episode_20260722T033421_877777Z_000001,/home/ktakahashi/UMI-gripper-yue/UMI_ws/data_yue/train/bottle_cap/low/14/episodes/episode_20260722T033421_877777Z_000001/synced_data.jsonl,bottle_cap,low,too_low,14,14.917719602584839,795,1.0,1.0,1.0,1.0,ok
episode_20260722T033443_089738Z_000001,/home/ktakahashi/UMI-gripper-yue/UMI_ws/data_yue/train/bottle_cap/low/15/episodes/episode_20260722T033443_089738Z_000001,/home/ktakahashi/UMI-gripper-yue/UMI_ws/data_yue/train/bottle_cap/low/15/episodes/episode_20260722T033443_089738Z_000001/synced_data.jsonl,bottle_cap,low,too_low,15,14.932746887207031,839,1.0,1.0,1.0,1.0,ok
episode_20260722T033506_284651Z_000001,/home/ktakahashi/UMI-gripper-yue/UMI_ws/data_yue/train/bottle_cap/low/16/episodes/episode_20260722T033506_284651Z_000001,/home/ktakahashi/UMI-gripper-yue/UMI_ws/data_yue/train/bottle_cap/low/16/episodes/episode_20260722T033506_284651Z_000001/synced_data.jsonl,bottle_cap,low,too_low,16,14.933288335800171,935,1.0,1.0,1.0,1.0,ok
episode_20260722T033527_210666Z_000001,/home/ktakahashi/UMI-gripper-yue/UMI_ws/data_yue/train/bottle_cap/low/17/episodes/episode_20260722T033527_210666Z_000001,/home/ktakahashi/UMI-gripper-yue/UMI_ws/data_yue/train/bottle_cap/low/17/episodes/episode_20260722T033527_210666Z_000001/synced_data.jsonl,bottle_cap,low,too_low,17,14.96439790725708,731,1.0,1.0,1.0,1.0,ok
episode_20260722T033707_074303Z_000001,/home/ktakahashi/UMI-gripper-yue/UMI_ws/data_yue/train/bottle_cap/low/18/episodes/episode_20260722T033707_074303Z_000001,/home/ktakahashi/UMI-gripper-yue/UMI_ws/data_yue/train/bottle_cap/low/18/episodes/episode_20260722T033707_074303Z_000001/synced_data.jsonl,bottle_cap,low,too_low,18,14.980310678482056,747,1.0,1.0,1.0,1.0,ok
episode_20260722T033849_959668Z_000001,/home/ktakahashi/UMI-gripper-yue/UMI_ws/data_yue/train/bottle_cap/low/19/episodes/episode_20260722T033849_959668Z_000001,/home/ktakahashi/UMI-gripper-yue/UMI_ws/data_yue/train/bottle_cap/low/19/episodes/episode_20260722T033849_959668Z_000001/synced_data.jsonl,bottle_cap,low,too_low,19,14.06923222541809,796,1.0,1.0,1.0,1.0,ok
episode_20260722T033925_424216Z_000001,/home/ktakahashi/UMI-gripper-yue/UMI_ws/data_yue/train/bottle_cap/low/20/episodes/episode_20260722T033925_424216Z_000001,/home/ktakahashi/UMI-gripper-yue/UMI_ws/data_yue/train/bottle_cap/low/20/episodes/episode_20260722T033925_424216Z_000001/synced_data.jsonl,bottle_cap,low,too_low,20,14.693535566329956,990,1.0,1.0,1.0,1.0,ok
episode_20260722T031021_378629Z_000001,/home/ktakahashi/UMI-gripper-yue/UMI_ws/data_yue/train/bottle_cap/medium/01/episodes/episode_20260722T031021_378629Z_000001,/home/ktakahashi/UMI-gripper-yue/UMI_ws/data_yue/train/bottle_cap/medium/01/episodes/episode_20260722T031021_378629Z_000001/synced_data.jsonl,bottle_cap,medium,fine,01,14.131877183914185,747,1.0,1.0,1.0,1.0,ok
episode_20260722T031043_778381Z_000001,/home/ktakahashi/UMI-gripper-yue/UMI_ws/data_yue/train/bottle_cap/medium/02/episodes/episode_20260722T031043_778381Z_000001,/home/ktakahashi/UMI-gripper-yue/UMI_ws/data_yue/train/bottle_cap/medium/02/episodes/episode_20260722T031043_778381Z_000001/synced_data.jsonl,bottle_cap,medium,fine,02,14.963554620742798,808,1.0,1.0,1.0,1.0,ok
episode_20260722T031108_482181Z_000001,/home/ktakahashi/UMI-gripper-yue/UMI_ws/data_yue/train/bottle_cap/medium/03/episodes/episode_20260722T031108_482181Z_000001,/home/ktakahashi/UMI-gripper-yue/UMI_ws/data_yue/train/bottle_cap/medium/03/episodes/episode_20260722T031108_482181Z_000001/synced_data.jsonl,bottle_cap,medium,fine,03,14.981178045272827,829,1.0,1.0,1.0,1.0,ok
episode_20260722T031143_768266Z_000001,/home/ktakahashi/UMI-gripper-yue/UMI_ws/data_yue/train/bottle_cap/medium/04/episodes/episode_20260722T031143_768266Z_000001,/home/ktakahashi/UMI-gripper-yue/UMI_ws/data_yue/train/bottle_cap/medium/04/episodes/episode_20260722T031143_768266Z_000001/synced_data.jsonl,bottle_cap,medium,fine,04,14.979764938354492,836,1.0,1.0,1.0,1.0,ok
episode_20260722T031207_327308Z_000001,/home/ktakahashi/UMI-gripper-yue/UMI_ws/data_yue/train/bottle_cap/medium/05/episodes/episode_20260722T031207_327308Z_000001,/home/ktakahashi/UMI-gripper-yue/UMI_ws/data_yue/train/bottle_cap/medium/05/episodes/episode_20260722T031207_327308Z_000001/synced_data.jsonl,bottle_cap,medium,fine,05,14.997024536132812,845,1.0,1.0,1.0,1.0,ok
episode_20260722T031228_216001Z_000001,/home/ktakahashi/UMI-gripper-yue/UMI_ws/data_yue/train/bottle_cap/medium/06/episodes/episode_20260722T031228_216001Z_000001,/home/ktakahashi/UMI-gripper-yue/UMI_ws/data_yue/train/bottle_cap/medium/06/episodes/episode_20260722T031228_216001Z_000001/synced_data.jsonl,bottle_cap,medium,fine,06,14.741321563720703,817,1.0,1.0,1.0,1.0,ok
episode_20260722T031248_936032Z_000001,/home/ktakahashi/UMI-gripper-yue/UMI_ws/data_yue/train/bottle_cap/medium/07/episodes/episode_20260722T031248_936032Z_000001,/home/ktakahashi/UMI-gripper-yue/UMI_ws/data_yue/train/bottle_cap/medium/07/episodes/episode_20260722T031248_936032Z_000001/synced_data.jsonl,bottle_cap,medium,fine,07,14.979555606842041,833,1.0,1.0,1.0,1.0,ok
episode_20260722T031321_173101Z_000001,/home/ktakahashi/UMI-gripper-yue/UMI_ws/data_yue/train/bottle_cap/medium/08/episodes/episode_20260722T031321_173101Z_000001,/home/ktakahashi/UMI-gripper-yue/UMI_ws/data_yue/train/bottle_cap/medium/08/episodes/episode_20260722T031321_173101Z_000001/synced_data.jsonl,bottle_cap,medium,fine,08,14.788996934890747,725,1.0,1.0,1.0,1.0,ok
episode_20260722T031347_961981Z_000001,/home/ktakahashi/UMI-gripper-yue/UMI_ws/data_yue/train/bottle_cap/medium/09/episodes/episode_20260722T031347_961981Z_000001,/home/ktakahashi/UMI-gripper-yue/UMI_ws/data_yue/train/bottle_cap/medium/09/episodes/episode_20260722T031347_961981Z_000001/synced_data.jsonl,bottle_cap,medium,fine,09,14.981384515762329,823,1.0,1.0,1.0,1.0,ok
episode_20260722T031449_446187Z_000001,/home/ktakahashi/UMI-gripper-yue/UMI_ws/data_yue/train/bottle_cap/medium/10/episodes/episode_20260722T031449_446187Z_000001,/home/ktakahashi/UMI-gripper-yue/UMI_ws/data_yue/train/bottle_cap/medium/10/episodes/episode_20260722T031449_446187Z_000001/synced_data.jsonl,bottle_cap,medium,fine,10,14.963895559310913,832,1.0,1.0,1.0,1.0,ok
episode_20260722T031509_345207Z_000001,/home/ktakahashi/UMI-gripper-yue/UMI_ws/data_yue/train/bottle_cap/medium/11/episodes/episode_20260722T031509_345207Z_000001,/home/ktakahashi/UMI-gripper-yue/UMI_ws/data_yue/train/bottle_cap/medium/11/episodes/episode_20260722T031509_345207Z_000001/synced_data.jsonl,bottle_cap,medium,fine,11,14.771082878112793,823,1.0,1.0,1.0,1.0,ok
episode_20260722T031528_896629Z_000001,/home/ktakahashi/UMI-gripper-yue/UMI_ws/data_yue/train/bottle_cap/medium/12/episodes/episode_20260722T031528_896629Z_000001,/home/ktakahashi/UMI-gripper-yue/UMI_ws/data_yue/train/bottle_cap/medium/12/episodes/episode_20260722T031528_896629Z_000001/synced_data.jsonl,bottle_cap,medium,fine,12,14.96712851524353,909,1.0,1.0,1.0,1.0,ok
episode_20260722T031601_626058Z_000001,/home/ktakahashi/UMI-gripper-yue/UMI_ws/data_yue/train/bottle_cap/medium/13/episodes/episode_20260722T031601_626058Z_000001,/home/ktakahashi/UMI-gripper-yue/UMI_ws/data_yue/train/bottle_cap/medium/13/episodes/episode_20260722T031601_626058Z_000001/synced_data.jsonl,bottle_cap,medium,fine,13,14.965477466583252,958,1.0,1.0,1.0,1.0,ok
episode_20260722T031622_563188Z_000001,/home/ktakahashi/UMI-gripper-yue/UMI_ws/data_yue/train/bottle_cap/medium/14/episodes/episode_20260722T031622_563188Z_000001,/home/ktakahashi/UMI-gripper-yue/UMI_ws/data_yue/train/bottle_cap/medium/14/episodes/episode_20260722T031622_563188Z_000001/synced_data.jsonl,bottle_cap,medium,fine,14,12.596195936203003,518,1.0,1.0,1.0,1.0,ok
episode_20260722T031643_161994Z_000001,/home/ktakahashi/UMI-gripper-yue/UMI_ws/data_yue/train/bottle_cap/medium/15/episodes/episode_20260722T031643_161994Z_000001,/home/ktakahashi/UMI-gripper-yue/UMI_ws/data_yue/train/bottle_cap/medium/15/episodes/episode_20260722T031643_161994Z_000001/synced_data.jsonl,bottle_cap,medium,fine,15,14.438864469528198,894,1.0,1.0,1.0,1.0,ok
episode_20260722T031804_921484Z_000001,/home/ktakahashi/UMI-gripper-yue/UMI_ws/data_yue/train/bottle_cap/medium/16/episodes/episode_20260722T031804_921484Z_000001,/home/ktakahashi/UMI-gripper-yue/UMI_ws/data_yue/train/bottle_cap/medium/16/episodes/episode_20260722T031804_921484Z_000001/synced_data.jsonl,bottle_cap,medium,fine,16,13.475919485092163,750,1.0,1.0,1.0,1.0,ok
episode_20260722T031828_818461Z_000001,/home/ktakahashi/UMI-gripper-yue/UMI_ws/data_yue/train/bottle_cap/medium/17/episodes/episode_20260722T031828_818461Z_000001,/home/ktakahashi/UMI-gripper-yue/UMI_ws/data_yue/train/bottle_cap/medium/17/episodes/episode_20260722T031828_818461Z_000001/synced_data.jsonl,bottle_cap,medium,fine,17,14.9824378490448,902,1.0,1.0,1.0,1.0,ok
episode_20260722T031851_137026Z_000001,/home/ktakahashi/UMI-gripper-yue/UMI_ws/data_yue/train/bottle_cap/medium/18/episodes/episode_20260722T031851_137026Z_000001,/home/ktakahashi/UMI-gripper-yue/UMI_ws/data_yue/train/bottle_cap/medium/18/episodes/episode_20260722T031851_137026Z_000001/synced_data.jsonl,bottle_cap,medium,fine,18,14.932560920715332,948,1.0,1.0,1.0,1.0,ok
episode_20260722T031911_876231Z_000001,/home/ktakahashi/UMI-gripper-yue/UMI_ws/data_yue/train/bottle_cap/medium/19/episodes/episode_20260722T031911_876231Z_000001,/home/ktakahashi/UMI-gripper-yue/UMI_ws/data_yue/train/bottle_cap/medium/19/episodes/episode_20260722T031911_876231Z_000001/synced_data.jsonl,bottle_cap,medium,fine,19,14.963507413864136,937,1.0,1.0,1.0,1.0,ok
episode_20260722T032039_006261Z_000001,/home/ktakahashi/UMI-gripper-yue/UMI_ws/data_yue/train/bottle_cap/medium/20/episodes/episode_20260722T032039_006261Z_000001,/home/ktakahashi/UMI-gripper-yue/UMI_ws/data_yue/train/bottle_cap/medium/20/episodes/episode_20260722T032039_006261Z_000001/synced_data.jsonl,bottle_cap,medium,fine,20,14.933397054672241,897,1.0,1.0,1.0,1.0,ok
episode_20260723T031517_417511Z_000001,/home/ktakahashi/UMI-gripper-yue/UMI_ws/data_yue/train/chips_can/high/01/episodes/episode_20260723T031517_417511Z_000001,/home/ktakahashi/UMI-gripper-yue/UMI_ws/data_yue/train/chips_can/high/01/episodes/episode_20260723T031517_417511Z_000001/synced_data.jsonl,chips_can,high,too_high,01,14.962913274765015,905,1.0,1.0,1.0,1.0,ok
episode_20260723T031551_832093Z_000001,/home/ktakahashi/UMI-gripper-yue/UMI_ws/data_yue/train/chips_can/high/02/episodes/episode_20260723T031551_832093Z_000001,/home/ktakahashi/UMI-gripper-yue/UMI_ws/data_yue/train/chips_can/high/02/episodes/episode_20260723T031551_832093Z_000001/synced_data.jsonl,chips_can,high,too_high,02,13.060438632965088,766,1.0,1.0,1.0,1.0,ok
episode_20260723T031611_510487Z_000001,/home/ktakahashi/UMI-gripper-yue/UMI_ws/data_yue/train/chips_can/high/03/episodes/episode_20260723T031611_510487Z_000001,/home/ktakahashi/UMI-gripper-yue/UMI_ws/data_yue/train/chips_can/high/03/episodes/episode_20260723T031611_510487Z_000001/synced_data.jsonl,chips_can,high,too_high,03,14.967922925949097,849,1.0,1.0,1.0,1.0,ok
episode_20260723T031631_651863Z_000001,/home/ktakahashi/UMI-gripper-yue/UMI_ws/data_yue/train/chips_can/high/04/episodes/episode_20260723T031631_651863Z_000001,/home/ktakahashi/UMI-gripper-yue/UMI_ws/data_yue/train/chips_can/high/04/episodes/episode_20260723T031631_651863Z_000001/synced_data.jsonl,chips_can,high,too_high,04,14.964030027389526,891,1.0,1.0,1.0,1.0,ok
episode_20260723T031651_834986Z_000001,/home/ktakahashi/UMI-gripper-yue/UMI_ws/data_yue/train/chips_can/high/05/episodes/episode_20260723T031651_834986Z_000001,/home/ktakahashi/UMI-gripper-yue/UMI_ws/data_yue/train/chips_can/high/05/episodes/episode_20260723T031651_834986Z_000001/synced_data.jsonl,chips_can,high,too_high,05,14.949563980102539,842,1.0,1.0,1.0,1.0,ok
episode_20260723T031737_485022Z_000001,/home/ktakahashi/UMI-gripper-yue/UMI_ws/data_yue/train/chips_can/high/06/episodes/episode_20260723T031737_485022Z_000001,/home/ktakahashi/UMI-gripper-yue/UMI_ws/data_yue/train/chips_can/high/06/episodes/episode_20260723T031737_485022Z_000001/synced_data.jsonl,chips_can,high,too_high,06,14.997710704803467,887,1.0,1.0,1.0,1.0,ok
episode_20260723T031757_843442Z_000001,/home/ktakahashi/UMI-gripper-yue/UMI_ws/data_yue/train/chips_can/high/07/episodes/episode_20260723T031757_843442Z_000001,/home/ktakahashi/UMI-gripper-yue/UMI_ws/data_yue/train/chips_can/high/07/episodes/episode_20260723T031757_843442Z_000001/synced_data.jsonl,chips_can,high,too_high,07,14.951964855194092,778,1.0,1.0,1.0,1.0,ok
episode_20260723T031914_605482Z_000001,/home/ktakahashi/UMI-gripper-yue/UMI_ws/data_yue/train/chips_can/high/08/episodes/episode_20260723T031914_605482Z_000001,/home/ktakahashi/UMI-gripper-yue/UMI_ws/data_yue/train/chips_can/high/08/episodes/episode_20260723T031914_605482Z_000001/synced_data.jsonl,chips_can,high,too_high,08,14.967109680175781,751,1.0,1.0,1.0,1.0,ok
episode_20260723T031936_151303Z_000001,/home/ktakahashi/UMI-gripper-yue/UMI_ws/data_yue/train/chips_can/high/09/episodes/episode_20260723T031936_151303Z_000001,/home/ktakahashi/UMI-gripper-yue/UMI_ws/data_yue/train/chips_can/high/09/episodes/episode_20260723T031936_151303Z_000001/synced_data.jsonl,chips_can,high,too_high,09,14.9191734790802,827,1.0,1.0,1.0,1.0,ok
episode_20260723T031959_027124Z_000001,/home/ktakahashi/UMI-gripper-yue/UMI_ws/data_yue/train/chips_can/high/10/episodes/episode_20260723T031959_027124Z_000001,/home/ktakahashi/UMI-gripper-yue/UMI_ws/data_yue/train/chips_can/high/10/episodes/episode_20260723T031959_027124Z_000001/synced_data.jsonl,chips_can,high,too_high,10,14.934288501739502,839,1.0,1.0,1.0,1.0,ok
episode_20260723T032027_160817Z_000001,/home/ktakahashi/UMI-gripper-yue/UMI_ws/data_yue/train/chips_can/high/11/episodes/episode_20260723T032027_160817Z_000001,/home/ktakahashi/UMI-gripper-yue/UMI_ws/data_yue/train/chips_can/high/11/episodes/episode_20260723T032027_160817Z_000001/synced_data.jsonl,chips_can,high,too_high,11,14.211561918258667,722,1.0,1.0,1.0,1.0,ok
episode_20260723T032048_296724Z_000001,/home/ktakahashi/UMI-gripper-yue/UMI_ws/data_yue/train/chips_can/high/12/episodes/episode_20260723T032048_296724Z_000001,/home/ktakahashi/UMI-gripper-yue/UMI_ws/data_yue/train/chips_can/high/12/episodes/episode_20260723T032048_296724Z_000001/synced_data.jsonl,chips_can,high,too_high,12,14.932274580001831,903,1.0,1.0,1.0,1.0,ok
episode_20260723T032110_209071Z_000001,/home/ktakahashi/UMI-gripper-yue/UMI_ws/data_yue/train/chips_can/high/13/episodes/episode_20260723T032110_209071Z_000001,/home/ktakahashi/UMI-gripper-yue/UMI_ws/data_yue/train/chips_can/high/13/episodes/episode_20260723T032110_209071Z_000001/synced_data.jsonl,chips_can,high,too_high,13,14.949161052703857,664,1.0,1.0,1.0,1.0,ok
episode_20260723T032130_319549Z_000001,/home/ktakahashi/UMI-gripper-yue/UMI_ws/data_yue/train/chips_can/high/14/episodes/episode_20260723T032130_319549Z_000001,/home/ktakahashi/UMI-gripper-yue/UMI_ws/data_yue/train/chips_can/high/14/episodes/episode_20260723T032130_319549Z_000001/synced_data.jsonl,chips_can,high,too_high,14,14.918553590774536,946,1.0,1.0,1.0,1.0,ok
episode_20260723T032152_416327Z_000001,/home/ktakahashi/UMI-gripper-yue/UMI_ws/data_yue/train/chips_can/high/15/episodes/episode_20260723T032152_416327Z_000001,/home/ktakahashi/UMI-gripper-yue/UMI_ws/data_yue/train/chips_can/high/15/episodes/episode_20260723T032152_416327Z_000001/synced_data.jsonl,chips_can,high,too_high,15,14.981625080108643,843,1.0,1.0,1.0,1.0,ok
episode_20260723T032214_798070Z_000001,/home/ktakahashi/UMI-gripper-yue/UMI_ws/data_yue/train/chips_can/high/16/episodes/episode_20260723T032214_798070Z_000001,/home/ktakahashi/UMI-gripper-yue/UMI_ws/data_yue/train/chips_can/high/16/episodes/episode_20260723T032214_798070Z_000001/synced_data.jsonl,chips_can,high,too_high,16,14.964808702468872,788,1.0,1.0,1.0,1.0,ok
episode_20260723T032236_071945Z_000001,/home/ktakahashi/UMI-gripper-yue/UMI_ws/data_yue/train/chips_can/high/17/episodes/episode_20260723T032236_071945Z_000001,/home/ktakahashi/UMI-gripper-yue/UMI_ws/data_yue/train/chips_can/high/17/episodes/episode_20260723T032236_071945Z_000001/synced_data.jsonl,chips_can,high,too_high,17,14.916148900985718,888,1.0,1.0,1.0,1.0,ok
episode_20260723T032256_670794Z_000001,/home/ktakahashi/UMI-gripper-yue/UMI_ws/data_yue/train/chips_can/high/18/episodes/episode_20260723T032256_670794Z_000001,/home/ktakahashi/UMI-gripper-yue/UMI_ws/data_yue/train/chips_can/high/18/episodes/episode_20260723T032256_670794Z_000001/synced_data.jsonl,chips_can,high,too_high,18,14.982306718826294,936,1.0,1.0,1.0,1.0,ok
episode_20260723T032654_022196Z_000001,/home/ktakahashi/UMI-gripper-yue/UMI_ws/data_yue/train/chips_can/high/19/episodes/episode_20260723T032654_022196Z_000001,/home/ktakahashi/UMI-gripper-yue/UMI_ws/data_yue/train/chips_can/high/19/episodes/episode_20260723T032654_022196Z_000001/synced_data.jsonl,chips_can,high,too_high,19,12.229092836380005,682,1.0,1.0,1.0,1.0,ok
episode_20260723T032432_436857Z_000001,/home/ktakahashi/UMI-gripper-yue/UMI_ws/data_yue/train/chips_can/high/20/episodes/episode_20260723T032432_436857Z_000001,/home/ktakahashi/UMI-gripper-yue/UMI_ws/data_yue/train/chips_can/high/20/episodes/episode_20260723T032432_436857Z_000001/synced_data.jsonl,chips_can,high,too_high,20,14.933720350265503,700,1.0,1.0,1.0,1.0,ok
episode_20260723T030336_921748Z_000001,/home/ktakahashi/UMI-gripper-yue/UMI_ws/data_yue/train/chips_can/low/01/episodes/episode_20260723T030336_921748Z_000001,/home/ktakahashi/UMI-gripper-yue/UMI_ws/data_yue/train/chips_can/low/01/episodes/episode_20260723T030336_921748Z_000001/synced_data.jsonl,chips_can,low,too_low,01,14.966581344604492,752,1.0,1.0,1.0,1.0,ok
episode_20260723T030400_410319Z_000001,/home/ktakahashi/UMI-gripper-yue/UMI_ws/data_yue/train/chips_can/low/02/episodes/episode_20260723T030400_410319Z_000001,/home/ktakahashi/UMI-gripper-yue/UMI_ws/data_yue/train/chips_can/low/02/episodes/episode_20260723T030400_410319Z_000001/synced_data.jsonl,chips_can,low,too_low,02,14.96519160270691,818,1.0,1.0,1.0,1.0,ok
episode_20260723T030445_309160Z_000001,/home/ktakahashi/UMI-gripper-yue/UMI_ws/data_yue/train/chips_can/low/03/episodes/episode_20260723T030445_309160Z_000001,/home/ktakahashi/UMI-gripper-yue/UMI_ws/data_yue/train/chips_can/low/03/episodes/episode_20260723T030445_309160Z_000001/synced_data.jsonl,chips_can,low,too_low,03,14.966261386871338,740,1.0,1.0,1.0,1.0,ok
episode_20260723T030508_017730Z_000001,/home/ktakahashi/UMI-gripper-yue/UMI_ws/data_yue/train/chips_can/low/04/episodes/episode_20260723T030508_017730Z_000001,/home/ktakahashi/UMI-gripper-yue/UMI_ws/data_yue/train/chips_can/low/04/episodes/episode_20260723T030508_017730Z_000001/synced_data.jsonl,chips_can,low,too_low,04,14.918075561523438,834,1.0,1.0,1.0,1.0,ok
episode_20260723T030533_278884Z_000001,/home/ktakahashi/UMI-gripper-yue/UMI_ws/data_yue/train/chips_can/low/05/episodes/episode_20260723T030533_278884Z_000001,/home/ktakahashi/UMI-gripper-yue/UMI_ws/data_yue/train/chips_can/low/05/episodes/episode_20260723T030533_278884Z_000001/synced_data.jsonl,chips_can,low,too_low,05,14.934024810791016,877,1.0,1.0,1.0,1.0,ok
episode_20260723T030556_524475Z_000001,/home/ktakahashi/UMI-gripper-yue/UMI_ws/data_yue/train/chips_can/low/06/episodes/episode_20260723T030556_524475Z_000001,/home/ktakahashi/UMI-gripper-yue/UMI_ws/data_yue/train/chips_can/low/06/episodes/episode_20260723T030556_524475Z_000001/synced_data.jsonl,chips_can,low,too_low,06,14.97966194152832,856,1.0,1.0,1.0,1.0,ok
episode_20260723T030634_169832Z_000001,/home/ktakahashi/UMI-gripper-yue/UMI_ws/data_yue/train/chips_can/low/07/episodes/episode_20260723T030634_169832Z_000001,/home/ktakahashi/UMI-gripper-yue/UMI_ws/data_yue/train/chips_can/low/07/episodes/episode_20260723T030634_169832Z_000001/synced_data.jsonl,chips_can,low,too_low,07,14.886373519897461,705,1.0,1.0,1.0,1.0,ok
episode_20260723T030657_845033Z_000001,/home/ktakahashi/UMI-gripper-yue/UMI_ws/data_yue/train/chips_can/low/08/episodes/episode_20260723T030657_845033Z_000001,/home/ktakahashi/UMI-gripper-yue/UMI_ws/data_yue/train/chips_can/low/08/episodes/episode_20260723T030657_845033Z_000001/synced_data.jsonl,chips_can,low,too_low,08,14.964011430740356,936,1.0,1.0,1.0,1.0,ok
episode_20260723T030719_313840Z_000001,/home/ktakahashi/UMI-gripper-yue/UMI_ws/data_yue/train/chips_can/low/09/episodes/episode_20260723T030719_313840Z_000001,/home/ktakahashi/UMI-gripper-yue/UMI_ws/data_yue/train/chips_can/low/09/episodes/episode_20260723T030719_313840Z_000001/synced_data.jsonl,chips_can,low,too_low,09,14.949661016464233,819,1.0,1.0,1.0,1.0,ok
episode_20260723T030754_098532Z_000001,/home/ktakahashi/UMI-gripper-yue/UMI_ws/data_yue/train/chips_can/low/10/episodes/episode_20260723T030754_098532Z_000001,/home/ktakahashi/UMI-gripper-yue/UMI_ws/data_yue/train/chips_can/low/10/episodes/episode_20260723T030754_098532Z_000001/synced_data.jsonl,chips_can,low,too_low,10,14.966565608978271,757,1.0,1.0,1.0,1.0,ok
episode_20260723T030816_477088Z_000001,/home/ktakahashi/UMI-gripper-yue/UMI_ws/data_yue/train/chips_can/low/11/episodes/episode_20260723T030816_477088Z_000001,/home/ktakahashi/UMI-gripper-yue/UMI_ws/data_yue/train/chips_can/low/11/episodes/episode_20260723T030816_477088Z_000001/synced_data.jsonl,chips_can,low,too_low,11,14.980018377304077,747,1.0,1.0,1.0,1.0,ok
episode_20260723T030838_952228Z_000001,/home/ktakahashi/UMI-gripper-yue/UMI_ws/data_yue/train/chips_can/low/12/episodes/episode_20260723T030838_952228Z_000001,/home/ktakahashi/UMI-gripper-yue/UMI_ws/data_yue/train/chips_can/low/12/episodes/episode_20260723T030838_952228Z_000001/synced_data.jsonl,chips_can,low,too_low,12,14.950714588165283,792,1.0,1.0,1.0,1.0,ok
episode_20260723T031011_210207Z_000001,/home/ktakahashi/UMI-gripper-yue/UMI_ws/data_yue/train/chips_can/low/13/episodes/episode_20260723T031011_210207Z_000001,/home/ktakahashi/UMI-gripper-yue/UMI_ws/data_yue/train/chips_can/low/13/episodes/episode_20260723T031011_210207Z_000001/synced_data.jsonl,chips_can,low,too_low,13,14.949673414230347,778,1.0,1.0,1.0,1.0,ok
episode_20260723T031030_348365Z_000001,/home/ktakahashi/UMI-gripper-yue/UMI_ws/data_yue/train/chips_can/low/14/episodes/episode_20260723T031030_348365Z_000001,/home/ktakahashi/UMI-gripper-yue/UMI_ws/data_yue/train/chips_can/low/14/episodes/episode_20260723T031030_348365Z_000001/synced_data.jsonl,chips_can,low,too_low,14,14.838836908340454,528,1.0,1.0,1.0,1.0,ok
episode_20260723T031051_323474Z_000001,/home/ktakahashi/UMI-gripper-yue/UMI_ws/data_yue/train/chips_can/low/15/episodes/episode_20260723T031051_323474Z_000001,/home/ktakahashi/UMI-gripper-yue/UMI_ws/data_yue/train/chips_can/low/15/episodes/episode_20260723T031051_323474Z_000001/synced_data.jsonl,chips_can,low,too_low,15,14.98205304145813,918,1.0,1.0,1.0,1.0,ok
episode_20260723T031112_904909Z_000001,/home/ktakahashi/UMI-gripper-yue/UMI_ws/data_yue/train/chips_can/low/16/episodes/episode_20260723T031112_904909Z_000001,/home/ktakahashi/UMI-gripper-yue/UMI_ws/data_yue/train/chips_can/low/16/episodes/episode_20260723T031112_904909Z_000001/synced_data.jsonl,chips_can,low,too_low,16,14.982553958892822,850,1.0,1.0,1.0,1.0,ok
episode_20260723T031132_554096Z_000001,/home/ktakahashi/UMI-gripper-yue/UMI_ws/data_yue/train/chips_can/low/17/episodes/episode_20260723T031132_554096Z_000001,/home/ktakahashi/UMI-gripper-yue/UMI_ws/data_yue/train/chips_can/low/17/episodes/episode_20260723T031132_554096Z_000001/synced_data.jsonl,chips_can,low,too_low,17,14.98267412185669,813,1.0,1.0,1.0,1.0,ok
episode_20260723T031152_797993Z_000001,/home/ktakahashi/UMI-gripper-yue/UMI_ws/data_yue/train/chips_can/low/18/episodes/episode_20260723T031152_797993Z_000001,/home/ktakahashi/UMI-gripper-yue/UMI_ws/data_yue/train/chips_can/low/18/episodes/episode_20260723T031152_797993Z_000001/synced_data.jsonl,chips_can,low,too_low,18,13.443767309188843,849,1.0,1.0,1.0,1.0,ok
episode_20260723T031250_995081Z_000001,/home/ktakahashi/UMI-gripper-yue/UMI_ws/data_yue/train/chips_can/low/19/episodes/episode_20260723T031250_995081Z_000001,/home/ktakahashi/UMI-gripper-yue/UMI_ws/data_yue/train/chips_can/low/19/episodes/episode_20260723T031250_995081Z_000001/synced_data.jsonl,chips_can,low,too_low,19,10.709365844726562,600,1.0,1.0,1.0,1.0,ok
episode_20260723T031311_741388Z_000001,/home/ktakahashi/UMI-gripper-yue/UMI_ws/data_yue/train/chips_can/low/20/episodes/episode_20260723T031311_741388Z_000001,/home/ktakahashi/UMI-gripper-yue/UMI_ws/data_yue/train/chips_can/low/20/episodes/episode_20260723T031311_741388Z_000001/synced_data.jsonl,chips_can,low,too_low,20,13.443645238876343,675,1.0,1.0,1.0,1.0,ok
episode_20260723T025323_239349Z_000001,/home/ktakahashi/UMI-gripper-yue/UMI_ws/data_yue/train/chips_can/medium/01/episodes/episode_20260723T025323_239349Z_000001,/home/ktakahashi/UMI-gripper-yue/UMI_ws/data_yue/train/chips_can/medium/01/episodes/episode_20260723T025323_239349Z_000001/synced_data.jsonl,chips_can,medium,fine,01,14.983232736587524,890,1.0,1.0,1.0,1.0,ok
episode_20260723T025346_329635Z_000001,/home/ktakahashi/UMI-gripper-yue/UMI_ws/data_yue/train/chips_can/medium/02/episodes/episode_20260723T025346_329635Z_000001,/home/ktakahashi/UMI-gripper-yue/UMI_ws/data_yue/train/chips_can/medium/02/episodes/episode_20260723T025346_329635Z_000001/synced_data.jsonl,chips_can,medium,fine,02,14.965951919555664,910,1.0,1.0,1.0,1.0,ok
episode_20260723T025426_194630Z_000001,/home/ktakahashi/UMI-gripper-yue/UMI_ws/data_yue/train/chips_can/medium/03/episodes/episode_20260723T025426_194630Z_000001,/home/ktakahashi/UMI-gripper-yue/UMI_ws/data_yue/train/chips_can/medium/03/episodes/episode_20260723T025426_194630Z_000001/synced_data.jsonl,chips_can,medium,fine,03,14.902510166168213,755,1.0,1.0,1.0,1.0,ok
episode_20260723T025447_213575Z_000001,/home/ktakahashi/UMI-gripper-yue/UMI_ws/data_yue/train/chips_can/medium/04/episodes/episode_20260723T025447_213575Z_000001,/home/ktakahashi/UMI-gripper-yue/UMI_ws/data_yue/train/chips_can/medium/04/episodes/episode_20260723T025447_213575Z_000001/synced_data.jsonl,chips_can,medium,fine,04,13.398175239562988,843,1.0,1.0,1.0,1.0,ok
episode_20260723T025507_030863Z_000001,/home/ktakahashi/UMI-gripper-yue/UMI_ws/data_yue/train/chips_can/medium/05/episodes/episode_20260723T025507_030863Z_000001,/home/ktakahashi/UMI-gripper-yue/UMI_ws/data_yue/train/chips_can/medium/05/episodes/episode_20260723T025507_030863Z_000001/synced_data.jsonl,chips_can,medium,fine,05,14.969146966934204,613,1.0,1.0,1.0,1.0,ok
episode_20260723T025529_348020Z_000001,/home/ktakahashi/UMI-gripper-yue/UMI_ws/data_yue/train/chips_can/medium/06/episodes/episode_20260723T025529_348020Z_000001,/home/ktakahashi/UMI-gripper-yue/UMI_ws/data_yue/train/chips_can/medium/06/episodes/episode_20260723T025529_348020Z_000001/synced_data.jsonl,chips_can,medium,fine,06,14.902681589126587,710,1.0,1.0,1.0,1.0,ok
episode_20260723T025548_614094Z_000001,/home/ktakahashi/UMI-gripper-yue/UMI_ws/data_yue/train/chips_can/medium/07/episodes/episode_20260723T025548_614094Z_000001,/home/ktakahashi/UMI-gripper-yue/UMI_ws/data_yue/train/chips_can/medium/07/episodes/episode_20260723T025548_614094Z_000001/synced_data.jsonl,chips_can,medium,fine,07,14.947726964950562,559,1.0,1.0,1.0,1.0,ok
episode_20260723T025608_676203Z_000001,/home/ktakahashi/UMI-gripper-yue/UMI_ws/data_yue/train/chips_can/medium/08/episodes/episode_20260723T025608_676203Z_000001,/home/ktakahashi/UMI-gripper-yue/UMI_ws/data_yue/train/chips_can/medium/08/episodes/episode_20260723T025608_676203Z_000001/synced_data.jsonl,chips_can,medium,fine,08,14.94739317893982,861,1.0,1.0,1.0,1.0,ok
episode_20260723T025652_142186Z_000001,/home/ktakahashi/UMI-gripper-yue/UMI_ws/data_yue/train/chips_can/medium/09/episodes/episode_20260723T025652_142186Z_000001,/home/ktakahashi/UMI-gripper-yue/UMI_ws/data_yue/train/chips_can/medium/09/episodes/episode_20260723T025652_142186Z_000001/synced_data.jsonl,chips_can,medium,fine,09,14.965749502182007,819,1.0,1.0,1.0,1.0,ok
episode_20260723T025713_552925Z_000001,/home/ktakahashi/UMI-gripper-yue/UMI_ws/data_yue/train/chips_can/medium/10/episodes/episode_20260723T025713_552925Z_000001,/home/ktakahashi/UMI-gripper-yue/UMI_ws/data_yue/train/chips_can/medium/10/episodes/episode_20260723T025713_552925Z_000001/synced_data.jsonl,chips_can,medium,fine,10,14.981680393218994,759,1.0,1.0,1.0,1.0,ok
episode_20260723T025736_059192Z_000001,/home/ktakahashi/UMI-gripper-yue/UMI_ws/data_yue/train/chips_can/medium/11/episodes/episode_20260723T025736_059192Z_000001,/home/ktakahashi/UMI-gripper-yue/UMI_ws/data_yue/train/chips_can/medium/11/episodes/episode_20260723T025736_059192Z_000001/synced_data.jsonl,chips_can,medium,fine,11,14.885297536849976,818,1.0,1.0,1.0,1.0,ok
episode_20260723T025755_938009Z_000001,/home/ktakahashi/UMI-gripper-yue/UMI_ws/data_yue/train/chips_can/medium/12/episodes/episode_20260723T025755_938009Z_000001,/home/ktakahashi/UMI-gripper-yue/UMI_ws/data_yue/train/chips_can/medium/12/episodes/episode_20260723T025755_938009Z_000001/synced_data.jsonl,chips_can,medium,fine,12,14.964951515197754,902,1.0,1.0,1.0,1.0,ok
episode_20260723T025823_086190Z_000001,/home/ktakahashi/UMI-gripper-yue/UMI_ws/data_yue/train/chips_can/medium/13/episodes/episode_20260723T025823_086190Z_000001,/home/ktakahashi/UMI-gripper-yue/UMI_ws/data_yue/train/chips_can/medium/13/episodes/episode_20260723T025823_086190Z_000001/synced_data.jsonl,chips_can,medium,fine,13,14.964895248413086,737,1.0,1.0,1.0,1.0,ok
episode_20260723T025956_994693Z_000001,/home/ktakahashi/UMI-gripper-yue/UMI_ws/data_yue/train/chips_can/medium/14/episodes/episode_20260723T025956_994693Z_000001,/home/ktakahashi/UMI-gripper-yue/UMI_ws/data_yue/train/chips_can/medium/14/episodes/episode_20260723T025956_994693Z_000001/synced_data.jsonl,chips_can,medium,fine,14,14.979285717010498,831,1.0,1.0,1.0,1.0,ok
episode_20260723T030019_247621Z_000001,/home/ktakahashi/UMI-gripper-yue/UMI_ws/data_yue/train/chips_can/medium/15/episodes/episode_20260723T030019_247621Z_000001,/home/ktakahashi/UMI-gripper-yue/UMI_ws/data_yue/train/chips_can/medium/15/episodes/episode_20260723T030019_247621Z_000001/synced_data.jsonl,chips_can,medium,fine,15,14.965876579284668,960,1.0,1.0,1.0,1.0,ok
episode_20260723T030040_122175Z_000001,/home/ktakahashi/UMI-gripper-yue/UMI_ws/data_yue/train/chips_can/medium/16/episodes/episode_20260723T030040_122175Z_000001,/home/ktakahashi/UMI-gripper-yue/UMI_ws/data_yue/train/chips_can/medium/16/episodes/episode_20260723T030040_122175Z_000001/synced_data.jsonl,chips_can,medium,fine,16,14.677186250686646,804,1.0,1.0,1.0,1.0,ok
episode_20260723T030102_104607Z_000001,/home/ktakahashi/UMI-gripper-yue/UMI_ws/data_yue/train/chips_can/medium/17/episodes/episode_20260723T030102_104607Z_000001,/home/ktakahashi/UMI-gripper-yue/UMI_ws/data_yue/train/chips_can/medium/17/episodes/episode_20260723T030102_104607Z_000001/synced_data.jsonl,chips_can,medium,fine,17,14.933508396148682,798,1.0,1.0,1.0,1.0,ok
episode_20260723T030121_288768Z_000001,/home/ktakahashi/UMI-gripper-yue/UMI_ws/data_yue/train/chips_can/medium/18/episodes/episode_20260723T030121_288768Z_000001,/home/ktakahashi/UMI-gripper-yue/UMI_ws/data_yue/train/chips_can/medium/18/episodes/episode_20260723T030121_288768Z_000001/synced_data.jsonl,chips_can,medium,fine,18,14.91734266281128,935,1.0,1.0,1.0,1.0,ok
episode_20260723T030141_187478Z_000001,/home/ktakahashi/UMI-gripper-yue/UMI_ws/data_yue/train/chips_can/medium/19/episodes/episode_20260723T030141_187478Z_000001,/home/ktakahashi/UMI-gripper-yue/UMI_ws/data_yue/train/chips_can/medium/19/episodes/episode_20260723T030141_187478Z_000001/synced_data.jsonl,chips_can,medium,fine,19,13.460189819335938,729,1.0,1.0,1.0,1.0,ok
episode_20260723T030202_038338Z_000001,/home/ktakahashi/UMI-gripper-yue/UMI_ws/data_yue/train/chips_can/medium/20/episodes/episode_20260723T030202_038338Z_000001,/home/ktakahashi/UMI-gripper-yue/UMI_ws/data_yue/train/chips_can/medium/20/episodes/episode_20260723T030202_038338Z_000001/synced_data.jsonl,chips_can,medium,fine,20,14.885497331619263,815,1.0,1.0,1.0,1.0,ok
episode_20260722T062000_252106Z_000001,/home/ktakahashi/UMI-gripper-yue/UMI_ws/data_yue/train/foam_brick/high/01/episodes/episode_20260722T062000_252106Z_000001,/home/ktakahashi/UMI-gripper-yue/UMI_ws/data_yue/train/foam_brick/high/01/episodes/episode_20260722T062000_252106Z_000001/synced_data.jsonl,foam_brick,high,too_high,01,14.59815001487732,902,1.0,1.0,1.0,1.0,ok
episode_20260722T062053_730750Z_000001,/home/ktakahashi/UMI-gripper-yue/UMI_ws/data_yue/train/foam_brick/high/02/episodes/episode_20260722T062053_730750Z_000001,/home/ktakahashi/UMI-gripper-yue/UMI_ws/data_yue/train/foam_brick/high/02/episodes/episode_20260722T062053_730750Z_000001/synced_data.jsonl,foam_brick,high,too_high,02,14.980139255523682,862,1.0,1.0,1.0,1.0,ok
episode_20260722T062116_684729Z_000001,/home/ktakahashi/UMI-gripper-yue/UMI_ws/data_yue/train/foam_brick/high/03/episodes/episode_20260722T062116_684729Z_000001,/home/ktakahashi/UMI-gripper-yue/UMI_ws/data_yue/train/foam_brick/high/03/episodes/episode_20260722T062116_684729Z_000001/synced_data.jsonl,foam_brick,high,too_high,03,14.981633186340332,911,1.0,1.0,1.0,1.0,ok
episode_20260722T062138_074451Z_000001,/home/ktakahashi/UMI-gripper-yue/UMI_ws/data_yue/train/foam_brick/high/04/episodes/episode_20260722T062138_074451Z_000001,/home/ktakahashi/UMI-gripper-yue/UMI_ws/data_yue/train/foam_brick/high/04/episodes/episode_20260722T062138_074451Z_000001/synced_data.jsonl,foam_brick,high,too_high,04,14.981476306915283,700,1.0,1.0,1.0,1.0,ok
episode_20260722T062159_894777Z_000001,/home/ktakahashi/UMI-gripper-yue/UMI_ws/data_yue/train/foam_brick/high/05/episodes/episode_20260722T062159_894777Z_000001,/home/ktakahashi/UMI-gripper-yue/UMI_ws/data_yue/train/foam_brick/high/05/episodes/episode_20260722T062159_894777Z_000001/synced_data.jsonl,foam_brick,high,too_high,05,14.981919050216675,832,1.0,1.0,1.0,1.0,ok
episode_20260722T062223_632304Z_000001,/home/ktakahashi/UMI-gripper-yue/UMI_ws/data_yue/train/foam_brick/high/06/episodes/episode_20260722T062223_632304Z_000001,/home/ktakahashi/UMI-gripper-yue/UMI_ws/data_yue/train/foam_brick/high/06/episodes/episode_20260722T062223_632304Z_000001/synced_data.jsonl,foam_brick,high,too_high,06,14.965785264968872,895,1.0,1.0,1.0,1.0,ok
episode_20260722T062326_376977Z_000001,/home/ktakahashi/UMI-gripper-yue/UMI_ws/data_yue/train/foam_brick/high/07/episodes/episode_20260722T062326_376977Z_000001,/home/ktakahashi/UMI-gripper-yue/UMI_ws/data_yue/train/foam_brick/high/07/episodes/episode_20260722T062326_376977Z_000001/synced_data.jsonl,foam_brick,high,too_high,07,14.981467485427856,839,1.0,1.0,1.0,1.0,ok
episode_20260722T062351_996051Z_000001,/home/ktakahashi/UMI-gripper-yue/UMI_ws/data_yue/train/foam_brick/high/08/episodes/episode_20260722T062351_996051Z_000001,/home/ktakahashi/UMI-gripper-yue/UMI_ws/data_yue/train/foam_brick/high/08/episodes/episode_20260722T062351_996051Z_000001/synced_data.jsonl,foam_brick,high,too_high,08,14.981631994247437,762,1.0,1.0,1.0,1.0,ok
episode_20260722T062413_308259Z_000001,/home/ktakahashi/UMI-gripper-yue/UMI_ws/data_yue/train/foam_brick/high/09/episodes/episode_20260722T062413_308259Z_000001,/home/ktakahashi/UMI-gripper-yue/UMI_ws/data_yue/train/foam_brick/high/09/episodes/episode_20260722T062413_308259Z_000001/synced_data.jsonl,foam_brick,high,too_high,09,14.628276348114014,779,1.0,1.0,1.0,1.0,ok
episode_20260722T062436_379226Z_000001,/home/ktakahashi/UMI-gripper-yue/UMI_ws/data_yue/train/foam_brick/high/10/episodes/episode_20260722T062436_379226Z_000001,/home/ktakahashi/UMI-gripper-yue/UMI_ws/data_yue/train/foam_brick/high/10/episodes/episode_20260722T062436_379226Z_000001/synced_data.jsonl,foam_brick,high,too_high,10,14.804566621780396,793,1.0,1.0,1.0,1.0,ok
episode_20260722T062459_203563Z_000001,/home/ktakahashi/UMI-gripper-yue/UMI_ws/data_yue/train/foam_brick/high/11/episodes/episode_20260722T062459_203563Z_000001,/home/ktakahashi/UMI-gripper-yue/UMI_ws/data_yue/train/foam_brick/high/11/episodes/episode_20260722T062459_203563Z_000001/synced_data.jsonl,foam_brick,high,too_high,11,14.981769323348999,848,1.0,1.0,1.0,1.0,ok
episode_20260722T062523_857175Z_000001,/home/ktakahashi/UMI-gripper-yue/UMI_ws/data_yue/train/foam_brick/high/12/episodes/episode_20260722T062523_857175Z_000001,/home/ktakahashi/UMI-gripper-yue/UMI_ws/data_yue/train/foam_brick/high/12/episodes/episode_20260722T062523_857175Z_000001/synced_data.jsonl,foam_brick,high,too_high,12,14.997036695480347,968,1.0,1.0,1.0,1.0,ok
episode_20260722T062543_758428Z_000001,/home/ktakahashi/UMI-gripper-yue/UMI_ws/data_yue/train/foam_brick/high/13/episodes/episode_20260722T062543_758428Z_000001,/home/ktakahashi/UMI-gripper-yue/UMI_ws/data_yue/train/foam_brick/high/13/episodes/episode_20260722T062543_758428Z_000001/synced_data.jsonl,foam_brick,high,too_high,13,14.981535196304321,709,1.0,1.0,1.0,1.0,ok
episode_20260722T062603_446349Z_000001,/home/ktakahashi/UMI-gripper-yue/UMI_ws/data_yue/train/foam_brick/high/14/episodes/episode_20260722T062603_446349Z_000001,/home/ktakahashi/UMI-gripper-yue/UMI_ws/data_yue/train/foam_brick/high/14/episodes/episode_20260722T062603_446349Z_000001/synced_data.jsonl,foam_brick,high,too_high,14,14.772643804550171,869,1.0,1.0,1.0,1.0,ok
episode_20260722T062642_585740Z_000001,/home/ktakahashi/UMI-gripper-yue/UMI_ws/data_yue/train/foam_brick/high/15/episodes/episode_20260722T062642_585740Z_000001,/home/ktakahashi/UMI-gripper-yue/UMI_ws/data_yue/train/foam_brick/high/15/episodes/episode_20260722T062642_585740Z_000001/synced_data.jsonl,foam_brick,high,too_high,15,14.933450698852539,918,1.0,1.0,1.0,1.0,ok
episode_20260722T062809_880550Z_000001,/home/ktakahashi/UMI-gripper-yue/UMI_ws/data_yue/train/foam_brick/high/16/episodes/episode_20260722T062809_880550Z_000001,/home/ktakahashi/UMI-gripper-yue/UMI_ws/data_yue/train/foam_brick/high/16/episodes/episode_20260722T062809_880550Z_000001/synced_data.jsonl,foam_brick,high,too_high,16,14.965771198272705,869,1.0,1.0,1.0,1.0,ok
episode_20260722T062831_417138Z_000001,/home/ktakahashi/UMI-gripper-yue/UMI_ws/data_yue/train/foam_brick/high/17/episodes/episode_20260722T062831_417138Z_000001,/home/ktakahashi/UMI-gripper-yue/UMI_ws/data_yue/train/foam_brick/high/17/episodes/episode_20260722T062831_417138Z_000001/synced_data.jsonl,foam_brick,high,too_high,17,14.677047729492188,833,1.0,1.0,1.0,1.0,ok
episode_20260722T062851_689826Z_000001,/home/ktakahashi/UMI-gripper-yue/UMI_ws/data_yue/train/foam_brick/high/18/episodes/episode_20260722T062851_689826Z_000001,/home/ktakahashi/UMI-gripper-yue/UMI_ws/data_yue/train/foam_brick/high/18/episodes/episode_20260722T062851_689826Z_000001/synced_data.jsonl,foam_brick,high,too_high,18,13.461121559143066,754,1.0,1.0,1.0,1.0,ok
episode_20260722T062912_043495Z_000001,/home/ktakahashi/UMI-gripper-yue/UMI_ws/data_yue/train/foam_brick/high/19/episodes/episode_20260722T062912_043495Z_000001,/home/ktakahashi/UMI-gripper-yue/UMI_ws/data_yue/train/foam_brick/high/19/episodes/episode_20260722T062912_043495Z_000001/synced_data.jsonl,foam_brick,high,too_high,19,14.691141366958618,847,1.0,1.0,1.0,1.0,ok
episode_20260722T063047_297684Z_000001,/home/ktakahashi/UMI-gripper-yue/UMI_ws/data_yue/train/foam_brick/high/20/episodes/episode_20260722T063047_297684Z_000001,/home/ktakahashi/UMI-gripper-yue/UMI_ws/data_yue/train/foam_brick/high/20/episodes/episode_20260722T063047_297684Z_000001/synced_data.jsonl,foam_brick,high,too_high,20,14.983296155929565,897,1.0,1.0,1.0,1.0,ok
episode_20260722T060601_534948Z_000001,/home/ktakahashi/UMI-gripper-yue/UMI_ws/data_yue/train/foam_brick/low/01/episodes/episode_20260722T060601_534948Z_000001,/home/ktakahashi/UMI-gripper-yue/UMI_ws/data_yue/train/foam_brick/low/01/episodes/episode_20260722T060601_534948Z_000001/synced_data.jsonl,foam_brick,low,too_low,01,14.978748798370361,745,1.0,1.0,1.0,1.0,ok
episode_20260722T060622_728768Z_000001,/home/ktakahashi/UMI-gripper-yue/UMI_ws/data_yue/train/foam_brick/low/02/episodes/episode_20260722T060622_728768Z_000001,/home/ktakahashi/UMI-gripper-yue/UMI_ws/data_yue/train/foam_brick/low/02/episodes/episode_20260722T060622_728768Z_000001/synced_data.jsonl,foam_brick,low,too_low,02,14.965451002120972,769,1.0,1.0,1.0,1.0,ok
episode_20260722T060643_427171Z_000001,/home/ktakahashi/UMI-gripper-yue/UMI_ws/data_yue/train/foam_brick/low/03/episodes/episode_20260722T060643_427171Z_000001,/home/ktakahashi/UMI-gripper-yue/UMI_ws/data_yue/train/foam_brick/low/03/episodes/episode_20260722T060643_427171Z_000001/synced_data.jsonl,foam_brick,low,too_low,03,14.982273817062378,874,1.0,1.0,1.0,1.0,ok
episode_20260722T060741_069173Z_000001,/home/ktakahashi/UMI-gripper-yue/UMI_ws/data_yue/train/foam_brick/low/04/episodes/episode_20260722T060741_069173Z_000001,/home/ktakahashi/UMI-gripper-yue/UMI_ws/data_yue/train/foam_brick/low/04/episodes/episode_20260722T060741_069173Z_000001/synced_data.jsonl,foam_brick,low,too_low,04,14.99743938446045,854,1.0,1.0,1.0,1.0,ok
episode_20260722T060801_688616Z_000001,/home/ktakahashi/UMI-gripper-yue/UMI_ws/data_yue/train/foam_brick/low/05/episodes/episode_20260722T060801_688616Z_000001,/home/ktakahashi/UMI-gripper-yue/UMI_ws/data_yue/train/foam_brick/low/05/episodes/episode_20260722T060801_688616Z_000001/synced_data.jsonl,foam_brick,low,too_low,05,14.94996976852417,896,1.0,1.0,1.0,1.0,ok
episode_20260722T060822_723302Z_000001,/home/ktakahashi/UMI-gripper-yue/UMI_ws/data_yue/train/foam_brick/low/06/episodes/episode_20260722T060822_723302Z_000001,/home/ktakahashi/UMI-gripper-yue/UMI_ws/data_yue/train/foam_brick/low/06/episodes/episode_20260722T060822_723302Z_000001/synced_data.jsonl,foam_brick,low,too_low,06,14.964119672775269,622,1.0,1.0,1.0,1.0,ok
episode_20260722T060843_737772Z_000001,/home/ktakahashi/UMI-gripper-yue/UMI_ws/data_yue/train/foam_brick/low/07/episodes/episode_20260722T060843_737772Z_000001,/home/ktakahashi/UMI-gripper-yue/UMI_ws/data_yue/train/foam_brick/low/07/episodes/episode_20260722T060843_737772Z_000001/synced_data.jsonl,foam_brick,low,too_low,07,14.96382451057434,816,1.0,1.0,1.0,1.0,ok
episode_20260722T060907_412149Z_000001,/home/ktakahashi/UMI-gripper-yue/UMI_ws/data_yue/train/foam_brick/low/08/episodes/episode_20260722T060907_412149Z_000001,/home/ktakahashi/UMI-gripper-yue/UMI_ws/data_yue/train/foam_brick/low/08/episodes/episode_20260722T060907_412149Z_000001/synced_data.jsonl,foam_brick,low,too_low,08,13.027404069900513,743,1.0,1.0,1.0,1.0,ok
episode_20260722T060932_018579Z_000001,/home/ktakahashi/UMI-gripper-yue/UMI_ws/data_yue/train/foam_brick/low/09/episodes/episode_20260722T060932_018579Z_000001,/home/ktakahashi/UMI-gripper-yue/UMI_ws/data_yue/train/foam_brick/low/09/episodes/episode_20260722T060932_018579Z_000001/synced_data.jsonl,foam_brick,low,too_low,09,14.215349912643433,643,1.0,1.0,1.0,1.0,ok
episode_20260722T061031_126776Z_000001,/home/ktakahashi/UMI-gripper-yue/UMI_ws/data_yue/train/foam_brick/low/10/episodes/episode_20260722T061031_126776Z_000001,/home/ktakahashi/UMI-gripper-yue/UMI_ws/data_yue/train/foam_brick/low/10/episodes/episode_20260722T061031_126776Z_000001/synced_data.jsonl,foam_brick,low,too_low,10,14.934502601623535,965,1.0,1.0,1.0,1.0,ok
episode_20260722T061051_415970Z_000001,/home/ktakahashi/UMI-gripper-yue/UMI_ws/data_yue/train/foam_brick/low/11/episodes/episode_20260722T061051_415970Z_000001,/home/ktakahashi/UMI-gripper-yue/UMI_ws/data_yue/train/foam_brick/low/11/episodes/episode_20260722T061051_415970Z_000001/synced_data.jsonl,foam_brick,low,too_low,11,14.982639789581299,965,1.0,1.0,1.0,1.0,ok
episode_20260722T061111_915148Z_000001,/home/ktakahashi/UMI-gripper-yue/UMI_ws/data_yue/train/foam_brick/low/12/episodes/episode_20260722T061111_915148Z_000001,/home/ktakahashi/UMI-gripper-yue/UMI_ws/data_yue/train/foam_brick/low/12/episodes/episode_20260722T061111_915148Z_000001/synced_data.jsonl,foam_brick,low,too_low,12,14.661044120788574,883,1.0,1.0,1.0,1.0,ok
episode_20260722T061555_781140Z_000001,/home/ktakahashi/UMI-gripper-yue/UMI_ws/data_yue/train/foam_brick/low/13/episodes/episode_20260722T061555_781140Z_000001,/home/ktakahashi/UMI-gripper-yue/UMI_ws/data_yue/train/foam_brick/low/13/episodes/episode_20260722T061555_781140Z_000001/synced_data.jsonl,foam_brick,low,too_low,13,14.950176477432251,987,1.0,1.0,1.0,1.0,ok
episode_20260722T061615_169338Z_000001,/home/ktakahashi/UMI-gripper-yue/UMI_ws/data_yue/train/foam_brick/low/14/episodes/episode_20260722T061615_169338Z_000001,/home/ktakahashi/UMI-gripper-yue/UMI_ws/data_yue/train/foam_brick/low/14/episodes/episode_20260722T061615_169338Z_000001/synced_data.jsonl,foam_brick,low,too_low,14,14.05441927909851,511,1.0,1.0,1.0,1.0,ok
episode_20260722T061634_689577Z_000001,/home/ktakahashi/UMI-gripper-yue/UMI_ws/data_yue/train/foam_brick/low/15/episodes/episode_20260722T061634_689577Z_000001,/home/ktakahashi/UMI-gripper-yue/UMI_ws/data_yue/train/foam_brick/low/15/episodes/episode_20260722T061634_689577Z_000001/synced_data.jsonl,foam_brick,low,too_low,15,14.59940505027771,763,1.0,1.0,1.0,1.0,ok
episode_20260722T061655_001633Z_000001,/home/ktakahashi/UMI-gripper-yue/UMI_ws/data_yue/train/foam_brick/low/16/episodes/episode_20260722T061655_001633Z_000001,/home/ktakahashi/UMI-gripper-yue/UMI_ws/data_yue/train/foam_brick/low/16/episodes/episode_20260722T061655_001633Z_000001/synced_data.jsonl,foam_brick,low,too_low,16,14.98100733757019,967,1.0,1.0,1.0,1.0,ok
episode_20260722T061716_175167Z_000001,/home/ktakahashi/UMI-gripper-yue/UMI_ws/data_yue/train/foam_brick/low/17/episodes/episode_20260722T061716_175167Z_000001,/home/ktakahashi/UMI-gripper-yue/UMI_ws/data_yue/train/foam_brick/low/17/episodes/episode_20260722T061716_175167Z_000001/synced_data.jsonl,foam_brick,low,too_low,17,14.709903717041016,887,1.0,1.0,1.0,1.0,ok
episode_20260722T061816_201751Z_000001,/home/ktakahashi/UMI-gripper-yue/UMI_ws/data_yue/train/foam_brick/low/18/episodes/episode_20260722T061816_201751Z_000001,/home/ktakahashi/UMI-gripper-yue/UMI_ws/data_yue/train/foam_brick/low/18/episodes/episode_20260722T061816_201751Z_000001/synced_data.jsonl,foam_brick,low,too_low,18,14.935016393661499,813,1.0,1.0,1.0,1.0,ok
episode_20260722T061836_753713Z_000001,/home/ktakahashi/UMI-gripper-yue/UMI_ws/data_yue/train/foam_brick/low/19/episodes/episode_20260722T061836_753713Z_000001,/home/ktakahashi/UMI-gripper-yue/UMI_ws/data_yue/train/foam_brick/low/19/episodes/episode_20260722T061836_753713Z_000001/synced_data.jsonl,foam_brick,low,too_low,19,14.981290817260742,881,1.0,1.0,1.0,1.0,ok
episode_20260722T061916_454821Z_000001,/home/ktakahashi/UMI-gripper-yue/UMI_ws/data_yue/train/foam_brick/low/20/episodes/episode_20260722T061916_454821Z_000001,/home/ktakahashi/UMI-gripper-yue/UMI_ws/data_yue/train/foam_brick/low/20/episodes/episode_20260722T061916_454821Z_000001/synced_data.jsonl,foam_brick,low,too_low,20,14.981736660003662,858,1.0,1.0,1.0,1.0,ok
episode_20260722T055643_046651Z_000001,/home/ktakahashi/UMI-gripper-yue/UMI_ws/data_yue/train/foam_brick/medium/01/episodes/episode_20260722T055643_046651Z_000001,/home/ktakahashi/UMI-gripper-yue/UMI_ws/data_yue/train/foam_brick/medium/01/episodes/episode_20260722T055643_046651Z_000001/synced_data.jsonl,foam_brick,medium,fine,01,14.965628147125244,835,1.0,1.0,1.0,1.0,ok
episode_20260722T055706_854330Z_000001,/home/ktakahashi/UMI-gripper-yue/UMI_ws/data_yue/train/foam_brick/medium/02/episodes/episode_20260722T055706_854330Z_000001,/home/ktakahashi/UMI-gripper-yue/UMI_ws/data_yue/train/foam_brick/medium/02/episodes/episode_20260722T055706_854330Z_000001/synced_data.jsonl,foam_brick,medium,fine,02,14.995837211608887,846,1.0,1.0,1.0,1.0,ok
episode_20260722T055733_149236Z_000001,/home/ktakahashi/UMI-gripper-yue/UMI_ws/data_yue/train/foam_brick/medium/03/episodes/episode_20260722T055733_149236Z_000001,/home/ktakahashi/UMI-gripper-yue/UMI_ws/data_yue/train/foam_brick/medium/03/episodes/episode_20260722T055733_149236Z_000001/synced_data.jsonl,foam_brick,medium,fine,03,14.983898878097534,736,1.0,1.0,1.0,1.0,ok
episode_20260722T055754_949563Z_000001,/home/ktakahashi/UMI-gripper-yue/UMI_ws/data_yue/train/foam_brick/medium/04/episodes/episode_20260722T055754_949563Z_000001,/home/ktakahashi/UMI-gripper-yue/UMI_ws/data_yue/train/foam_brick/medium/04/episodes/episode_20260722T055754_949563Z_000001/synced_data.jsonl,foam_brick,medium,fine,04,14.051966190338135,756,1.0,1.0,1.0,1.0,ok
episode_20260722T055816_340638Z_000001,/home/ktakahashi/UMI-gripper-yue/UMI_ws/data_yue/train/foam_brick/medium/05/episodes/episode_20260722T055816_340638Z_000001,/home/ktakahashi/UMI-gripper-yue/UMI_ws/data_yue/train/foam_brick/medium/05/episodes/episode_20260722T055816_340638Z_000001/synced_data.jsonl,foam_brick,medium,fine,05,14.950177907943726,894,1.0,1.0,1.0,1.0,ok
episode_20260722T055838_123549Z_000001,/home/ktakahashi/UMI-gripper-yue/UMI_ws/data_yue/train/foam_brick/medium/06/episodes/episode_20260722T055838_123549Z_000001,/home/ktakahashi/UMI-gripper-yue/UMI_ws/data_yue/train/foam_brick/medium/06/episodes/episode_20260722T055838_123549Z_000001/synced_data.jsonl,foam_brick,medium,fine,06,14.964934825897217,774,1.0,1.0,1.0,1.0,ok
episode_20260722T055901_594609Z_000001,/home/ktakahashi/UMI-gripper-yue/UMI_ws/data_yue/train/foam_brick/medium/07/episodes/episode_20260722T055901_594609Z_000001,/home/ktakahashi/UMI-gripper-yue/UMI_ws/data_yue/train/foam_brick/medium/07/episodes/episode_20260722T055901_594609Z_000001/synced_data.jsonl,foam_brick,medium,fine,07,12.854538917541504,694,1.0,1.0,1.0,1.0,ok
episode_20260722T055923_291538Z_000001,/home/ktakahashi/UMI-gripper-yue/UMI_ws/data_yue/train/foam_brick/medium/08/episodes/episode_20260722T055923_291538Z_000001,/home/ktakahashi/UMI-gripper-yue/UMI_ws/data_yue/train/foam_brick/medium/08/episodes/episode_20260722T055923_291538Z_000001/synced_data.jsonl,foam_brick,medium,fine,08,14.902234077453613,717,1.0,1.0,1.0,1.0,ok
episode_20260722T055944_196134Z_000001,/home/ktakahashi/UMI-gripper-yue/UMI_ws/data_yue/train/foam_brick/medium/09/episodes/episode_20260722T055944_196134Z_000001,/home/ktakahashi/UMI-gripper-yue/UMI_ws/data_yue/train/foam_brick/medium/09/episodes/episode_20260722T055944_196134Z_000001/synced_data.jsonl,foam_brick,medium,fine,09,14.966093301773071,770,1.0,1.0,1.0,1.0,ok
episode_20260722T060004_919920Z_000001,/home/ktakahashi/UMI-gripper-yue/UMI_ws/data_yue/train/foam_brick/medium/10/episodes/episode_20260722T060004_919920Z_000001,/home/ktakahashi/UMI-gripper-yue/UMI_ws/data_yue/train/foam_brick/medium/10/episodes/episode_20260722T060004_919920Z_000001/synced_data.jsonl,foam_brick,medium,fine,10,14.964966297149658,814,1.0,1.0,1.0,1.0,ok
episode_20260722T060028_541375Z_000001,/home/ktakahashi/UMI-gripper-yue/UMI_ws/data_yue/train/foam_brick/medium/11/episodes/episode_20260722T060028_541375Z_000001,/home/ktakahashi/UMI-gripper-yue/UMI_ws/data_yue/train/foam_brick/medium/11/episodes/episode_20260722T060028_541375Z_000001/synced_data.jsonl,foam_brick,medium,fine,11,14.75724983215332,758,1.0,1.0,1.0,1.0,ok
episode_20260722T060050_250278Z_000001,/home/ktakahashi/UMI-gripper-yue/UMI_ws/data_yue/train/foam_brick/medium/12/episodes/episode_20260722T060050_250278Z_000001,/home/ktakahashi/UMI-gripper-yue/UMI_ws/data_yue/train/foam_brick/medium/12/episodes/episode_20260722T060050_250278Z_000001/synced_data.jsonl,foam_brick,medium,fine,12,14.90266227722168,808,1.0,1.0,1.0,1.0,ok
episode_20260722T060111_644458Z_000001,/home/ktakahashi/UMI-gripper-yue/UMI_ws/data_yue/train/foam_brick/medium/13/episodes/episode_20260722T060111_644458Z_000001,/home/ktakahashi/UMI-gripper-yue/UMI_ws/data_yue/train/foam_brick/medium/13/episodes/episode_20260722T060111_644458Z_000001/synced_data.jsonl,foam_brick,medium,fine,13,13.49056887626648,785,1.0,1.0,1.0,1.0,ok
episode_20260722T060133_665893Z_000001,/home/ktakahashi/UMI-gripper-yue/UMI_ws/data_yue/train/foam_brick/medium/14/episodes/episode_20260722T060133_665893Z_000001,/home/ktakahashi/UMI-gripper-yue/UMI_ws/data_yue/train/foam_brick/medium/14/episodes/episode_20260722T060133_665893Z_000001/synced_data.jsonl,foam_brick,medium,fine,14,14.96643614768982,797,1.0,1.0,1.0,1.0,ok
episode_20260722T060154_940189Z_000001,/home/ktakahashi/UMI-gripper-yue/UMI_ws/data_yue/train/foam_brick/medium/15/episodes/episode_20260722T060154_940189Z_000001,/home/ktakahashi/UMI-gripper-yue/UMI_ws/data_yue/train/foam_brick/medium/15/episodes/episode_20260722T060154_940189Z_000001/synced_data.jsonl,foam_brick,medium,fine,15,14.979996681213379,678,1.0,1.0,1.0,1.0,ok
episode_20260722T060336_494073Z_000001,/home/ktakahashi/UMI-gripper-yue/UMI_ws/data_yue/train/foam_brick/medium/16/episodes/episode_20260722T060336_494073Z_000001,/home/ktakahashi/UMI-gripper-yue/UMI_ws/data_yue/train/foam_brick/medium/16/episodes/episode_20260722T060336_494073Z_000001/synced_data.jsonl,foam_brick,medium,fine,16,14.948992729187012,890,1.0,1.0,1.0,1.0,ok
episode_20260722T060400_752746Z_000001,/home/ktakahashi/UMI-gripper-yue/UMI_ws/data_yue/train/foam_brick/medium/17/episodes/episode_20260722T060400_752746Z_000001,/home/ktakahashi/UMI-gripper-yue/UMI_ws/data_yue/train/foam_brick/medium/17/episodes/episode_20260722T060400_752746Z_000001/synced_data.jsonl,foam_brick,medium,fine,17,14.96712613105774,852,1.0,1.0,1.0,1.0,ok
episode_20260722T060422_558791Z_000001,/home/ktakahashi/UMI-gripper-yue/UMI_ws/data_yue/train/foam_brick/medium/18/episodes/episode_20260722T060422_558791Z_000001,/home/ktakahashi/UMI-gripper-yue/UMI_ws/data_yue/train/foam_brick/medium/18/episodes/episode_20260722T060422_558791Z_000001/synced_data.jsonl,foam_brick,medium,fine,18,14.871316909790039,745,1.0,1.0,1.0,1.0,ok
episode_20260722T060443_124315Z_000001,/home/ktakahashi/UMI-gripper-yue/UMI_ws/data_yue/train/foam_brick/medium/19/episodes/episode_20260722T060443_124315Z_000001,/home/ktakahashi/UMI-gripper-yue/UMI_ws/data_yue/train/foam_brick/medium/19/episodes/episode_20260722T060443_124315Z_000001/synced_data.jsonl,foam_brick,medium,fine,19,14.88451099395752,689,1.0,1.0,1.0,1.0,ok
episode_20260722T060504_478941Z_000001,/home/ktakahashi/UMI-gripper-yue/UMI_ws/data_yue/train/foam_brick/medium/20/episodes/episode_20260722T060504_478941Z_000001,/home/ktakahashi/UMI-gripper-yue/UMI_ws/data_yue/train/foam_brick/medium/20/episodes/episode_20260722T060504_478941Z_000001/synced_data.jsonl,foam_brick,medium,fine,20,14.036948442459106,733,1.0,1.0,1.0,1.0,ok
episode_20260722T025244_731032Z_000001,/home/ktakahashi/UMI-gripper-yue/UMI_ws/data_yue/train/marker/high/01/episodes/episode_20260722T025244_731032Z_000001,/home/ktakahashi/UMI-gripper-yue/UMI_ws/data_yue/train/marker/high/01/episodes/episode_20260722T025244_731032Z_000001/synced_data.jsonl,marker,high,too_high,01,14.980834245681763,800,1.0,1.0,1.0,1.0,ok
episode_20260722T025340_807266Z_000001,/home/ktakahashi/UMI-gripper-yue/UMI_ws/data_yue/train/marker/high/02/episodes/episode_20260722T025340_807266Z_000001,/home/ktakahashi/UMI-gripper-yue/UMI_ws/data_yue/train/marker/high/02/episodes/episode_20260722T025340_807266Z_000001/synced_data.jsonl,marker,high,too_high,02,14.917880296707153,931,1.0,1.0,1.0,1.0,ok
episode_20260722T025405_349200Z_000001,/home/ktakahashi/UMI-gripper-yue/UMI_ws/data_yue/train/marker/high/03/episodes/episode_20260722T025405_349200Z_000001,/home/ktakahashi/UMI-gripper-yue/UMI_ws/data_yue/train/marker/high/03/episodes/episode_20260722T025405_349200Z_000001/synced_data.jsonl,marker,high,too_high,03,14.967787981033325,895,1.0,1.0,1.0,1.0,ok
episode_20260722T025427_726891Z_000001,/home/ktakahashi/UMI-gripper-yue/UMI_ws/data_yue/train/marker/high/04/episodes/episode_20260722T025427_726891Z_000001,/home/ktakahashi/UMI-gripper-yue/UMI_ws/data_yue/train/marker/high/04/episodes/episode_20260722T025427_726891Z_000001/synced_data.jsonl,marker,high,too_high,04,14.98261547088623,1000,1.0,1.0,1.0,1.0,ok
episode_20260722T025454_133196Z_000001,/home/ktakahashi/UMI-gripper-yue/UMI_ws/data_yue/train/marker/high/05/episodes/episode_20260722T025454_133196Z_000001,/home/ktakahashi/UMI-gripper-yue/UMI_ws/data_yue/train/marker/high/05/episodes/episode_20260722T025454_133196Z_000001/synced_data.jsonl,marker,high,too_high,05,14.981335401535034,891,1.0,1.0,1.0,1.0,ok
episode_20260722T025514_487099Z_000001,/home/ktakahashi/UMI-gripper-yue/UMI_ws/data_yue/train/marker/high/06/episodes/episode_20260722T025514_487099Z_000001,/home/ktakahashi/UMI-gripper-yue/UMI_ws/data_yue/train/marker/high/06/episodes/episode_20260722T025514_487099Z_000001/synced_data.jsonl,marker,high,too_high,06,14.982502937316895,856,1.0,1.0,1.0,1.0,ok
episode_20260722T025558_962924Z_000001,/home/ktakahashi/UMI-gripper-yue/UMI_ws/data_yue/train/marker/high/07/episodes/episode_20260722T025558_962924Z_000001,/home/ktakahashi/UMI-gripper-yue/UMI_ws/data_yue/train/marker/high/07/episodes/episode_20260722T025558_962924Z_000001/synced_data.jsonl,marker,high,too_high,07,13.092452764511108,848,1.0,1.0,1.0,1.0,ok
episode_20260722T025622_754222Z_000001,/home/ktakahashi/UMI-gripper-yue/UMI_ws/data_yue/train/marker/high/08/episodes/episode_20260722T025622_754222Z_000001,/home/ktakahashi/UMI-gripper-yue/UMI_ws/data_yue/train/marker/high/08/episodes/episode_20260722T025622_754222Z_000001/synced_data.jsonl,marker,high,too_high,08,14.981984853744507,925,1.0,1.0,1.0,1.0,ok
episode_20260722T025646_375815Z_000001,/home/ktakahashi/UMI-gripper-yue/UMI_ws/data_yue/train/marker/high/09/episodes/episode_20260722T025646_375815Z_000001,/home/ktakahashi/UMI-gripper-yue/UMI_ws/data_yue/train/marker/high/09/episodes/episode_20260722T025646_375815Z_000001/synced_data.jsonl,marker,high,too_high,09,14.981740951538086,711,1.0,1.0,1.0,1.0,ok
episode_20260722T025710_526329Z_000001,/home/ktakahashi/UMI-gripper-yue/UMI_ws/data_yue/train/marker/high/10/episodes/episode_20260722T025710_526329Z_000001,/home/ktakahashi/UMI-gripper-yue/UMI_ws/data_yue/train/marker/high/10/episodes/episode_20260722T025710_526329Z_000001/synced_data.jsonl,marker,high,too_high,10,14.965104579925537,1047,1.0,1.0,1.0,1.0,ok
episode_20260722T025732_444815Z_000001,/home/ktakahashi/UMI-gripper-yue/UMI_ws/data_yue/train/marker/high/11/episodes/episode_20260722T025732_444815Z_000001,/home/ktakahashi/UMI-gripper-yue/UMI_ws/data_yue/train/marker/high/11/episodes/episode_20260722T025732_444815Z_000001/synced_data.jsonl,marker,high,too_high,11,13.042969703674316,799,1.0,1.0,1.0,1.0,ok
episode_20260722T025755_560109Z_000001,/home/ktakahashi/UMI-gripper-yue/UMI_ws/data_yue/train/marker/high/12/episodes/episode_20260722T025755_560109Z_000001,/home/ktakahashi/UMI-gripper-yue/UMI_ws/data_yue/train/marker/high/12/episodes/episode_20260722T025755_560109Z_000001/synced_data.jsonl,marker,high,too_high,12,14.981564998626709,943,1.0,1.0,1.0,1.0,ok
episode_20260722T025816_642137Z_000001,/home/ktakahashi/UMI-gripper-yue/UMI_ws/data_yue/train/marker/high/13/episodes/episode_20260722T025816_642137Z_000001,/home/ktakahashi/UMI-gripper-yue/UMI_ws/data_yue/train/marker/high/13/episodes/episode_20260722T025816_642137Z_000001/synced_data.jsonl,marker,high,too_high,13,13.0459725856781,737,1.0,1.0,1.0,1.0,ok
episode_20260722T030104_421704Z_000001,/home/ktakahashi/UMI-gripper-yue/UMI_ws/data_yue/train/marker/high/14/episodes/episode_20260722T030104_421704Z_000001,/home/ktakahashi/UMI-gripper-yue/UMI_ws/data_yue/train/marker/high/14/episodes/episode_20260722T030104_421704Z_000001/synced_data.jsonl,marker,high,too_high,14,14.95050573348999,818,1.0,1.0,1.0,1.0,ok
episode_20260722T025931_253994Z_000001,/home/ktakahashi/UMI-gripper-yue/UMI_ws/data_yue/train/marker/high/15/episodes/episode_20260722T025931_253994Z_000001,/home/ktakahashi/UMI-gripper-yue/UMI_ws/data_yue/train/marker/high/15/episodes/episode_20260722T025931_253994Z_000001/synced_data.jsonl,marker,high,too_high,15,14.981054067611694,859,1.0,1.0,1.0,1.0,ok
episode_20260722T030146_837445Z_000001,/home/ktakahashi/UMI-gripper-yue/UMI_ws/data_yue/train/marker/high/16/episodes/episode_20260722T030146_837445Z_000001,/home/ktakahashi/UMI-gripper-yue/UMI_ws/data_yue/train/marker/high/16/episodes/episode_20260722T030146_837445Z_000001/synced_data.jsonl,marker,high,too_high,16,14.93336033821106,833,1.0,1.0,1.0,1.0,ok
episode_20260722T030209_978360Z_000001,/home/ktakahashi/UMI-gripper-yue/UMI_ws/data_yue/train/marker/high/17/episodes/episode_20260722T030209_978360Z_000001,/home/ktakahashi/UMI-gripper-yue/UMI_ws/data_yue/train/marker/high/17/episodes/episode_20260722T030209_978360Z_000001/synced_data.jsonl,marker,high,too_high,17,14.773074388504028,928,1.0,1.0,1.0,1.0,ok
episode_20260722T030231_295729Z_000001,/home/ktakahashi/UMI-gripper-yue/UMI_ws/data_yue/train/marker/high/18/episodes/episode_20260722T030231_295729Z_000001,/home/ktakahashi/UMI-gripper-yue/UMI_ws/data_yue/train/marker/high/18/episodes/episode_20260722T030231_295729Z_000001/synced_data.jsonl,marker,high,too_high,18,14.694162368774414,899,1.0,1.0,1.0,1.0,ok
episode_20260722T030359_872417Z_000001,/home/ktakahashi/UMI-gripper-yue/UMI_ws/data_yue/train/marker/high/19/episodes/episode_20260722T030359_872417Z_000001,/home/ktakahashi/UMI-gripper-yue/UMI_ws/data_yue/train/marker/high/19/episodes/episode_20260722T030359_872417Z_000001/synced_data.jsonl,marker,high,too_high,19,14.997426986694336,924,1.0,1.0,1.0,1.0,ok
episode_20260722T030420_915680Z_000001,/home/ktakahashi/UMI-gripper-yue/UMI_ws/data_yue/train/marker/high/20/episodes/episode_20260722T030420_915680Z_000001,/home/ktakahashi/UMI-gripper-yue/UMI_ws/data_yue/train/marker/high/20/episodes/episode_20260722T030420_915680Z_000001/synced_data.jsonl,marker,high,too_high,20,14.965837955474854,577,1.0,1.0,1.0,1.0,ok
episode_20260722T024038_935899Z_000001,/home/ktakahashi/UMI-gripper-yue/UMI_ws/data_yue/train/marker/low/01/episodes/episode_20260722T024038_935899Z_000001,/home/ktakahashi/UMI-gripper-yue/UMI_ws/data_yue/train/marker/low/01/episodes/episode_20260722T024038_935899Z_000001/synced_data.jsonl,marker,low,too_low,01,13.715527296066284,662,1.0,1.0,1.0,1.0,ok
episode_20260722T024104_194679Z_000001,/home/ktakahashi/UMI-gripper-yue/UMI_ws/data_yue/train/marker/low/02/episodes/episode_20260722T024104_194679Z_000001,/home/ktakahashi/UMI-gripper-yue/UMI_ws/data_yue/train/marker/low/02/episodes/episode_20260722T024104_194679Z_000001/synced_data.jsonl,marker,low,too_low,02,14.997320175170898,874,1.0,1.0,1.0,1.0,ok
episode_20260722T024125_226935Z_000001,/home/ktakahashi/UMI-gripper-yue/UMI_ws/data_yue/train/marker/low/03/episodes/episode_20260722T024125_226935Z_000001,/home/ktakahashi/UMI-gripper-yue/UMI_ws/data_yue/train/marker/low/03/episodes/episode_20260722T024125_226935Z_000001/synced_data.jsonl,marker,low,too_low,03,14.917255163192749,777,1.0,1.0,1.0,1.0,ok
episode_20260722T024148_921214Z_000001,/home/ktakahashi/UMI-gripper-yue/UMI_ws/data_yue/train/marker/low/04/episodes/episode_20260722T024148_921214Z_000001,/home/ktakahashi/UMI-gripper-yue/UMI_ws/data_yue/train/marker/low/04/episodes/episode_20260722T024148_921214Z_000001/synced_data.jsonl,marker,low,too_low,04,14.983269453048706,537,1.0,1.0,1.0,1.0,ok
episode_20260722T024217_460360Z_000001,/home/ktakahashi/UMI-gripper-yue/UMI_ws/data_yue/train/marker/low/05/episodes/episode_20260722T024217_460360Z_000001,/home/ktakahashi/UMI-gripper-yue/UMI_ws/data_yue/train/marker/low/05/episodes/episode_20260722T024217_460360Z_000001/synced_data.jsonl,marker,low,too_low,05,14.948846340179443,851,1.0,1.0,1.0,1.0,ok
episode_20260722T024245_137181Z_000001,/home/ktakahashi/UMI-gripper-yue/UMI_ws/data_yue/train/marker/low/06/episodes/episode_20260722T024245_137181Z_000001,/home/ktakahashi/UMI-gripper-yue/UMI_ws/data_yue/train/marker/low/06/episodes/episode_20260722T024245_137181Z_000001/synced_data.jsonl,marker,low,too_low,06,14.981813907623291,1003,1.0,1.0,1.0,1.0,ok
episode_20260722T024307_705066Z_000001,/home/ktakahashi/UMI-gripper-yue/UMI_ws/data_yue/train/marker/low/07/episodes/episode_20260722T024307_705066Z_000001,/home/ktakahashi/UMI-gripper-yue/UMI_ws/data_yue/train/marker/low/07/episodes/episode_20260722T024307_705066Z_000001/synced_data.jsonl,marker,low,too_low,07,14.935656309127808,978,1.0,1.0,1.0,1.0,ok
episode_20260722T024330_155551Z_000001,/home/ktakahashi/UMI-gripper-yue/UMI_ws/data_yue/train/marker/low/08/episodes/episode_20260722T024330_155551Z_000001,/home/ktakahashi/UMI-gripper-yue/UMI_ws/data_yue/train/marker/low/08/episodes/episode_20260722T024330_155551Z_000001/synced_data.jsonl,marker,low,too_low,08,14.981180667877197,751,1.0,1.0,1.0,1.0,ok
episode_20260722T024439_220470Z_000001,/home/ktakahashi/UMI-gripper-yue/UMI_ws/data_yue/train/marker/low/09/episodes/episode_20260722T024439_220470Z_000001,/home/ktakahashi/UMI-gripper-yue/UMI_ws/data_yue/train/marker/low/09/episodes/episode_20260722T024439_220470Z_000001/synced_data.jsonl,marker,low,too_low,09,14.94936728477478,951,1.0,1.0,1.0,1.0,ok
episode_20260722T024500_647435Z_000001,/home/ktakahashi/UMI-gripper-yue/UMI_ws/data_yue/train/marker/low/10/episodes/episode_20260722T024500_647435Z_000001,/home/ktakahashi/UMI-gripper-yue/UMI_ws/data_yue/train/marker/low/10/episodes/episode_20260722T024500_647435Z_000001/synced_data.jsonl,marker,low,too_low,10,14.630094051361084,581,1.0,1.0,1.0,1.0,ok
episode_20260722T024521_383777Z_000001,/home/ktakahashi/UMI-gripper-yue/UMI_ws/data_yue/train/marker/low/11/episodes/episode_20260722T024521_383777Z_000001,/home/ktakahashi/UMI-gripper-yue/UMI_ws/data_yue/train/marker/low/11/episodes/episode_20260722T024521_383777Z_000001/synced_data.jsonl,marker,low,too_low,11,14.982272148132324,953,1.0,1.0,1.0,1.0,ok
episode_20260722T024626_392965Z_000001,/home/ktakahashi/UMI-gripper-yue/UMI_ws/data_yue/train/marker/low/12/episodes/episode_20260722T024626_392965Z_000001,/home/ktakahashi/UMI-gripper-yue/UMI_ws/data_yue/train/marker/low/12/episodes/episode_20260722T024626_392965Z_000001/synced_data.jsonl,marker,low,too_low,12,14.981106281280518,924,1.0,1.0,1.0,1.0,ok
episode_20260722T024648_271994Z_000001,/home/ktakahashi/UMI-gripper-yue/UMI_ws/data_yue/train/marker/low/13/episodes/episode_20260722T024648_271994Z_000001,/home/ktakahashi/UMI-gripper-yue/UMI_ws/data_yue/train/marker/low/13/episodes/episode_20260722T024648_271994Z_000001/synced_data.jsonl,marker,low,too_low,13,14.980356454849243,712,1.0,1.0,1.0,1.0,ok
episode_20260722T024806_979455Z_000001,/home/ktakahashi/UMI-gripper-yue/UMI_ws/data_yue/train/marker/low/14/episodes/episode_20260722T024806_979455Z_000001,/home/ktakahashi/UMI-gripper-yue/UMI_ws/data_yue/train/marker/low/14/episodes/episode_20260722T024806_979455Z_000001/synced_data.jsonl,marker,low,too_low,14,14.599509954452515,707,1.0,1.0,1.0,1.0,ok
episode_20260722T024828_622324Z_000001,/home/ktakahashi/UMI-gripper-yue/UMI_ws/data_yue/train/marker/low/15/episodes/episode_20260722T024828_622324Z_000001,/home/ktakahashi/UMI-gripper-yue/UMI_ws/data_yue/train/marker/low/15/episodes/episode_20260722T024828_622324Z_000001/synced_data.jsonl,marker,low,too_low,15,14.94822645187378,1006,1.0,1.0,1.0,1.0,ok
episode_20260722T024903_109023Z_000001,/home/ktakahashi/UMI-gripper-yue/UMI_ws/data_yue/train/marker/low/16/episodes/episode_20260722T024903_109023Z_000001,/home/ktakahashi/UMI-gripper-yue/UMI_ws/data_yue/train/marker/low/16/episodes/episode_20260722T024903_109023Z_000001/synced_data.jsonl,marker,low,too_low,16,14.98054552078247,855,1.0,1.0,1.0,1.0,ok
episode_20260722T024923_370104Z_000001,/home/ktakahashi/UMI-gripper-yue/UMI_ws/data_yue/train/marker/low/17/episodes/episode_20260722T024923_370104Z_000001,/home/ktakahashi/UMI-gripper-yue/UMI_ws/data_yue/train/marker/low/17/episodes/episode_20260722T024923_370104Z_000001/synced_data.jsonl,marker,low,too_low,17,14.11566710472107,751,1.0,1.0,1.0,1.0,ok
episode_20260722T024954_791457Z_000001,/home/ktakahashi/UMI-gripper-yue/UMI_ws/data_yue/train/marker/low/18/episodes/episode_20260722T024954_791457Z_000001,/home/ktakahashi/UMI-gripper-yue/UMI_ws/data_yue/train/marker/low/18/episodes/episode_20260722T024954_791457Z_000001/synced_data.jsonl,marker,low,too_low,18,14.98011565208435,974,1.0,1.0,1.0,1.0,ok
episode_20260722T025018_571687Z_000001,/home/ktakahashi/UMI-gripper-yue/UMI_ws/data_yue/train/marker/low/19/episodes/episode_20260722T025018_571687Z_000001,/home/ktakahashi/UMI-gripper-yue/UMI_ws/data_yue/train/marker/low/19/episodes/episode_20260722T025018_571687Z_000001/synced_data.jsonl,marker,low,too_low,19,14.934748649597168,805,1.0,1.0,1.0,1.0,ok
episode_20260722T025038_819184Z_000001,/home/ktakahashi/UMI-gripper-yue/UMI_ws/data_yue/train/marker/low/20/episodes/episode_20260722T025038_819184Z_000001,/home/ktakahashi/UMI-gripper-yue/UMI_ws/data_yue/train/marker/low/20/episodes/episode_20260722T025038_819184Z_000001/synced_data.jsonl,marker,low,too_low,20,12.453345537185669,779,1.0,1.0,1.0,1.0,ok
episode_20260722T022622_329646Z_000001,/home/ktakahashi/UMI-gripper-yue/UMI_ws/data_yue/train/marker/medium/01/episodes/episode_20260722T022622_329646Z_000001,/home/ktakahashi/UMI-gripper-yue/UMI_ws/data_yue/train/marker/medium/01/episodes/episode_20260722T022622_329646Z_000001/synced_data.jsonl,marker,medium,fine,01,14.996905088424683,808,1.0,1.0,1.0,1.0,ok
episode_20260722T022643_584230Z_000001,/home/ktakahashi/UMI-gripper-yue/UMI_ws/data_yue/train/marker/medium/02/episodes/episode_20260722T022643_584230Z_000001,/home/ktakahashi/UMI-gripper-yue/UMI_ws/data_yue/train/marker/medium/02/episodes/episode_20260722T022643_584230Z_000001/synced_data.jsonl,marker,medium,fine,02,14.980894565582275,749,1.0,1.0,1.0,1.0,ok
episode_20260722T022704_625513Z_000001,/home/ktakahashi/UMI-gripper-yue/UMI_ws/data_yue/train/marker/medium/03/episodes/episode_20260722T022704_625513Z_000001,/home/ktakahashi/UMI-gripper-yue/UMI_ws/data_yue/train/marker/medium/03/episodes/episode_20260722T022704_625513Z_000001/synced_data.jsonl,marker,medium,fine,03,14.981727600097656,816,1.0,1.0,1.0,1.0,ok
episode_20260722T022724_511689Z_000001,/home/ktakahashi/UMI-gripper-yue/UMI_ws/data_yue/train/marker/medium/04/episodes/episode_20260722T022724_511689Z_000001,/home/ktakahashi/UMI-gripper-yue/UMI_ws/data_yue/train/marker/medium/04/episodes/episode_20260722T022724_511689Z_000001/synced_data.jsonl,marker,medium,fine,04,14.981940031051636,683,1.0,1.0,1.0,1.0,ok
episode_20260722T022748_751907Z_000001,/home/ktakahashi/UMI-gripper-yue/UMI_ws/data_yue/train/marker/medium/05/episodes/episode_20260722T022748_751907Z_000001,/home/ktakahashi/UMI-gripper-yue/UMI_ws/data_yue/train/marker/medium/05/episodes/episode_20260722T022748_751907Z_000001/synced_data.jsonl,marker,medium,fine,05,14.788555383682251,864,1.0,1.0,1.0,1.0,ok
episode_20260722T022854_281665Z_000001,/home/ktakahashi/UMI-gripper-yue/UMI_ws/data_yue/train/marker/medium/06/episodes/episode_20260722T022854_281665Z_000001,/home/ktakahashi/UMI-gripper-yue/UMI_ws/data_yue/train/marker/medium/06/episodes/episode_20260722T022854_281665Z_000001/synced_data.jsonl,marker,medium,fine,06,14.835623979568481,687,1.0,1.0,1.0,1.0,ok
episode_20260722T022920_355972Z_000001,/home/ktakahashi/UMI-gripper-yue/UMI_ws/data_yue/train/marker/medium/07/episodes/episode_20260722T022920_355972Z_000001,/home/ktakahashi/UMI-gripper-yue/UMI_ws/data_yue/train/marker/medium/07/episodes/episode_20260722T022920_355972Z_000001/synced_data.jsonl,marker,medium,fine,07,14.983328104019165,660,1.0,1.0,1.0,1.0,ok
episode_20260722T022942_691398Z_000001,/home/ktakahashi/UMI-gripper-yue/UMI_ws/data_yue/train/marker/medium/08/episodes/episode_20260722T022942_691398Z_000001,/home/ktakahashi/UMI-gripper-yue/UMI_ws/data_yue/train/marker/medium/08/episodes/episode_20260722T022942_691398Z_000001/synced_data.jsonl,marker,medium,fine,08,14.996779441833496,625,1.0,1.0,1.0,1.0,ok
episode_20260722T023006_819199Z_000001,/home/ktakahashi/UMI-gripper-yue/UMI_ws/data_yue/train/marker/medium/09/episodes/episode_20260722T023006_819199Z_000001,/home/ktakahashi/UMI-gripper-yue/UMI_ws/data_yue/train/marker/medium/09/episodes/episode_20260722T023006_819199Z_000001/synced_data.jsonl,marker,medium,fine,09,14.756095886230469,826,1.0,1.0,1.0,1.0,ok
episode_20260722T023219_143664Z_000001,/home/ktakahashi/UMI-gripper-yue/UMI_ws/data_yue/train/marker/medium/10/episodes/episode_20260722T023219_143664Z_000001,/home/ktakahashi/UMI-gripper-yue/UMI_ws/data_yue/train/marker/medium/10/episodes/episode_20260722T023219_143664Z_000001/synced_data.jsonl,marker,medium,fine,10,14.981231451034546,868,1.0,1.0,1.0,1.0,ok
episode_20260722T023241_406868Z_000001,/home/ktakahashi/UMI-gripper-yue/UMI_ws/data_yue/train/marker/medium/11/episodes/episode_20260722T023241_406868Z_000001,/home/ktakahashi/UMI-gripper-yue/UMI_ws/data_yue/train/marker/medium/11/episodes/episode_20260722T023241_406868Z_000001/synced_data.jsonl,marker,medium,fine,11,14.964625597000122,874,1.0,1.0,1.0,1.0,ok
episode_20260722T023403_610441Z_000001,/home/ktakahashi/UMI-gripper-yue/UMI_ws/data_yue/train/marker/medium/12/episodes/episode_20260722T023403_610441Z_000001,/home/ktakahashi/UMI-gripper-yue/UMI_ws/data_yue/train/marker/medium/12/episodes/episode_20260722T023403_610441Z_000001/synced_data.jsonl,marker,medium,fine,12,14.950052499771118,699,1.0,1.0,1.0,1.0,ok
episode_20260722T023428_040178Z_000001,/home/ktakahashi/UMI-gripper-yue/UMI_ws/data_yue/train/marker/medium/13/episodes/episode_20260722T023428_040178Z_000001,/home/ktakahashi/UMI-gripper-yue/UMI_ws/data_yue/train/marker/medium/13/episodes/episode_20260722T023428_040178Z_000001/synced_data.jsonl,marker,medium,fine,13,14.982080936431885,711,1.0,1.0,1.0,1.0,ok
episode_20260722T023449_607520Z_000001,/home/ktakahashi/UMI-gripper-yue/UMI_ws/data_yue/train/marker/medium/14/episodes/episode_20260722T023449_607520Z_000001,/home/ktakahashi/UMI-gripper-yue/UMI_ws/data_yue/train/marker/medium/14/episodes/episode_20260722T023449_607520Z_000001/synced_data.jsonl,marker,medium,fine,14,14.983075380325317,744,1.0,1.0,1.0,1.0,ok
episode_20260722T023730_087104Z_000001,/home/ktakahashi/UMI-gripper-yue/UMI_ws/data_yue/train/marker/medium/15/episodes/episode_20260722T023730_087104Z_000001,/home/ktakahashi/UMI-gripper-yue/UMI_ws/data_yue/train/marker/medium/15/episodes/episode_20260722T023730_087104Z_000001/synced_data.jsonl,marker,medium,fine,15,14.915035963058472,908,1.0,1.0,1.0,1.0,ok
episode_20260722T023755_052190Z_000001,/home/ktakahashi/UMI-gripper-yue/UMI_ws/data_yue/train/marker/medium/16/episodes/episode_20260722T023755_052190Z_000001,/home/ktakahashi/UMI-gripper-yue/UMI_ws/data_yue/train/marker/medium/16/episodes/episode_20260722T023755_052190Z_000001/synced_data.jsonl,marker,medium,fine,16,14.980287551879883,731,1.0,1.0,1.0,1.0,ok
episode_20260722T023826_473639Z_000001,/home/ktakahashi/UMI-gripper-yue/UMI_ws/data_yue/train/marker/medium/17/episodes/episode_20260722T023826_473639Z_000001,/home/ktakahashi/UMI-gripper-yue/UMI_ws/data_yue/train/marker/medium/17/episodes/episode_20260722T023826_473639Z_000001/synced_data.jsonl,marker,medium,fine,17,14.997406721115112,621,1.0,1.0,1.0,1.0,ok
episode_20260722T023850_820045Z_000001,/home/ktakahashi/UMI-gripper-yue/UMI_ws/data_yue/train/marker/medium/18/episodes/episode_20260722T023850_820045Z_000001,/home/ktakahashi/UMI-gripper-yue/UMI_ws/data_yue/train/marker/medium/18/episodes/episode_20260722T023850_820045Z_000001/synced_data.jsonl,marker,medium,fine,18,14.645699262619019,522,1.0,1.0,1.0,1.0,ok
episode_20260722T023912_790087Z_000001,/home/ktakahashi/UMI-gripper-yue/UMI_ws/data_yue/train/marker/medium/19/episodes/episode_20260722T023912_790087Z_000001,/home/ktakahashi/UMI-gripper-yue/UMI_ws/data_yue/train/marker/medium/19/episodes/episode_20260722T023912_790087Z_000001/synced_data.jsonl,marker,medium,fine,19,14.741449117660522,851,1.0,1.0,1.0,1.0,ok
episode_20260722T023942_683393Z_000001,/home/ktakahashi/UMI-gripper-yue/UMI_ws/data_yue/train/marker/medium/20/episodes/episode_20260722T023942_683393Z_000001,/home/ktakahashi/UMI-gripper-yue/UMI_ws/data_yue/train/marker/medium/20/episodes/episode_20260722T023942_683393Z_000001/synced_data.jsonl,marker,medium,fine,20,14.979662895202637,733,1.0,1.0,1.0,1.0,ok
episode_20260723T022853_685678Z_000001,/home/ktakahashi/UMI-gripper-yue/UMI_ws/data_yue/train/orange/high/01/episodes/episode_20260723T022853_685678Z_000001,/home/ktakahashi/UMI-gripper-yue/UMI_ws/data_yue/train/orange/high/01/episodes/episode_20260723T022853_685678Z_000001/synced_data.jsonl,orange,high,too_high,01,14.086760520935059,807,1.0,1.0,1.0,1.0,ok
episode_20260723T022941_723688Z_000001,/home/ktakahashi/UMI-gripper-yue/UMI_ws/data_yue/train/orange/high/02/episodes/episode_20260723T022941_723688Z_000001,/home/ktakahashi/UMI-gripper-yue/UMI_ws/data_yue/train/orange/high/02/episodes/episode_20260723T022941_723688Z_000001/synced_data.jsonl,orange,high,too_high,02,14.807813882827759,819,1.0,1.0,1.0,1.0,ok
episode_20260723T023034_611763Z_000001,/home/ktakahashi/UMI-gripper-yue/UMI_ws/data_yue/train/orange/high/03/episodes/episode_20260723T023034_611763Z_000001,/home/ktakahashi/UMI-gripper-yue/UMI_ws/data_yue/train/orange/high/03/episodes/episode_20260723T023034_611763Z_000001/synced_data.jsonl,orange,high,too_high,03,14.933780431747437,851,1.0,1.0,1.0,1.0,ok
episode_20260723T023056_842038Z_000001,/home/ktakahashi/UMI-gripper-yue/UMI_ws/data_yue/train/orange/high/04/episodes/episode_20260723T023056_842038Z_000001,/home/ktakahashi/UMI-gripper-yue/UMI_ws/data_yue/train/orange/high/04/episodes/episode_20260723T023056_842038Z_000001/synced_data.jsonl,orange,high,too_high,04,14.964111804962158,836,1.0,1.0,1.0,1.0,ok
episode_20260723T023119_973154Z_000001,/home/ktakahashi/UMI-gripper-yue/UMI_ws/data_yue/train/orange/high/05/episodes/episode_20260723T023119_973154Z_000001,/home/ktakahashi/UMI-gripper-yue/UMI_ws/data_yue/train/orange/high/05/episodes/episode_20260723T023119_973154Z_000001/synced_data.jsonl,orange,high,too_high,05,14.979691982269287,920,1.0,1.0,1.0,1.0,ok
episode_20260723T023141_776173Z_000001,/home/ktakahashi/UMI-gripper-yue/UMI_ws/data_yue/train/orange/high/06/episodes/episode_20260723T023141_776173Z_000001,/home/ktakahashi/UMI-gripper-yue/UMI_ws/data_yue/train/orange/high/06/episodes/episode_20260723T023141_776173Z_000001/synced_data.jsonl,orange,high,too_high,06,14.979670524597168,483,1.0,1.0,1.0,1.0,ok
episode_20260723T023204_072803Z_000001,/home/ktakahashi/UMI-gripper-yue/UMI_ws/data_yue/train/orange/high/07/episodes/episode_20260723T023204_072803Z_000001,/home/ktakahashi/UMI-gripper-yue/UMI_ws/data_yue/train/orange/high/07/episodes/episode_20260723T023204_072803Z_000001/synced_data.jsonl,orange,high,too_high,07,14.95049786567688,765,1.0,1.0,1.0,1.0,ok
episode_20260723T023444_076165Z_000001,/home/ktakahashi/UMI-gripper-yue/UMI_ws/data_yue/train/orange/high/08/episodes/episode_20260723T023444_076165Z_000001,/home/ktakahashi/UMI-gripper-yue/UMI_ws/data_yue/train/orange/high/08/episodes/episode_20260723T023444_076165Z_000001/synced_data.jsonl,orange,high,too_high,08,14.998169183731079,594,1.0,1.0,1.0,1.0,ok
episode_20260723T024110_856100Z_000001,/home/ktakahashi/UMI-gripper-yue/UMI_ws/data_yue/train/orange/high/09/episodes/episode_20260723T024110_856100Z_000001,/home/ktakahashi/UMI-gripper-yue/UMI_ws/data_yue/train/orange/high/09/episodes/episode_20260723T024110_856100Z_000001/synced_data.jsonl,orange,high,too_high,09,14.740737676620483,897,1.0,1.0,1.0,1.0,ok
episode_20260723T024308_741252Z_000001,/home/ktakahashi/UMI-gripper-yue/UMI_ws/data_yue/train/orange/high/10/episodes/episode_20260723T024308_741252Z_000001,/home/ktakahashi/UMI-gripper-yue/UMI_ws/data_yue/train/orange/high/10/episodes/episode_20260723T024308_741252Z_000001/synced_data.jsonl,orange,high,too_high,10,14.916144847869873,959,1.0,1.0,1.0,1.0,ok
episode_20260723T024432_078273Z_000001,/home/ktakahashi/UMI-gripper-yue/UMI_ws/data_yue/train/orange/high/11/episodes/episode_20260723T024432_078273Z_000001,/home/ktakahashi/UMI-gripper-yue/UMI_ws/data_yue/train/orange/high/11/episodes/episode_20260723T024432_078273Z_000001/synced_data.jsonl,orange,high,too_high,11,14.983712196350098,898,1.0,1.0,1.0,1.0,ok
episode_20260723T024514_969611Z_000001,/home/ktakahashi/UMI-gripper-yue/UMI_ws/data_yue/train/orange/high/12/episodes/episode_20260723T024514_969611Z_000001,/home/ktakahashi/UMI-gripper-yue/UMI_ws/data_yue/train/orange/high/12/episodes/episode_20260723T024514_969611Z_000001/synced_data.jsonl,orange,high,too_high,12,14.900587320327759,873,1.0,1.0,1.0,1.0,ok
episode_20260723T024536_265743Z_000001,/home/ktakahashi/UMI-gripper-yue/UMI_ws/data_yue/train/orange/high/13/episodes/episode_20260723T024536_265743Z_000001,/home/ktakahashi/UMI-gripper-yue/UMI_ws/data_yue/train/orange/high/13/episodes/episode_20260723T024536_265743Z_000001/synced_data.jsonl,orange,high,too_high,13,14.870178699493408,822,1.0,1.0,1.0,1.0,ok
episode_20260723T024558_462611Z_000001,/home/ktakahashi/UMI-gripper-yue/UMI_ws/data_yue/train/orange/high/14/episodes/episode_20260723T024558_462611Z_000001,/home/ktakahashi/UMI-gripper-yue/UMI_ws/data_yue/train/orange/high/14/episodes/episode_20260723T024558_462611Z_000001/synced_data.jsonl,orange,high,too_high,14,14.980568647384644,865,1.0,1.0,1.0,1.0,ok
episode_20260723T024738_047068Z_000001,/home/ktakahashi/UMI-gripper-yue/UMI_ws/data_yue/train/orange/high/15/episodes/episode_20260723T024738_047068Z_000001,/home/ktakahashi/UMI-gripper-yue/UMI_ws/data_yue/train/orange/high/15/episodes/episode_20260723T024738_047068Z_000001/synced_data.jsonl,orange,high,too_high,15,14.948271751403809,883,1.0,1.0,1.0,1.0,ok
episode_20260723T024838_789954Z_000001,/home/ktakahashi/UMI-gripper-yue/UMI_ws/data_yue/train/orange/high/16/episodes/episode_20260723T024838_789954Z_000001,/home/ktakahashi/UMI-gripper-yue/UMI_ws/data_yue/train/orange/high/16/episodes/episode_20260723T024838_789954Z_000001/synced_data.jsonl,orange,high,too_high,16,14.933554410934448,948,1.0,1.0,1.0,1.0,ok
episode_20260723T024908_942966Z_000001,/home/ktakahashi/UMI-gripper-yue/UMI_ws/data_yue/train/orange/high/17/episodes/episode_20260723T024908_942966Z_000001,/home/ktakahashi/UMI-gripper-yue/UMI_ws/data_yue/train/orange/high/17/episodes/episode_20260723T024908_942966Z_000001/synced_data.jsonl,orange,high,too_high,17,14.917649030685425,981,1.0,1.0,1.0,1.0,ok
episode_20260723T024930_667057Z_000001,/home/ktakahashi/UMI-gripper-yue/UMI_ws/data_yue/train/orange/high/18/episodes/episode_20260723T024930_667057Z_000001,/home/ktakahashi/UMI-gripper-yue/UMI_ws/data_yue/train/orange/high/18/episodes/episode_20260723T024930_667057Z_000001/synced_data.jsonl,orange,high,too_high,18,14.917747974395752,810,1.0,1.0,1.0,1.0,ok
episode_20260723T025102_693358Z_000001,/home/ktakahashi/UMI-gripper-yue/UMI_ws/data_yue/train/orange/high/19/episodes/episode_20260723T025102_693358Z_000001,/home/ktakahashi/UMI-gripper-yue/UMI_ws/data_yue/train/orange/high/19/episodes/episode_20260723T025102_693358Z_000001/synced_data.jsonl,orange,high,too_high,19,14.93398404121399,707,1.0,1.0,1.0,1.0,ok
episode_20260723T025124_797711Z_000001,/home/ktakahashi/UMI-gripper-yue/UMI_ws/data_yue/train/orange/high/20/episodes/episode_20260723T025124_797711Z_000001,/home/ktakahashi/UMI-gripper-yue/UMI_ws/data_yue/train/orange/high/20/episodes/episode_20260723T025124_797711Z_000001/synced_data.jsonl,orange,high,too_high,20,14.96505355834961,908,1.0,1.0,1.0,1.0,ok
episode_20260723T021251_867037Z_000001,/home/ktakahashi/UMI-gripper-yue/UMI_ws/data_yue/train/orange/low/01/episodes/episode_20260723T021251_867037Z_000001,/home/ktakahashi/UMI-gripper-yue/UMI_ws/data_yue/train/orange/low/01/episodes/episode_20260723T021251_867037Z_000001/synced_data.jsonl,orange,low,too_low,01,14.965774059295654,869,1.0,1.0,1.0,1.0,ok
episode_20260723T021318_442210Z_000001,/home/ktakahashi/UMI-gripper-yue/UMI_ws/data_yue/train/orange/low/02/episodes/episode_20260723T021318_442210Z_000001,/home/ktakahashi/UMI-gripper-yue/UMI_ws/data_yue/train/orange/low/02/episodes/episode_20260723T021318_442210Z_000001/synced_data.jsonl,orange,low,too_low,02,14.966702699661255,840,1.0,1.0,1.0,1.0,ok
episode_20260723T021339_988873Z_000001,/home/ktakahashi/UMI-gripper-yue/UMI_ws/data_yue/train/orange/low/03/episodes/episode_20260723T021339_988873Z_000001,/home/ktakahashi/UMI-gripper-yue/UMI_ws/data_yue/train/orange/low/03/episodes/episode_20260723T021339_988873Z_000001/synced_data.jsonl,orange,low,too_low,03,14.163894891738892,695,1.0,1.0,1.0,1.0,ok
episode_20260723T021402_300761Z_000001,/home/ktakahashi/UMI-gripper-yue/UMI_ws/data_yue/train/orange/low/04/episodes/episode_20260723T021402_300761Z_000001,/home/ktakahashi/UMI-gripper-yue/UMI_ws/data_yue/train/orange/low/04/episodes/episode_20260723T021402_300761Z_000001/synced_data.jsonl,orange,low,too_low,04,12.198132991790771,648,1.0,1.0,1.0,1.0,ok
episode_20260723T021423_605868Z_000001,/home/ktakahashi/UMI-gripper-yue/UMI_ws/data_yue/train/orange/low/05/episodes/episode_20260723T021423_605868Z_000001,/home/ktakahashi/UMI-gripper-yue/UMI_ws/data_yue/train/orange/low/05/episodes/episode_20260723T021423_605868Z_000001/synced_data.jsonl,orange,low,too_low,05,14.91727328300476,960,1.0,1.0,1.0,1.0,ok
episode_20260723T021447_997630Z_000001,/home/ktakahashi/UMI-gripper-yue/UMI_ws/data_yue/train/orange/low/06/episodes/episode_20260723T021447_997630Z_000001,/home/ktakahashi/UMI-gripper-yue/UMI_ws/data_yue/train/orange/low/06/episodes/episode_20260723T021447_997630Z_000001/synced_data.jsonl,orange,low,too_low,06,14.997525930404663,808,1.0,1.0,1.0,1.0,ok
episode_20260723T021547_370767Z_000001,/home/ktakahashi/UMI-gripper-yue/UMI_ws/data_yue/train/orange/low/07/episodes/episode_20260723T021547_370767Z_000001,/home/ktakahashi/UMI-gripper-yue/UMI_ws/data_yue/train/orange/low/07/episodes/episode_20260723T021547_370767Z_000001/synced_data.jsonl,orange,low,too_low,07,14.981503248214722,1044,1.0,1.0,1.0,1.0,ok
episode_20260723T021607_137371Z_000001,/home/ktakahashi/UMI-gripper-yue/UMI_ws/data_yue/train/orange/low/08/episodes/episode_20260723T021607_137371Z_000001,/home/ktakahashi/UMI-gripper-yue/UMI_ws/data_yue/train/orange/low/08/episodes/episode_20260723T021607_137371Z_000001/synced_data.jsonl,orange,low,too_low,08,14.966169595718384,879,1.0,1.0,1.0,1.0,ok
episode_20260723T021627_265166Z_000001,/home/ktakahashi/UMI-gripper-yue/UMI_ws/data_yue/train/orange/low/09/episodes/episode_20260723T021627_265166Z_000001,/home/ktakahashi/UMI-gripper-yue/UMI_ws/data_yue/train/orange/low/09/episodes/episode_20260723T021627_265166Z_000001/synced_data.jsonl,orange,low,too_low,09,14.968153476715088,978,1.0,1.0,1.0,1.0,ok
episode_20260723T021649_673575Z_000001,/home/ktakahashi/UMI-gripper-yue/UMI_ws/data_yue/train/orange/low/10/episodes/episode_20260723T021649_673575Z_000001,/home/ktakahashi/UMI-gripper-yue/UMI_ws/data_yue/train/orange/low/10/episodes/episode_20260723T021649_673575Z_000001/synced_data.jsonl,orange,low,too_low,10,14.692944288253784,1073,1.0,1.0,1.0,1.0,ok
episode_20260723T021758_616414Z_000001,/home/ktakahashi/UMI-gripper-yue/UMI_ws/data_yue/train/orange/low/11/episodes/episode_20260723T021758_616414Z_000001,/home/ktakahashi/UMI-gripper-yue/UMI_ws/data_yue/train/orange/low/11/episodes/episode_20260723T021758_616414Z_000001/synced_data.jsonl,orange,low,too_low,11,14.710978984832764,702,1.0,1.0,1.0,1.0,ok
episode_20260723T021821_577867Z_000001,/home/ktakahashi/UMI-gripper-yue/UMI_ws/data_yue/train/orange/low/12/episodes/episode_20260723T021821_577867Z_000001,/home/ktakahashi/UMI-gripper-yue/UMI_ws/data_yue/train/orange/low/12/episodes/episode_20260723T021821_577867Z_000001/synced_data.jsonl,orange,low,too_low,12,14.949699640274048,770,1.0,1.0,1.0,1.0,ok
episode_20260723T021910_013928Z_000001,/home/ktakahashi/UMI-gripper-yue/UMI_ws/data_yue/train/orange/low/13/episodes/episode_20260723T021910_013928Z_000001,/home/ktakahashi/UMI-gripper-yue/UMI_ws/data_yue/train/orange/low/13/episodes/episode_20260723T021910_013928Z_000001/synced_data.jsonl,orange,low,too_low,13,14.933841705322266,842,1.0,1.0,1.0,1.0,ok
episode_20260723T021930_901404Z_000001,/home/ktakahashi/UMI-gripper-yue/UMI_ws/data_yue/train/orange/low/14/episodes/episode_20260723T021930_901404Z_000001,/home/ktakahashi/UMI-gripper-yue/UMI_ws/data_yue/train/orange/low/14/episodes/episode_20260723T021930_901404Z_000001/synced_data.jsonl,orange,low,too_low,14,14.66080904006958,844,1.0,1.0,1.0,1.0,ok
episode_20260723T022013_744244Z_000001,/home/ktakahashi/UMI-gripper-yue/UMI_ws/data_yue/train/orange/low/15/episodes/episode_20260723T022013_744244Z_000001,/home/ktakahashi/UMI-gripper-yue/UMI_ws/data_yue/train/orange/low/15/episodes/episode_20260723T022013_744244Z_000001/synced_data.jsonl,orange,low,too_low,15,14.630148887634277,795,1.0,1.0,1.0,1.0,ok
episode_20260723T022037_955414Z_000001,/home/ktakahashi/UMI-gripper-yue/UMI_ws/data_yue/train/orange/low/16/episodes/episode_20260723T022037_955414Z_000001,/home/ktakahashi/UMI-gripper-yue/UMI_ws/data_yue/train/orange/low/16/episodes/episode_20260723T022037_955414Z_000001/synced_data.jsonl,orange,low,too_low,16,14.982101440429688,750,1.0,1.0,1.0,1.0,ok
episode_20260723T022146_821313Z_000001,/home/ktakahashi/UMI-gripper-yue/UMI_ws/data_yue/train/orange/low/17/episodes/episode_20260723T022146_821313Z_000001,/home/ktakahashi/UMI-gripper-yue/UMI_ws/data_yue/train/orange/low/17/episodes/episode_20260723T022146_821313Z_000001/synced_data.jsonl,orange,low,too_low,17,13.218718767166138,793,1.0,1.0,1.0,1.0,ok
episode_20260723T022209_514048Z_000001,/home/ktakahashi/UMI-gripper-yue/UMI_ws/data_yue/train/orange/low/18/episodes/episode_20260723T022209_514048Z_000001,/home/ktakahashi/UMI-gripper-yue/UMI_ws/data_yue/train/orange/low/18/episodes/episode_20260723T022209_514048Z_000001/synced_data.jsonl,orange,low,too_low,18,12.805694818496704,696,1.0,1.0,1.0,1.0,ok
episode_20260723T022303_439662Z_000001,/home/ktakahashi/UMI-gripper-yue/UMI_ws/data_yue/train/orange/low/19/episodes/episode_20260723T022303_439662Z_000001,/home/ktakahashi/UMI-gripper-yue/UMI_ws/data_yue/train/orange/low/19/episodes/episode_20260723T022303_439662Z_000001/synced_data.jsonl,orange,low,too_low,19,14.980533361434937,531,1.0,1.0,1.0,1.0,ok
episode_20260723T022348_463714Z_000001,/home/ktakahashi/UMI-gripper-yue/UMI_ws/data_yue/train/orange/low/20/episodes/episode_20260723T022348_463714Z_000001,/home/ktakahashi/UMI-gripper-yue/UMI_ws/data_yue/train/orange/low/20/episodes/episode_20260723T022348_463714Z_000001/synced_data.jsonl,orange,low,too_low,20,14.935661792755127,950,1.0,1.0,1.0,1.0,ok
episode_20260723T015838_033248Z_000001,/home/ktakahashi/UMI-gripper-yue/UMI_ws/data_yue/train/orange/medium/01/episodes/episode_20260723T015838_033248Z_000001,/home/ktakahashi/UMI-gripper-yue/UMI_ws/data_yue/train/orange/medium/01/episodes/episode_20260723T015838_033248Z_000001/synced_data.jsonl,orange,medium,fine,01,14.981925010681152,735,1.0,1.0,1.0,1.0,ok
episode_20260723T015901_101279Z_000001,/home/ktakahashi/UMI-gripper-yue/UMI_ws/data_yue/train/orange/medium/02/episodes/episode_20260723T015901_101279Z_000001,/home/ktakahashi/UMI-gripper-yue/UMI_ws/data_yue/train/orange/medium/02/episodes/episode_20260723T015901_101279Z_000001/synced_data.jsonl,orange,medium,fine,02,14.982043027877808,740,1.0,1.0,1.0,1.0,ok
episode_20260723T015922_999632Z_000001,/home/ktakahashi/UMI-gripper-yue/UMI_ws/data_yue/train/orange/medium/03/episodes/episode_20260723T015922_999632Z_000001,/home/ktakahashi/UMI-gripper-yue/UMI_ws/data_yue/train/orange/medium/03/episodes/episode_20260723T015922_999632Z_000001/synced_data.jsonl,orange,medium,fine,03,14.981827974319458,737,1.0,1.0,1.0,1.0,ok
episode_20260723T015944_138221Z_000001,/home/ktakahashi/UMI-gripper-yue/UMI_ws/data_yue/train/orange/medium/04/episodes/episode_20260723T015944_138221Z_000001,/home/ktakahashi/UMI-gripper-yue/UMI_ws/data_yue/train/orange/medium/04/episodes/episode_20260723T015944_138221Z_000001/synced_data.jsonl,orange,medium,fine,04,14.982167720794678,757,1.0,1.0,1.0,1.0,ok
episode_20260723T020211_557480Z_000001,/home/ktakahashi/UMI-gripper-yue/UMI_ws/data_yue/train/orange/medium/05/episodes/episode_20260723T020211_557480Z_000001,/home/ktakahashi/UMI-gripper-yue/UMI_ws/data_yue/train/orange/medium/05/episodes/episode_20260723T020211_557480Z_000001/synced_data.jsonl,orange,medium,fine,05,12.45288372039795,584,1.0,1.0,1.0,1.0,ok
episode_20260723T020231_501803Z_000001,/home/ktakahashi/UMI-gripper-yue/UMI_ws/data_yue/train/orange/medium/06/episodes/episode_20260723T020231_501803Z_000001,/home/ktakahashi/UMI-gripper-yue/UMI_ws/data_yue/train/orange/medium/06/episodes/episode_20260723T020231_501803Z_000001/synced_data.jsonl,orange,medium,fine,06,14.981762886047363,856,1.0,1.0,1.0,1.0,ok
episode_20260723T020251_946492Z_000001,/home/ktakahashi/UMI-gripper-yue/UMI_ws/data_yue/train/orange/medium/07/episodes/episode_20260723T020251_946492Z_000001,/home/ktakahashi/UMI-gripper-yue/UMI_ws/data_yue/train/orange/medium/07/episodes/episode_20260723T020251_946492Z_000001/synced_data.jsonl,orange,medium,fine,07,14.949760437011719,807,1.0,1.0,1.0,1.0,ok
episode_20260723T020441_870798Z_000001,/home/ktakahashi/UMI-gripper-yue/UMI_ws/data_yue/train/orange/medium/08/episodes/episode_20260723T020441_870798Z_000001,/home/ktakahashi/UMI-gripper-yue/UMI_ws/data_yue/train/orange/medium/08/episodes/episode_20260723T020441_870798Z_000001/synced_data.jsonl,orange,medium,fine,08,14.98178482055664,870,1.0,1.0,1.0,1.0,ok
episode_20260723T020504_494240Z_000001,/home/ktakahashi/UMI-gripper-yue/UMI_ws/data_yue/train/orange/medium/09/episodes/episode_20260723T020504_494240Z_000001,/home/ktakahashi/UMI-gripper-yue/UMI_ws/data_yue/train/orange/medium/09/episodes/episode_20260723T020504_494240Z_000001/synced_data.jsonl,orange,medium,fine,09,14.981802463531494,836,1.0,1.0,1.0,1.0,ok
episode_20260723T020538_351529Z_000001,/home/ktakahashi/UMI-gripper-yue/UMI_ws/data_yue/train/orange/medium/10/episodes/episode_20260723T020538_351529Z_000001,/home/ktakahashi/UMI-gripper-yue/UMI_ws/data_yue/train/orange/medium/10/episodes/episode_20260723T020538_351529Z_000001/synced_data.jsonl,orange,medium,fine,10,14.98171877861023,859,1.0,1.0,1.0,1.0,ok
episode_20260723T020629_435635Z_000001,/home/ktakahashi/UMI-gripper-yue/UMI_ws/data_yue/train/orange/medium/11/episodes/episode_20260723T020629_435635Z_000001,/home/ktakahashi/UMI-gripper-yue/UMI_ws/data_yue/train/orange/medium/11/episodes/episode_20260723T020629_435635Z_000001/synced_data.jsonl,orange,medium,fine,11,14.981613159179688,823,1.0,1.0,1.0,1.0,ok
episode_20260723T020652_255965Z_000001,/home/ktakahashi/UMI-gripper-yue/UMI_ws/data_yue/train/orange/medium/12/episodes/episode_20260723T020652_255965Z_000001,/home/ktakahashi/UMI-gripper-yue/UMI_ws/data_yue/train/orange/medium/12/episodes/episode_20260723T020652_255965Z_000001/synced_data.jsonl,orange,medium,fine,12,14.981807470321655,873,1.0,1.0,1.0,1.0,ok
episode_20260723T020714_554695Z_000001,/home/ktakahashi/UMI-gripper-yue/UMI_ws/data_yue/train/orange/medium/13/episodes/episode_20260723T020714_554695Z_000001,/home/ktakahashi/UMI-gripper-yue/UMI_ws/data_yue/train/orange/medium/13/episodes/episode_20260723T020714_554695Z_000001/synced_data.jsonl,orange,medium,fine,13,14.645280838012695,814,1.0,1.0,1.0,1.0,ok
episode_20260723T020738_835815Z_000001,/home/ktakahashi/UMI-gripper-yue/UMI_ws/data_yue/train/orange/medium/14/episodes/episode_20260723T020738_835815Z_000001,/home/ktakahashi/UMI-gripper-yue/UMI_ws/data_yue/train/orange/medium/14/episodes/episode_20260723T020738_835815Z_000001/synced_data.jsonl,orange,medium,fine,14,12.613105773925781,744,1.0,1.0,1.0,1.0,ok
episode_20260723T020759_730731Z_000001,/home/ktakahashi/UMI-gripper-yue/UMI_ws/data_yue/train/orange/medium/15/episodes/episode_20260723T020759_730731Z_000001,/home/ktakahashi/UMI-gripper-yue/UMI_ws/data_yue/train/orange/medium/15/episodes/episode_20260723T020759_730731Z_000001/synced_data.jsonl,orange,medium,fine,15,14.581917762756348,818,1.0,1.0,1.0,1.0,ok
episode_20260723T020822_631692Z_000001,/home/ktakahashi/UMI-gripper-yue/UMI_ws/data_yue/train/orange/medium/16/episodes/episode_20260723T020822_631692Z_000001,/home/ktakahashi/UMI-gripper-yue/UMI_ws/data_yue/train/orange/medium/16/episodes/episode_20260723T020822_631692Z_000001/synced_data.jsonl,orange,medium,fine,16,14.741335153579712,789,1.0,1.0,1.0,1.0,ok
episode_20260723T020843_999973Z_000001,/home/ktakahashi/UMI-gripper-yue/UMI_ws/data_yue/train/orange/medium/17/episodes/episode_20260723T020843_999973Z_000001,/home/ktakahashi/UMI-gripper-yue/UMI_ws/data_yue/train/orange/medium/17/episodes/episode_20260723T020843_999973Z_000001/synced_data.jsonl,orange,medium,fine,17,14.981895208358765,846,1.0,1.0,1.0,1.0,ok
episode_20260723T020904_434770Z_000001,/home/ktakahashi/UMI-gripper-yue/UMI_ws/data_yue/train/orange/medium/18/episodes/episode_20260723T020904_434770Z_000001,/home/ktakahashi/UMI-gripper-yue/UMI_ws/data_yue/train/orange/medium/18/episodes/episode_20260723T020904_434770Z_000001/synced_data.jsonl,orange,medium,fine,18,14.149365425109863,752,1.0,1.0,1.0,1.0,ok
episode_20260723T020926_150707Z_000001,/home/ktakahashi/UMI-gripper-yue/UMI_ws/data_yue/train/orange/medium/19/episodes/episode_20260723T020926_150707Z_000001,/home/ktakahashi/UMI-gripper-yue/UMI_ws/data_yue/train/orange/medium/19/episodes/episode_20260723T020926_150707Z_000001/synced_data.jsonl,orange,medium,fine,19,14.91764760017395,854,1.0,1.0,1.0,1.0,ok
episode_20260723T020949_252253Z_000001,/home/ktakahashi/UMI-gripper-yue/UMI_ws/data_yue/train/orange/medium/20/episodes/episode_20260723T020949_252253Z_000001,/home/ktakahashi/UMI-gripper-yue/UMI_ws/data_yue/train/orange/medium/20/episodes/episode_20260723T020949_252253Z_000001/synced_data.jsonl,orange,medium,fine,20,14.918156147003174,857,1.0,1.0,1.0,1.0,ok
episode_20260717T064313_454817Z_000001,/home/ktakahashi/UMI-gripper-yue/UMI_ws/data_yue/train/paper_cup/high/01/episodes/episode_20260717T064313_454817Z_000001,/home/ktakahashi/UMI-gripper-yue/UMI_ws/data_yue/train/paper_cup/high/01/episodes/episode_20260717T064313_454817Z_000001/synced_data.jsonl,paper_cup,high,too_high,01,14.610524654388428,803,1.0,1.0,1.0,1.0,ok
episode_20260717T064337_550753Z_000001,/home/ktakahashi/UMI-gripper-yue/UMI_ws/data_yue/train/paper_cup/high/02/episodes/episode_20260717T064337_550753Z_000001,/home/ktakahashi/UMI-gripper-yue/UMI_ws/data_yue/train/paper_cup/high/02/episodes/episode_20260717T064337_550753Z_000001/synced_data.jsonl,paper_cup,high,too_high,02,14.961515665054321,803,1.0,1.0,1.0,1.0,ok
episode_20260717T064408_618008Z_000001,/home/ktakahashi/UMI-gripper-yue/UMI_ws/data_yue/train/paper_cup/high/03/episodes/episode_20260717T064408_618008Z_000001,/home/ktakahashi/UMI-gripper-yue/UMI_ws/data_yue/train/paper_cup/high/03/episodes/episode_20260717T064408_618008Z_000001/synced_data.jsonl,paper_cup,high,too_high,03,14.754878282546997,767,1.0,1.0,1.0,1.0,ok
episode_20260717T064431_878323Z_000001,/home/ktakahashi/UMI-gripper-yue/UMI_ws/data_yue/train/paper_cup/high/04/episodes/episode_20260717T064431_878323Z_000001,/home/ktakahashi/UMI-gripper-yue/UMI_ws/data_yue/train/paper_cup/high/04/episodes/episode_20260717T064431_878323Z_000001/synced_data.jsonl,paper_cup,high,too_high,04,14.962433815002441,842,1.0,1.0,1.0,1.0,ok
episode_20260717T064502_430044Z_000001,/home/ktakahashi/UMI-gripper-yue/UMI_ws/data_yue/train/paper_cup/high/05/episodes/episode_20260717T064502_430044Z_000001,/home/ktakahashi/UMI-gripper-yue/UMI_ws/data_yue/train/paper_cup/high/05/episodes/episode_20260717T064502_430044Z_000001/synced_data.jsonl,paper_cup,high,too_high,05,14.981291770935059,793,1.0,1.0,1.0,1.0,ok
episode_20260717T064524_215312Z_000001,/home/ktakahashi/UMI-gripper-yue/UMI_ws/data_yue/train/paper_cup/high/06/episodes/episode_20260717T064524_215312Z_000001,/home/ktakahashi/UMI-gripper-yue/UMI_ws/data_yue/train/paper_cup/high/06/episodes/episode_20260717T064524_215312Z_000001/synced_data.jsonl,paper_cup,high,too_high,06,14.549237489700317,795,1.0,1.0,1.0,1.0,ok
episode_20260717T064545_873077Z_000001,/home/ktakahashi/UMI-gripper-yue/UMI_ws/data_yue/train/paper_cup/high/07/episodes/episode_20260717T064545_873077Z_000001,/home/ktakahashi/UMI-gripper-yue/UMI_ws/data_yue/train/paper_cup/high/07/episodes/episode_20260717T064545_873077Z_000001/synced_data.jsonl,paper_cup,high,too_high,07,14.818474769592285,836,1.0,1.0,1.0,1.0,ok
episode_20260717T064610_256093Z_000001,/home/ktakahashi/UMI-gripper-yue/UMI_ws/data_yue/train/paper_cup/high/08/episodes/episode_20260717T064610_256093Z_000001,/home/ktakahashi/UMI-gripper-yue/UMI_ws/data_yue/train/paper_cup/high/08/episodes/episode_20260717T064610_256093Z_000001/synced_data.jsonl,paper_cup,high,too_high,08,14.978013515472412,851,1.0,1.0,1.0,1.0,ok
episode_20260717T064633_155968Z_000001,/home/ktakahashi/UMI-gripper-yue/UMI_ws/data_yue/train/paper_cup/high/09/episodes/episode_20260717T064633_155968Z_000001,/home/ktakahashi/UMI-gripper-yue/UMI_ws/data_yue/train/paper_cup/high/09/episodes/episode_20260717T064633_155968Z_000001/synced_data.jsonl,paper_cup,high,too_high,09,14.946258544921875,804,1.0,1.0,1.0,1.0,ok
episode_20260717T064658_954989Z_000001,/home/ktakahashi/UMI-gripper-yue/UMI_ws/data_yue/train/paper_cup/high/10/episodes/episode_20260717T064658_954989Z_000001,/home/ktakahashi/UMI-gripper-yue/UMI_ws/data_yue/train/paper_cup/high/10/episodes/episode_20260717T064658_954989Z_000001/synced_data.jsonl,paper_cup,high,too_high,10,14.978465795516968,863,1.0,1.0,1.0,1.0,ok
episode_20260717T064736_597619Z_000001,/home/ktakahashi/UMI-gripper-yue/UMI_ws/data_yue/train/paper_cup/high/11/episodes/episode_20260717T064736_597619Z_000001,/home/ktakahashi/UMI-gripper-yue/UMI_ws/data_yue/train/paper_cup/high/11/episodes/episode_20260717T064736_597619Z_000001/synced_data.jsonl,paper_cup,high,too_high,11,14.981218814849854,841,1.0,1.0,1.0,1.0,ok
episode_20260717T064800_669066Z_000001,/home/ktakahashi/UMI-gripper-yue/UMI_ws/data_yue/train/paper_cup/high/12/episodes/episode_20260717T064800_669066Z_000001,/home/ktakahashi/UMI-gripper-yue/UMI_ws/data_yue/train/paper_cup/high/12/episodes/episode_20260717T064800_669066Z_000001/synced_data.jsonl,paper_cup,high,too_high,12,14.89867639541626,893,1.0,1.0,1.0,1.0,ok
episode_20260717T064822_532098Z_000001,/home/ktakahashi/UMI-gripper-yue/UMI_ws/data_yue/train/paper_cup/high/13/episodes/episode_20260717T064822_532098Z_000001,/home/ktakahashi/UMI-gripper-yue/UMI_ws/data_yue/train/paper_cup/high/13/episodes/episode_20260717T064822_532098Z_000001/synced_data.jsonl,paper_cup,high,too_high,13,14.931519746780396,899,1.0,1.0,1.0,1.0,ok
episode_20260717T064843_328829Z_000001,/home/ktakahashi/UMI-gripper-yue/UMI_ws/data_yue/train/paper_cup/high/14/episodes/episode_20260717T064843_328829Z_000001,/home/ktakahashi/UMI-gripper-yue/UMI_ws/data_yue/train/paper_cup/high/14/episodes/episode_20260717T064843_328829Z_000001/synced_data.jsonl,paper_cup,high,too_high,14,14.930696725845337,863,1.0,1.0,1.0,1.0,ok
episode_20260717T064905_873049Z_000001,/home/ktakahashi/UMI-gripper-yue/UMI_ws/data_yue/train/paper_cup/high/15/episodes/episode_20260717T064905_873049Z_000001,/home/ktakahashi/UMI-gripper-yue/UMI_ws/data_yue/train/paper_cup/high/15/episodes/episode_20260717T064905_873049Z_000001/synced_data.jsonl,paper_cup,high,too_high,15,14.899535894393921,830,1.0,1.0,1.0,1.0,ok
episode_20260717T064927_411901Z_000001,/home/ktakahashi/UMI-gripper-yue/UMI_ws/data_yue/train/paper_cup/high/16/episodes/episode_20260717T064927_411901Z_000001,/home/ktakahashi/UMI-gripper-yue/UMI_ws/data_yue/train/paper_cup/high/16/episodes/episode_20260717T064927_411901Z_000001/synced_data.jsonl,paper_cup,high,too_high,16,14.979403495788574,943,1.0,1.0,1.0,1.0,ok
episode_20260717T064947_290647Z_000001,/home/ktakahashi/UMI-gripper-yue/UMI_ws/data_yue/train/paper_cup/high/17/episodes/episode_20260717T064947_290647Z_000001,/home/ktakahashi/UMI-gripper-yue/UMI_ws/data_yue/train/paper_cup/high/17/episodes/episode_20260717T064947_290647Z_000001/synced_data.jsonl,paper_cup,high,too_high,17,14.981062173843384,818,1.0,1.0,1.0,1.0,ok
episode_20260717T065021_315675Z_000001,/home/ktakahashi/UMI-gripper-yue/UMI_ws/data_yue/train/paper_cup/high/18/episodes/episode_20260717T065021_315675Z_000001,/home/ktakahashi/UMI-gripper-yue/UMI_ws/data_yue/train/paper_cup/high/18/episodes/episode_20260717T065021_315675Z_000001/synced_data.jsonl,paper_cup,high,too_high,18,13.633832693099976,647,1.0,1.0,1.0,1.0,ok
episode_20260717T065042_846281Z_000001,/home/ktakahashi/UMI-gripper-yue/UMI_ws/data_yue/train/paper_cup/high/19/episodes/episode_20260717T065042_846281Z_000001,/home/ktakahashi/UMI-gripper-yue/UMI_ws/data_yue/train/paper_cup/high/19/episodes/episode_20260717T065042_846281Z_000001/synced_data.jsonl,paper_cup,high,too_high,19,14.962573051452637,616,1.0,1.0,1.0,1.0,ok
episode_20260717T065108_211773Z_000001,/home/ktakahashi/UMI-gripper-yue/UMI_ws/data_yue/train/paper_cup/high/20/episodes/episode_20260717T065108_211773Z_000001,/home/ktakahashi/UMI-gripper-yue/UMI_ws/data_yue/train/paper_cup/high/20/episodes/episode_20260717T065108_211773Z_000001/synced_data.jsonl,paper_cup,high,too_high,20,14.947219133377075,865,1.0,1.0,1.0,1.0,ok
episode_20260717T063242_221213Z_000001,/home/ktakahashi/UMI-gripper-yue/UMI_ws/data_yue/train/paper_cup/low/01/episodes/episode_20260717T063242_221213Z_000001,/home/ktakahashi/UMI-gripper-yue/UMI_ws/data_yue/train/paper_cup/low/01/episodes/episode_20260717T063242_221213Z_000001/synced_data.jsonl,paper_cup,low,too_low,01,14.945631504058838,826,1.0,1.0,1.0,1.0,ok
episode_20260717T063401_015665Z_000001,/home/ktakahashi/UMI-gripper-yue/UMI_ws/data_yue/train/paper_cup/low/02/episodes/episode_20260717T063401_015665Z_000001,/home/ktakahashi/UMI-gripper-yue/UMI_ws/data_yue/train/paper_cup/low/02/episodes/episode_20260717T063401_015665Z_000001/synced_data.jsonl,paper_cup,low,too_low,02,14.962009906768799,738,1.0,1.0,1.0,1.0,ok
episode_20260717T063426_584635Z_000001,/home/ktakahashi/UMI-gripper-yue/UMI_ws/data_yue/train/paper_cup/low/03/episodes/episode_20260717T063426_584635Z_000001,/home/ktakahashi/UMI-gripper-yue/UMI_ws/data_yue/train/paper_cup/low/03/episodes/episode_20260717T063426_584635Z_000001/synced_data.jsonl,paper_cup,low,too_low,03,14.498729467391968,915,1.0,1.0,1.0,1.0,ok
episode_20260717T063447_718646Z_000001,/home/ktakahashi/UMI-gripper-yue/UMI_ws/data_yue/train/paper_cup/low/04/episodes/episode_20260717T063447_718646Z_000001,/home/ktakahashi/UMI-gripper-yue/UMI_ws/data_yue/train/paper_cup/low/04/episodes/episode_20260717T063447_718646Z_000001/synced_data.jsonl,paper_cup,low,too_low,04,14.979816436767578,802,1.0,1.0,1.0,1.0,ok
episode_20260717T063549_536643Z_000001,/home/ktakahashi/UMI-gripper-yue/UMI_ws/data_yue/train/paper_cup/low/05/episodes/episode_20260717T063549_536643Z_000001,/home/ktakahashi/UMI-gripper-yue/UMI_ws/data_yue/train/paper_cup/low/05/episodes/episode_20260717T063549_536643Z_000001/synced_data.jsonl,paper_cup,low,too_low,05,14.978994131088257,893,1.0,1.0,1.0,1.0,ok
episode_20260717T063608_713680Z_000001,/home/ktakahashi/UMI-gripper-yue/UMI_ws/data_yue/train/paper_cup/low/06/episodes/episode_20260717T063608_713680Z_000001,/home/ktakahashi/UMI-gripper-yue/UMI_ws/data_yue/train/paper_cup/low/06/episodes/episode_20260717T063608_713680Z_000001/synced_data.jsonl,paper_cup,low,too_low,06,14.979043006896973,898,1.0,1.0,1.0,1.0,ok
episode_20260717T063711_735030Z_000001,/home/ktakahashi/UMI-gripper-yue/UMI_ws/data_yue/train/paper_cup/low/07/episodes/episode_20260717T063711_735030Z_000001,/home/ktakahashi/UMI-gripper-yue/UMI_ws/data_yue/train/paper_cup/low/07/episodes/episode_20260717T063711_735030Z_000001/synced_data.jsonl,paper_cup,low,too_low,07,13.474632263183594,699,1.0,1.0,1.0,1.0,ok
episode_20260717T063743_116319Z_000001,/home/ktakahashi/UMI-gripper-yue/UMI_ws/data_yue/train/paper_cup/low/08/episodes/episode_20260717T063743_116319Z_000001,/home/ktakahashi/UMI-gripper-yue/UMI_ws/data_yue/train/paper_cup/low/08/episodes/episode_20260717T063743_116319Z_000001/synced_data.jsonl,paper_cup,low,too_low,08,14.580652475357056,983,1.0,1.0,1.0,1.0,ok
episode_20260717T063807_599986Z_000001,/home/ktakahashi/UMI-gripper-yue/UMI_ws/data_yue/train/paper_cup/low/09/episodes/episode_20260717T063807_599986Z_000001,/home/ktakahashi/UMI-gripper-yue/UMI_ws/data_yue/train/paper_cup/low/09/episodes/episode_20260717T063807_599986Z_000001/synced_data.jsonl,paper_cup,low,too_low,09,14.978391170501709,642,1.0,1.0,1.0,1.0,ok
episode_20260717T063834_815470Z_000001,/home/ktakahashi/UMI-gripper-yue/UMI_ws/data_yue/train/paper_cup/low/10/episodes/episode_20260717T063834_815470Z_000001,/home/ktakahashi/UMI-gripper-yue/UMI_ws/data_yue/train/paper_cup/low/10/episodes/episode_20260717T063834_815470Z_000001/synced_data.jsonl,paper_cup,low,too_low,10,14.961584568023682,887,1.0,1.0,1.0,1.0,ok
episode_20260717T063856_038904Z_000001,/home/ktakahashi/UMI-gripper-yue/UMI_ws/data_yue/train/paper_cup/low/11/episodes/episode_20260717T063856_038904Z_000001,/home/ktakahashi/UMI-gripper-yue/UMI_ws/data_yue/train/paper_cup/low/11/episodes/episode_20260717T063856_038904Z_000001/synced_data.jsonl,paper_cup,low,too_low,11,14.772913217544556,942,1.0,1.0,1.0,1.0,ok
episode_20260717T063917_701966Z_000001,/home/ktakahashi/UMI-gripper-yue/UMI_ws/data_yue/train/paper_cup/low/12/episodes/episode_20260717T063917_701966Z_000001,/home/ktakahashi/UMI-gripper-yue/UMI_ws/data_yue/train/paper_cup/low/12/episodes/episode_20260717T063917_701966Z_000001/synced_data.jsonl,paper_cup,low,too_low,12,14.914459943771362,677,1.0,1.0,1.0,1.0,ok
episode_20260717T063939_352523Z_000001,/home/ktakahashi/UMI-gripper-yue/UMI_ws/data_yue/train/paper_cup/low/13/episodes/episode_20260717T063939_352523Z_000001,/home/ktakahashi/UMI-gripper-yue/UMI_ws/data_yue/train/paper_cup/low/13/episodes/episode_20260717T063939_352523Z_000001/synced_data.jsonl,paper_cup,low,too_low,13,14.96362018585205,823,1.0,1.0,1.0,1.0,ok
episode_20260717T064002_104383Z_000001,/home/ktakahashi/UMI-gripper-yue/UMI_ws/data_yue/train/paper_cup/low/14/episodes/episode_20260717T064002_104383Z_000001,/home/ktakahashi/UMI-gripper-yue/UMI_ws/data_yue/train/paper_cup/low/14/episodes/episode_20260717T064002_104383Z_000001/synced_data.jsonl,paper_cup,low,too_low,14,14.978221654891968,926,1.0,1.0,1.0,1.0,ok
episode_20260717T064025_496913Z_000001,/home/ktakahashi/UMI-gripper-yue/UMI_ws/data_yue/train/paper_cup/low/15/episodes/episode_20260717T064025_496913Z_000001,/home/ktakahashi/UMI-gripper-yue/UMI_ws/data_yue/train/paper_cup/low/15/episodes/episode_20260717T064025_496913Z_000001/synced_data.jsonl,paper_cup,low,too_low,15,13.715267419815063,832,1.0,1.0,1.0,1.0,ok
episode_20260717T064050_701560Z_000001,/home/ktakahashi/UMI-gripper-yue/UMI_ws/data_yue/train/paper_cup/low/16/episodes/episode_20260717T064050_701560Z_000001,/home/ktakahashi/UMI-gripper-yue/UMI_ws/data_yue/train/paper_cup/low/16/episodes/episode_20260717T064050_701560Z_000001/synced_data.jsonl,paper_cup,low,too_low,16,12.945292472839355,760,1.0,1.0,1.0,1.0,ok
episode_20260717T064114_900616Z_000001,/home/ktakahashi/UMI-gripper-yue/UMI_ws/data_yue/train/paper_cup/low/17/episodes/episode_20260717T064114_900616Z_000001,/home/ktakahashi/UMI-gripper-yue/UMI_ws/data_yue/train/paper_cup/low/17/episodes/episode_20260717T064114_900616Z_000001/synced_data.jsonl,paper_cup,low,too_low,17,14.627410888671875,726,1.0,1.0,1.0,1.0,ok
episode_20260717T064135_924635Z_000001,/home/ktakahashi/UMI-gripper-yue/UMI_ws/data_yue/train/paper_cup/low/18/episodes/episode_20260717T064135_924635Z_000001,/home/ktakahashi/UMI-gripper-yue/UMI_ws/data_yue/train/paper_cup/low/18/episodes/episode_20260717T064135_924635Z_000001/synced_data.jsonl,paper_cup,low,too_low,18,12.900718927383423,771,1.0,1.0,1.0,1.0,ok
episode_20260717T064157_553347Z_000001,/home/ktakahashi/UMI-gripper-yue/UMI_ws/data_yue/train/paper_cup/low/19/episodes/episode_20260717T064157_553347Z_000001,/home/ktakahashi/UMI-gripper-yue/UMI_ws/data_yue/train/paper_cup/low/19/episodes/episode_20260717T064157_553347Z_000001/synced_data.jsonl,paper_cup,low,too_low,19,14.962334156036377,932,1.0,1.0,1.0,1.0,ok
episode_20260717T064219_088166Z_000001,/home/ktakahashi/UMI-gripper-yue/UMI_ws/data_yue/train/paper_cup/low/20/episodes/episode_20260717T064219_088166Z_000001,/home/ktakahashi/UMI-gripper-yue/UMI_ws/data_yue/train/paper_cup/low/20/episodes/episode_20260717T064219_088166Z_000001/synced_data.jsonl,paper_cup,low,too_low,20,14.977810621261597,903,1.0,1.0,1.0,1.0,ok
episode_20260717T062213_388428Z_000001,/home/ktakahashi/UMI-gripper-yue/UMI_ws/data_yue/train/paper_cup/medium/01/episodes/episode_20260717T062213_388428Z_000001,/home/ktakahashi/UMI-gripper-yue/UMI_ws/data_yue/train/paper_cup/medium/01/episodes/episode_20260717T062213_388428Z_000001/synced_data.jsonl,paper_cup,medium,fine,01,14.899004459381104,786,1.0,1.0,1.0,1.0,ok
episode_20260717T062236_705733Z_000001,/home/ktakahashi/UMI-gripper-yue/UMI_ws/data_yue/train/paper_cup/medium/02/episodes/episode_20260717T062236_705733Z_000001,/home/ktakahashi/UMI-gripper-yue/UMI_ws/data_yue/train/paper_cup/medium/02/episodes/episode_20260717T062236_705733Z_000001/synced_data.jsonl,paper_cup,medium,fine,02,14.881619215011597,871,1.0,1.0,1.0,1.0,ok
episode_20260717T062301_020086Z_000001,/home/ktakahashi/UMI-gripper-yue/UMI_ws/data_yue/train/paper_cup/medium/03/episodes/episode_20260717T062301_020086Z_000001,/home/ktakahashi/UMI-gripper-yue/UMI_ws/data_yue/train/paper_cup/medium/03/episodes/episode_20260717T062301_020086Z_000001/synced_data.jsonl,paper_cup,medium,fine,03,14.900597095489502,899,1.0,1.0,1.0,1.0,ok
episode_20260717T062323_910610Z_000001,/home/ktakahashi/UMI-gripper-yue/UMI_ws/data_yue/train/paper_cup/medium/04/episodes/episode_20260717T062323_910610Z_000001,/home/ktakahashi/UMI-gripper-yue/UMI_ws/data_yue/train/paper_cup/medium/04/episodes/episode_20260717T062323_910610Z_000001/synced_data.jsonl,paper_cup,medium,fine,04,14.946460485458374,866,1.0,1.0,1.0,1.0,ok
episode_20260717T062405_020954Z_000001,/home/ktakahashi/UMI-gripper-yue/UMI_ws/data_yue/train/paper_cup/medium/05/episodes/episode_20260717T062405_020954Z_000001,/home/ktakahashi/UMI-gripper-yue/UMI_ws/data_yue/train/paper_cup/medium/05/episodes/episode_20260717T062405_020954Z_000001/synced_data.jsonl,paper_cup,medium,fine,05,14.99428391456604,853,1.0,1.0,1.0,1.0,ok
episode_20260717T062427_087755Z_000001,/home/ktakahashi/UMI-gripper-yue/UMI_ws/data_yue/train/paper_cup/medium/06/episodes/episode_20260717T062427_087755Z_000001,/home/ktakahashi/UMI-gripper-yue/UMI_ws/data_yue/train/paper_cup/medium/06/episodes/episode_20260717T062427_087755Z_000001/synced_data.jsonl,paper_cup,medium,fine,06,14.674086332321167,818,1.0,1.0,1.0,1.0,ok
episode_20260717T062456_147285Z_000001,/home/ktakahashi/UMI-gripper-yue/UMI_ws/data_yue/train/paper_cup/medium/07/episodes/episode_20260717T062456_147285Z_000001,/home/ktakahashi/UMI-gripper-yue/UMI_ws/data_yue/train/paper_cup/medium/07/episodes/episode_20260717T062456_147285Z_000001/synced_data.jsonl,paper_cup,medium,fine,07,14.978087186813354,890,1.0,1.0,1.0,1.0,ok
episode_20260717T062519_620718Z_000001,/home/ktakahashi/UMI-gripper-yue/UMI_ws/data_yue/train/paper_cup/medium/08/episodes/episode_20260717T062519_620718Z_000001,/home/ktakahashi/UMI-gripper-yue/UMI_ws/data_yue/train/paper_cup/medium/08/episodes/episode_20260717T062519_620718Z_000001/synced_data.jsonl,paper_cup,medium,fine,08,14.962335586547852,907,1.0,1.0,1.0,1.0,ok
episode_20260717T062541_911220Z_000001,/home/ktakahashi/UMI-gripper-yue/UMI_ws/data_yue/train/paper_cup/medium/09/episodes/episode_20260717T062541_911220Z_000001,/home/ktakahashi/UMI-gripper-yue/UMI_ws/data_yue/train/paper_cup/medium/09/episodes/episode_20260717T062541_911220Z_000001/synced_data.jsonl,paper_cup,medium,fine,09,13.011793613433838,659,1.0,1.0,1.0,1.0,ok
episode_20260717T062617_712511Z_000001,/home/ktakahashi/UMI-gripper-yue/UMI_ws/data_yue/train/paper_cup/medium/10/episodes/episode_20260717T062617_712511Z_000001,/home/ktakahashi/UMI-gripper-yue/UMI_ws/data_yue/train/paper_cup/medium/10/episodes/episode_20260717T062617_712511Z_000001/synced_data.jsonl,paper_cup,medium,fine,10,14.645105838775635,752,1.0,1.0,1.0,1.0,ok
episode_20260717T062638_513844Z_000001,/home/ktakahashi/UMI-gripper-yue/UMI_ws/data_yue/train/paper_cup/medium/11/episodes/episode_20260717T062638_513844Z_000001,/home/ktakahashi/UMI-gripper-yue/UMI_ws/data_yue/train/paper_cup/medium/11/episodes/episode_20260717T062638_513844Z_000001/synced_data.jsonl,paper_cup,medium,fine,11,14.532026529312134,902,1.0,1.0,1.0,1.0,ok
episode_20260717T062658_999421Z_000001,/home/ktakahashi/UMI-gripper-yue/UMI_ws/data_yue/train/paper_cup/medium/12/episodes/episode_20260717T062658_999421Z_000001,/home/ktakahashi/UMI-gripper-yue/UMI_ws/data_yue/train/paper_cup/medium/12/episodes/episode_20260717T062658_999421Z_000001/synced_data.jsonl,paper_cup,medium,fine,12,14.898010730743408,892,1.0,1.0,1.0,1.0,ok
episode_20260717T062726_240714Z_000001,/home/ktakahashi/UMI-gripper-yue/UMI_ws/data_yue/train/paper_cup/medium/13/episodes/episode_20260717T062726_240714Z_000001,/home/ktakahashi/UMI-gripper-yue/UMI_ws/data_yue/train/paper_cup/medium/13/episodes/episode_20260717T062726_240714Z_000001/synced_data.jsonl,paper_cup,medium,fine,13,14.322057962417603,861,1.0,1.0,1.0,1.0,ok
episode_20260717T062747_040201Z_000001,/home/ktakahashi/UMI-gripper-yue/UMI_ws/data_yue/train/paper_cup/medium/14/episodes/episode_20260717T062747_040201Z_000001,/home/ktakahashi/UMI-gripper-yue/UMI_ws/data_yue/train/paper_cup/medium/14/episodes/episode_20260717T062747_040201Z_000001/synced_data.jsonl,paper_cup,medium,fine,14,14.962481021881104,874,1.0,1.0,1.0,1.0,ok
episode_20260717T062807_716191Z_000001,/home/ktakahashi/UMI-gripper-yue/UMI_ws/data_yue/train/paper_cup/medium/15/episodes/episode_20260717T062807_716191Z_000001,/home/ktakahashi/UMI-gripper-yue/UMI_ws/data_yue/train/paper_cup/medium/15/episodes/episode_20260717T062807_716191Z_000001/synced_data.jsonl,paper_cup,medium,fine,15,11.952565431594849,581,1.0,1.0,1.0,1.0,ok
episode_20260717T062829_975267Z_000001,/home/ktakahashi/UMI-gripper-yue/UMI_ws/data_yue/train/paper_cup/medium/16/episodes/episode_20260717T062829_975267Z_000001,/home/ktakahashi/UMI-gripper-yue/UMI_ws/data_yue/train/paper_cup/medium/16/episodes/episode_20260717T062829_975267Z_000001/synced_data.jsonl,paper_cup,medium,fine,16,14.369376420974731,878,1.0,1.0,1.0,1.0,ok
episode_20260717T062850_049750Z_000001,/home/ktakahashi/UMI-gripper-yue/UMI_ws/data_yue/train/paper_cup/medium/17/episodes/episode_20260717T062850_049750Z_000001,/home/ktakahashi/UMI-gripper-yue/UMI_ws/data_yue/train/paper_cup/medium/17/episodes/episode_20260717T062850_049750Z_000001/synced_data.jsonl,paper_cup,medium,fine,17,14.644783973693848,946,1.0,1.0,1.0,1.0,ok
episode_20260717T062910_219714Z_000001,/home/ktakahashi/UMI-gripper-yue/UMI_ws/data_yue/train/paper_cup/medium/18/episodes/episode_20260717T062910_219714Z_000001,/home/ktakahashi/UMI-gripper-yue/UMI_ws/data_yue/train/paper_cup/medium/18/episodes/episode_20260717T062910_219714Z_000001/synced_data.jsonl,paper_cup,medium,fine,18,14.754995346069336,863,1.0,1.0,1.0,1.0,ok
episode_20260717T062931_986945Z_000001,/home/ktakahashi/UMI-gripper-yue/UMI_ws/data_yue/train/paper_cup/medium/19/episodes/episode_20260717T062931_986945Z_000001,/home/ktakahashi/UMI-gripper-yue/UMI_ws/data_yue/train/paper_cup/medium/19/episodes/episode_20260717T062931_986945Z_000001/synced_data.jsonl,paper_cup,medium,fine,19,14.898017406463623,857,1.0,1.0,1.0,1.0,ok
episode_20260717T062957_539270Z_000001,/home/ktakahashi/UMI-gripper-yue/UMI_ws/data_yue/train/paper_cup/medium/20/episodes/episode_20260717T062957_539270Z_000001,/home/ktakahashi/UMI-gripper-yue/UMI_ws/data_yue/train/paper_cup/medium/20/episodes/episode_20260717T062957_539270Z_000001/synced_data.jsonl,paper_cup,medium,fine,20,14.930876731872559,951,1.0,1.0,1.0,1.0,ok
episode_20260717T075843_343877Z_000001,/home/ktakahashi/UMI-gripper-yue/UMI_ws/data_yue/train/softball/high/01/episodes/episode_20260717T075843_343877Z_000001,/home/ktakahashi/UMI-gripper-yue/UMI_ws/data_yue/train/softball/high/01/episodes/episode_20260717T075843_343877Z_000001/synced_data.jsonl,softball,high,too_high,01,14.802963972091675,749,1.0,1.0,1.0,1.0,ok
episode_20260717T075903_708928Z_000001,/home/ktakahashi/UMI-gripper-yue/UMI_ws/data_yue/train/softball/high/02/episodes/episode_20260717T075903_708928Z_000001,/home/ktakahashi/UMI-gripper-yue/UMI_ws/data_yue/train/softball/high/02/episodes/episode_20260717T075903_708928Z_000001/synced_data.jsonl,softball,high,too_high,02,14.672460079193115,723,1.0,1.0,1.0,1.0,ok
episode_20260717T075924_112428Z_000001,/home/ktakahashi/UMI-gripper-yue/UMI_ws/data_yue/train/softball/high/03/episodes/episode_20260717T075924_112428Z_000001,/home/ktakahashi/UMI-gripper-yue/UMI_ws/data_yue/train/softball/high/03/episodes/episode_20260717T075924_112428Z_000001/synced_data.jsonl,softball,high,too_high,03,14.816783666610718,778,1.0,1.0,1.0,1.0,ok
episode_20260717T075943_749965Z_000001,/home/ktakahashi/UMI-gripper-yue/UMI_ws/data_yue/train/softball/high/04/episodes/episode_20260717T075943_749965Z_000001,/home/ktakahashi/UMI-gripper-yue/UMI_ws/data_yue/train/softball/high/04/episodes/episode_20260717T075943_749965Z_000001/synced_data.jsonl,softball,high,too_high,04,14.960679769515991,876,1.0,1.0,1.0,1.0,ok
episode_20260717T080027_065299Z_000001,/home/ktakahashi/UMI-gripper-yue/UMI_ws/data_yue/train/softball/high/05/episodes/episode_20260717T080027_065299Z_000001,/home/ktakahashi/UMI-gripper-yue/UMI_ws/data_yue/train/softball/high/05/episodes/episode_20260717T080027_065299Z_000001/synced_data.jsonl,softball,high,too_high,05,13.990002632141113,776,1.0,1.0,1.0,1.0,ok
episode_20260717T080047_716448Z_000001,/home/ktakahashi/UMI-gripper-yue/UMI_ws/data_yue/train/softball/high/06/episodes/episode_20260717T080047_716448Z_000001,/home/ktakahashi/UMI-gripper-yue/UMI_ws/data_yue/train/softball/high/06/episodes/episode_20260717T080047_716448Z_000001/synced_data.jsonl,softball,high,too_high,06,14.979620933532715,809,1.0,1.0,1.0,1.0,ok
episode_20260717T080108_024046Z_000001,/home/ktakahashi/UMI-gripper-yue/UMI_ws/data_yue/train/softball/high/07/episodes/episode_20260717T080108_024046Z_000001,/home/ktakahashi/UMI-gripper-yue/UMI_ws/data_yue/train/softball/high/07/episodes/episode_20260717T080108_024046Z_000001/synced_data.jsonl,softball,high,too_high,07,14.612016201019287,858,1.0,1.0,1.0,1.0,ok
episode_20260717T080127_196719Z_000001,/home/ktakahashi/UMI-gripper-yue/UMI_ws/data_yue/train/softball/high/08/episodes/episode_20260717T080127_196719Z_000001,/home/ktakahashi/UMI-gripper-yue/UMI_ws/data_yue/train/softball/high/08/episodes/episode_20260717T080127_196719Z_000001/synced_data.jsonl,softball,high,too_high,08,14.86449670791626,767,1.0,1.0,1.0,1.0,ok
episode_20260717T080147_873773Z_000001,/home/ktakahashi/UMI-gripper-yue/UMI_ws/data_yue/train/softball/high/09/episodes/episode_20260717T080147_873773Z_000001,/home/ktakahashi/UMI-gripper-yue/UMI_ws/data_yue/train/softball/high/09/episodes/episode_20260717T080147_873773Z_000001/synced_data.jsonl,softball,high,too_high,09,14.72022271156311,887,1.0,1.0,1.0,1.0,ok
episode_20260717T080208_813021Z_000001,/home/ktakahashi/UMI-gripper-yue/UMI_ws/data_yue/train/softball/high/10/episodes/episode_20260717T080208_813021Z_000001,/home/ktakahashi/UMI-gripper-yue/UMI_ws/data_yue/train/softball/high/10/episodes/episode_20260717T080208_813021Z_000001/synced_data.jsonl,softball,high,too_high,10,14.835699558258057,926,1.0,1.0,1.0,1.0,ok
episode_20260717T074621_536633Z_000001,/home/ktakahashi/UMI-gripper-yue/UMI_ws/data_yue/train/softball/high/11/episodes/episode_20260717T074621_536633Z_000001,/home/ktakahashi/UMI-gripper-yue/UMI_ws/data_yue/train/softball/high/11/episodes/episode_20260717T074621_536633Z_000001/synced_data.jsonl,softball,high,too_high,11,14.976522207260132,816,1.0,1.0,1.0,1.0,ok
episode_20260717T074705_909917Z_000001,/home/ktakahashi/UMI-gripper-yue/UMI_ws/data_yue/train/softball/high/12/episodes/episode_20260717T074705_909917Z_000001,/home/ktakahashi/UMI-gripper-yue/UMI_ws/data_yue/train/softball/high/12/episodes/episode_20260717T074705_909917Z_000001/synced_data.jsonl,softball,high,too_high,12,14.644243478775024,699,1.0,1.0,1.0,1.0,ok
episode_20260717T074852_666027Z_000001,/home/ktakahashi/UMI-gripper-yue/UMI_ws/data_yue/train/softball/high/13/episodes/episode_20260717T074852_666027Z_000001,/home/ktakahashi/UMI-gripper-yue/UMI_ws/data_yue/train/softball/high/13/episodes/episode_20260717T074852_666027Z_000001/synced_data.jsonl,softball,high,too_high,13,14.578398704528809,615,1.0,1.0,1.0,1.0,ok
episode_20260717T074951_104460Z_000001,/home/ktakahashi/UMI-gripper-yue/UMI_ws/data_yue/train/softball/high/14/episodes/episode_20260717T074951_104460Z_000001,/home/ktakahashi/UMI-gripper-yue/UMI_ws/data_yue/train/softball/high/14/episodes/episode_20260717T074951_104460Z_000001/synced_data.jsonl,softball,high,too_high,14,12.384247541427612,705,1.0,1.0,1.0,1.0,ok
episode_20260717T075015_697065Z_000001,/home/ktakahashi/UMI-gripper-yue/UMI_ws/data_yue/train/softball/high/15/episodes/episode_20260717T075015_697065Z_000001,/home/ktakahashi/UMI-gripper-yue/UMI_ws/data_yue/train/softball/high/15/episodes/episode_20260717T075015_697065Z_000001/synced_data.jsonl,softball,high,too_high,15,12.848111152648926,585,1.0,1.0,1.0,1.0,ok
episode_20260717T075117_659365Z_000001,/home/ktakahashi/UMI-gripper-yue/UMI_ws/data_yue/train/softball/high/16/episodes/episode_20260717T075117_659365Z_000001,/home/ktakahashi/UMI-gripper-yue/UMI_ws/data_yue/train/softball/high/16/episodes/episode_20260717T075117_659365Z_000001/synced_data.jsonl,softball,high,too_high,16,14.034184455871582,696,1.0,1.0,1.0,1.0,ok
episode_20260717T075137_801183Z_000001,/home/ktakahashi/UMI-gripper-yue/UMI_ws/data_yue/train/softball/high/17/episodes/episode_20260717T075137_801183Z_000001,/home/ktakahashi/UMI-gripper-yue/UMI_ws/data_yue/train/softball/high/17/episodes/episode_20260717T075137_801183Z_000001/synced_data.jsonl,softball,high,too_high,17,14.545977115631104,827,1.0,1.0,1.0,1.0,ok
episode_20260717T075159_009264Z_000001,/home/ktakahashi/UMI-gripper-yue/UMI_ws/data_yue/train/softball/high/18/episodes/episode_20260717T075159_009264Z_000001,/home/ktakahashi/UMI-gripper-yue/UMI_ws/data_yue/train/softball/high/18/episodes/episode_20260717T075159_009264Z_000001/synced_data.jsonl,softball,high,too_high,18,14.980214357376099,704,1.0,1.0,1.0,1.0,ok
episode_20260717T075218_531099Z_000001,/home/ktakahashi/UMI-gripper-yue/UMI_ws/data_yue/train/softball/high/19/episodes/episode_20260717T075218_531099Z_000001,/home/ktakahashi/UMI-gripper-yue/UMI_ws/data_yue/train/softball/high/19/episodes/episode_20260717T075218_531099Z_000001/synced_data.jsonl,softball,high,too_high,19,14.946318864822388,743,1.0,1.0,1.0,1.0,ok
episode_20260717T075239_844353Z_000001,/home/ktakahashi/UMI-gripper-yue/UMI_ws/data_yue/train/softball/high/20/episodes/episode_20260717T075239_844353Z_000001,/home/ktakahashi/UMI-gripper-yue/UMI_ws/data_yue/train/softball/high/20/episodes/episode_20260717T075239_844353Z_000001/synced_data.jsonl,softball,high,too_high,20,13.889090776443481,664,1.0,1.0,1.0,1.0,ok
episode_20260717T070817_076968Z_000001,/home/ktakahashi/UMI-gripper-yue/UMI_ws/data_yue/train/softball/low/01/episodes/episode_20260717T070817_076968Z_000001,/home/ktakahashi/UMI-gripper-yue/UMI_ws/data_yue/train/softball/low/01/episodes/episode_20260717T070817_076968Z_000001/synced_data.jsonl,softball,low,too_low,01,14.981110095977783,877,1.0,1.0,1.0,1.0,ok
episode_20260717T070837_599537Z_000001,/home/ktakahashi/UMI-gripper-yue/UMI_ws/data_yue/train/softball/low/02/episodes/episode_20260717T070837_599537Z_000001,/home/ktakahashi/UMI-gripper-yue/UMI_ws/data_yue/train/softball/low/02/episodes/episode_20260717T070837_599537Z_000001/synced_data.jsonl,softball,low,too_low,02,13.170517921447754,748,1.0,1.0,1.0,1.0,ok
episode_20260717T070902_882253Z_000001,/home/ktakahashi/UMI-gripper-yue/UMI_ws/data_yue/train/softball/low/03/episodes/episode_20260717T070902_882253Z_000001,/home/ktakahashi/UMI-gripper-yue/UMI_ws/data_yue/train/softball/low/03/episodes/episode_20260717T070902_882253Z_000001/synced_data.jsonl,softball,low,too_low,03,14.978878259658813,781,1.0,1.0,1.0,1.0,ok
episode_20260717T070922_493757Z_000001,/home/ktakahashi/UMI-gripper-yue/UMI_ws/data_yue/train/softball/low/04/episodes/episode_20260717T070922_493757Z_000001,/home/ktakahashi/UMI-gripper-yue/UMI_ws/data_yue/train/softball/low/04/episodes/episode_20260717T070922_493757Z_000001/synced_data.jsonl,softball,low,too_low,04,14.964680433273315,897,1.0,1.0,1.0,1.0,ok
episode_20260717T070941_821372Z_000001,/home/ktakahashi/UMI-gripper-yue/UMI_ws/data_yue/train/softball/low/05/episodes/episode_20260717T070941_821372Z_000001,/home/ktakahashi/UMI-gripper-yue/UMI_ws/data_yue/train/softball/low/05/episodes/episode_20260717T070941_821372Z_000001/synced_data.jsonl,softball,low,too_low,05,14.980199337005615,878,1.0,1.0,1.0,1.0,ok
episode_20260717T071001_268974Z_000001,/home/ktakahashi/UMI-gripper-yue/UMI_ws/data_yue/train/softball/low/06/episodes/episode_20260717T071001_268974Z_000001,/home/ktakahashi/UMI-gripper-yue/UMI_ws/data_yue/train/softball/low/06/episodes/episode_20260717T071001_268974Z_000001/synced_data.jsonl,softball,low,too_low,06,14.948354244232178,845,1.0,1.0,1.0,1.0,ok
episode_20260717T071020_177941Z_000001,/home/ktakahashi/UMI-gripper-yue/UMI_ws/data_yue/train/softball/low/07/episodes/episode_20260717T071020_177941Z_000001,/home/ktakahashi/UMI-gripper-yue/UMI_ws/data_yue/train/softball/low/07/episodes/episode_20260717T071020_177941Z_000001/synced_data.jsonl,softball,low,too_low,07,12.484789371490479,666,1.0,1.0,1.0,1.0,ok
episode_20260717T071040_146759Z_000001,/home/ktakahashi/UMI-gripper-yue/UMI_ws/data_yue/train/softball/low/08/episodes/episode_20260717T071040_146759Z_000001,/home/ktakahashi/UMI-gripper-yue/UMI_ws/data_yue/train/softball/low/08/episodes/episode_20260717T071040_146759Z_000001/synced_data.jsonl,softball,low,too_low,08,14.98096227645874,808,1.0,1.0,1.0,1.0,ok
episode_20260717T071101_080454Z_000001,/home/ktakahashi/UMI-gripper-yue/UMI_ws/data_yue/train/softball/low/09/episodes/episode_20260717T071101_080454Z_000001,/home/ktakahashi/UMI-gripper-yue/UMI_ws/data_yue/train/softball/low/09/episodes/episode_20260717T071101_080454Z_000001/synced_data.jsonl,softball,low,too_low,09,14.980414390563965,680,1.0,1.0,1.0,1.0,ok
episode_20260717T071133_136942Z_000001,/home/ktakahashi/UMI-gripper-yue/UMI_ws/data_yue/train/softball/low/10/episodes/episode_20260717T071133_136942Z_000001,/home/ktakahashi/UMI-gripper-yue/UMI_ws/data_yue/train/softball/low/10/episodes/episode_20260717T071133_136942Z_000001/synced_data.jsonl,softball,low,too_low,10,13.555346965789795,709,1.0,1.0,1.0,1.0,ok
episode_20260717T071152_805814Z_000001,/home/ktakahashi/UMI-gripper-yue/UMI_ws/data_yue/train/softball/low/11/episodes/episode_20260717T071152_805814Z_000001,/home/ktakahashi/UMI-gripper-yue/UMI_ws/data_yue/train/softball/low/11/episodes/episode_20260717T071152_805814Z_000001/synced_data.jsonl,softball,low,too_low,11,14.739670753479004,805,1.0,1.0,1.0,1.0,ok
episode_20260717T071213_798183Z_000001,/home/ktakahashi/UMI-gripper-yue/UMI_ws/data_yue/train/softball/low/12/episodes/episode_20260717T071213_798183Z_000001,/home/ktakahashi/UMI-gripper-yue/UMI_ws/data_yue/train/softball/low/12/episodes/episode_20260717T071213_798183Z_000001/synced_data.jsonl,softball,low,too_low,12,14.994368076324463,803,1.0,1.0,1.0,1.0,ok
episode_20260717T071233_680637Z_000001,/home/ktakahashi/UMI-gripper-yue/UMI_ws/data_yue/train/softball/low/13/episodes/episode_20260717T071233_680637Z_000001,/home/ktakahashi/UMI-gripper-yue/UMI_ws/data_yue/train/softball/low/13/episodes/episode_20260717T071233_680637Z_000001/synced_data.jsonl,softball,low,too_low,13,14.963531255722046,874,1.0,1.0,1.0,1.0,ok
episode_20260717T071254_142801Z_000001,/home/ktakahashi/UMI-gripper-yue/UMI_ws/data_yue/train/softball/low/14/episodes/episode_20260717T071254_142801Z_000001,/home/ktakahashi/UMI-gripper-yue/UMI_ws/data_yue/train/softball/low/14/episodes/episode_20260717T071254_142801Z_000001/synced_data.jsonl,softball,low,too_low,14,14.96285104751587,564,1.0,1.0,1.0,1.0,ok
episode_20260717T071319_207594Z_000001,/home/ktakahashi/UMI-gripper-yue/UMI_ws/data_yue/train/softball/low/15/episodes/episode_20260717T071319_207594Z_000001,/home/ktakahashi/UMI-gripper-yue/UMI_ws/data_yue/train/softball/low/15/episodes/episode_20260717T071319_207594Z_000001/synced_data.jsonl,softball,low,too_low,15,12.884246826171875,728,1.0,1.0,1.0,1.0,ok
episode_20260717T071339_380394Z_000001,/home/ktakahashi/UMI-gripper-yue/UMI_ws/data_yue/train/softball/low/16/episodes/episode_20260717T071339_380394Z_000001,/home/ktakahashi/UMI-gripper-yue/UMI_ws/data_yue/train/softball/low/16/episodes/episode_20260717T071339_380394Z_000001/synced_data.jsonl,softball,low,too_low,16,14.964087009429932,947,1.0,1.0,1.0,1.0,ok
episode_20260717T071359_546486Z_000001,/home/ktakahashi/UMI-gripper-yue/UMI_ws/data_yue/train/softball/low/17/episodes/episode_20260717T071359_546486Z_000001,/home/ktakahashi/UMI-gripper-yue/UMI_ws/data_yue/train/softball/low/17/episodes/episode_20260717T071359_546486Z_000001/synced_data.jsonl,softball,low,too_low,17,12.851206302642822,762,1.0,1.0,1.0,1.0,ok
episode_20260717T071419_748836Z_000001,/home/ktakahashi/UMI-gripper-yue/UMI_ws/data_yue/train/softball/low/18/episodes/episode_20260717T071419_748836Z_000001,/home/ktakahashi/UMI-gripper-yue/UMI_ws/data_yue/train/softball/low/18/episodes/episode_20260717T071419_748836Z_000001/synced_data.jsonl,softball,low,too_low,18,14.979295492172241,890,1.0,1.0,1.0,1.0,ok
episode_20260717T071441_755161Z_000001,/home/ktakahashi/UMI-gripper-yue/UMI_ws/data_yue/train/softball/low/19/episodes/episode_20260717T071441_755161Z_000001,/home/ktakahashi/UMI-gripper-yue/UMI_ws/data_yue/train/softball/low/19/episodes/episode_20260717T071441_755161Z_000001/synced_data.jsonl,softball,low,too_low,19,14.977788925170898,926,1.0,1.0,1.0,1.0,ok
episode_20260717T071502_214485Z_000001,/home/ktakahashi/UMI-gripper-yue/UMI_ws/data_yue/train/softball/low/20/episodes/episode_20260717T071502_214485Z_000001,/home/ktakahashi/UMI-gripper-yue/UMI_ws/data_yue/train/softball/low/20/episodes/episode_20260717T071502_214485Z_000001/synced_data.jsonl,softball,low,too_low,20,14.882958889007568,803,1.0,1.0,1.0,1.0,ok
episode_20260717T065518_419410Z_000001,/home/ktakahashi/UMI-gripper-yue/UMI_ws/data_yue/train/softball/medium/01/episodes/episode_20260717T065518_419410Z_000001,/home/ktakahashi/UMI-gripper-yue/UMI_ws/data_yue/train/softball/medium/01/episodes/episode_20260717T065518_419410Z_000001/synced_data.jsonl,softball,medium,fine,01,14.277169942855835,734,1.0,1.0,1.0,1.0,ok
episode_20260717T065539_414794Z_000001,/home/ktakahashi/UMI-gripper-yue/UMI_ws/data_yue/train/softball/medium/02/episodes/episode_20260717T065539_414794Z_000001,/home/ktakahashi/UMI-gripper-yue/UMI_ws/data_yue/train/softball/medium/02/episodes/episode_20260717T065539_414794Z_000001/synced_data.jsonl,softball,medium,fine,02,14.97929859161377,803,1.0,1.0,1.0,1.0,ok
episode_20260717T065605_818472Z_000001,/home/ktakahashi/UMI-gripper-yue/UMI_ws/data_yue/train/softball/medium/03/episodes/episode_20260717T065605_818472Z_000001,/home/ktakahashi/UMI-gripper-yue/UMI_ws/data_yue/train/softball/medium/03/episodes/episode_20260717T065605_818472Z_000001/synced_data.jsonl,softball,medium,fine,03,14.852196216583252,838,1.0,1.0,1.0,1.0,ok
episode_20260717T065630_127754Z_000001,/home/ktakahashi/UMI-gripper-yue/UMI_ws/data_yue/train/softball/medium/04/episodes/episode_20260717T065630_127754Z_000001,/home/ktakahashi/UMI-gripper-yue/UMI_ws/data_yue/train/softball/medium/04/episodes/episode_20260717T065630_127754Z_000001/synced_data.jsonl,softball,medium,fine,04,13.459102869033813,736,1.0,1.0,1.0,1.0,ok
episode_20260717T065653_264978Z_000001,/home/ktakahashi/UMI-gripper-yue/UMI_ws/data_yue/train/softball/medium/05/episodes/episode_20260717T065653_264978Z_000001,/home/ktakahashi/UMI-gripper-yue/UMI_ws/data_yue/train/softball/medium/05/episodes/episode_20260717T065653_264978Z_000001/synced_data.jsonl,softball,medium,fine,05,14.676503896713257,732,1.0,1.0,1.0,1.0,ok
episode_20260717T065714_280018Z_000001,/home/ktakahashi/UMI-gripper-yue/UMI_ws/data_yue/train/softball/medium/06/episodes/episode_20260717T065714_280018Z_000001,/home/ktakahashi/UMI-gripper-yue/UMI_ws/data_yue/train/softball/medium/06/episodes/episode_20260717T065714_280018Z_000001/synced_data.jsonl,softball,medium,fine,06,14.978838443756104,979,1.0,1.0,1.0,1.0,ok
episode_20260717T065735_540385Z_000001,/home/ktakahashi/UMI-gripper-yue/UMI_ws/data_yue/train/softball/medium/07/episodes/episode_20260717T065735_540385Z_000001,/home/ktakahashi/UMI-gripper-yue/UMI_ws/data_yue/train/softball/medium/07/episodes/episode_20260717T065735_540385Z_000001/synced_data.jsonl,softball,medium,fine,07,14.96225118637085,903,1.0,1.0,1.0,1.0,ok
episode_20260717T065756_270453Z_000001,/home/ktakahashi/UMI-gripper-yue/UMI_ws/data_yue/train/softball/medium/08/episodes/episode_20260717T065756_270453Z_000001,/home/ktakahashi/UMI-gripper-yue/UMI_ws/data_yue/train/softball/medium/08/episodes/episode_20260717T065756_270453Z_000001/synced_data.jsonl,softball,medium,fine,08,14.739957571029663,473,1.0,1.0,1.0,1.0,ok
episode_20260717T065838_012076Z_000001,/home/ktakahashi/UMI-gripper-yue/UMI_ws/data_yue/train/softball/medium/09/episodes/episode_20260717T065838_012076Z_000001,/home/ktakahashi/UMI-gripper-yue/UMI_ws/data_yue/train/softball/medium/09/episodes/episode_20260717T065838_012076Z_000001/synced_data.jsonl,softball,medium,fine,09,14.97909688949585,928,1.0,1.0,1.0,1.0,ok
episode_20260717T065902_342874Z_000001,/home/ktakahashi/UMI-gripper-yue/UMI_ws/data_yue/train/softball/medium/10/episodes/episode_20260717T065902_342874Z_000001,/home/ktakahashi/UMI-gripper-yue/UMI_ws/data_yue/train/softball/medium/10/episodes/episode_20260717T065902_342874Z_000001/synced_data.jsonl,softball,medium,fine,10,14.899333953857422,840,1.0,1.0,1.0,1.0,ok
episode_20260717T070346_332293Z_000001,/home/ktakahashi/UMI-gripper-yue/UMI_ws/data_yue/train/softball/medium/11/episodes/episode_20260717T070346_332293Z_000001,/home/ktakahashi/UMI-gripper-yue/UMI_ws/data_yue/train/softball/medium/11/episodes/episode_20260717T070346_332293Z_000001/synced_data.jsonl,softball,medium,fine,11,13.906678915023804,762,1.0,1.0,1.0,1.0,ok
episode_20260717T070406_972341Z_000001,/home/ktakahashi/UMI-gripper-yue/UMI_ws/data_yue/train/softball/medium/12/episodes/episode_20260717T070406_972341Z_000001,/home/ktakahashi/UMI-gripper-yue/UMI_ws/data_yue/train/softball/medium/12/episodes/episode_20260717T070406_972341Z_000001/synced_data.jsonl,softball,medium,fine,12,13.48880934715271,872,1.0,1.0,1.0,1.0,ok
episode_20260717T070427_435730Z_000001,/home/ktakahashi/UMI-gripper-yue/UMI_ws/data_yue/train/softball/medium/13/episodes/episode_20260717T070427_435730Z_000001,/home/ktakahashi/UMI-gripper-yue/UMI_ws/data_yue/train/softball/medium/13/episodes/episode_20260717T070427_435730Z_000001/synced_data.jsonl,softball,medium,fine,13,14.946578025817871,857,1.0,1.0,1.0,1.0,ok
episode_20260717T070448_549764Z_000001,/home/ktakahashi/UMI-gripper-yue/UMI_ws/data_yue/train/softball/medium/14/episodes/episode_20260717T070448_549764Z_000001,/home/ktakahashi/UMI-gripper-yue/UMI_ws/data_yue/train/softball/medium/14/episodes/episode_20260717T070448_549764Z_000001/synced_data.jsonl,softball,medium,fine,14,14.978642225265503,641,1.0,1.0,1.0,1.0,ok
episode_20260717T070509_475297Z_000001,/home/ktakahashi/UMI-gripper-yue/UMI_ws/data_yue/train/softball/medium/15/episodes/episode_20260717T070509_475297Z_000001,/home/ktakahashi/UMI-gripper-yue/UMI_ws/data_yue/train/softball/medium/15/episodes/episode_20260717T070509_475297Z_000001/synced_data.jsonl,softball,medium,fine,15,14.579942226409912,915,1.0,1.0,1.0,1.0,ok
episode_20260717T070529_909767Z_000001,/home/ktakahashi/UMI-gripper-yue/UMI_ws/data_yue/train/softball/medium/16/episodes/episode_20260717T070529_909767Z_000001,/home/ktakahashi/UMI-gripper-yue/UMI_ws/data_yue/train/softball/medium/16/episodes/episode_20260717T070529_909767Z_000001/synced_data.jsonl,softball,medium,fine,16,14.978996753692627,869,1.0,1.0,1.0,1.0,ok
episode_20260717T070549_703687Z_000001,/home/ktakahashi/UMI-gripper-yue/UMI_ws/data_yue/train/softball/medium/17/episodes/episode_20260717T070549_703687Z_000001,/home/ktakahashi/UMI-gripper-yue/UMI_ws/data_yue/train/softball/medium/17/episodes/episode_20260717T070549_703687Z_000001/synced_data.jsonl,softball,medium,fine,17,14.947390079498291,861,1.0,1.0,1.0,1.0,ok
episode_20260717T070609_471382Z_000001,/home/ktakahashi/UMI-gripper-yue/UMI_ws/data_yue/train/softball/medium/18/episodes/episode_20260717T070609_471382Z_000001,/home/ktakahashi/UMI-gripper-yue/UMI_ws/data_yue/train/softball/medium/18/episodes/episode_20260717T070609_471382Z_000001/synced_data.jsonl,softball,medium,fine,18,14.978335618972778,795,1.0,1.0,1.0,1.0,ok
episode_20260717T070641_175103Z_000001,/home/ktakahashi/UMI-gripper-yue/UMI_ws/data_yue/train/softball/medium/19/episodes/episode_20260717T070641_175103Z_000001,/home/ktakahashi/UMI-gripper-yue/UMI_ws/data_yue/train/softball/medium/19/episodes/episode_20260717T070641_175103Z_000001/synced_data.jsonl,softball,medium,fine,19,14.997956275939941,818,1.0,1.0,1.0,1.0,ok
episode_20260717T070702_889979Z_000001,/home/ktakahashi/UMI-gripper-yue/UMI_ws/data_yue/train/softball/medium/20/episodes/episode_20260717T070702_889979Z_000001,/home/ktakahashi/UMI-gripper-yue/UMI_ws/data_yue/train/softball/medium/20/episodes/episode_20260717T070702_889979Z_000001/synced_data.jsonl,softball,medium,fine,20,13.477202415466309,832,1.0,1.0,1.0,1.0,ok
