episode_id,episode_dir,jsonl_path,object_type,force_level,label,trial_number,contact_start_sec,evaluation_time_sec,phase,phase_confidence,left_force_outlier_ratio,right_force_outlier_ratio,grasp_start_sec,grasp_end_sec,fallback_evaluation_sec,quality_flag,error_detail,review_status
episode_20260722T034046_682614Z_000001,/home/ktakahashi/UMI-gripper-yue/UMI_ws/data_yue/train/bottle_cap/high/01/episodes/episode_20260722T034046_682614Z_000001,/home/ktakahashi/UMI-gripper-yue/UMI_ws/data_yue/train/bottle_cap/high/01/episodes/episode_20260722T034046_682614Z_000001/synced_data.jsonl,bottle_cap,high,too_high,01,3.0091285705566406,5.492291212081909,adaptive_settled_contact,0.8,0.0,0.0,3.0,7.0,3.0,ok,,auto_ok
episode_20260722T034107_023369Z_000001,/home/ktakahashi/UMI-gripper-yue/UMI_ws/data_yue/train/bottle_cap/high/02/episodes/episode_20260722T034107_023369Z_000001,/home/ktakahashi/UMI-gripper-yue/UMI_ws/data_yue/train/bottle_cap/high/02/episodes/episode_20260722T034107_023369Z_000001/synced_data.jsonl,bottle_cap,high,too_high,02,3.506089448928833,4.306089448928833,contact_unsettled_fallback,0.5,0.0,0.0,3.0,7.0,3.0,ok,,auto_ok
episode_20260722T034152_122077Z_000001,/home/ktakahashi/UMI-gripper-yue/UMI_ws/data_yue/train/bottle_cap/high/03/episodes/episode_20260722T034152_122077Z_000001,/home/ktakahashi/UMI-gripper-yue/UMI_ws/data_yue/train/bottle_cap/high/03/episodes/episode_20260722T034152_122077Z_000001/synced_data.jsonl,bottle_cap,high,too_high,03,3.136491060256958,3.93729829788208,adaptive_settled_contact,0.8,0.0,0.0,3.0,7.0,3.0,ok,,auto_ok
episode_20260722T034212_961506Z_000001,/home/ktakahashi/UMI-gripper-yue/UMI_ws/data_yue/train/bottle_cap/high/04/episodes/episode_20260722T034212_961506Z_000001,/home/ktakahashi/UMI-gripper-yue/UMI_ws/data_yue/train/bottle_cap/high/04/episodes/episode_20260722T034212_961506Z_000001/synced_data.jsonl,bottle_cap,high,too_high,04,3.618776559829712,6.626723051071167,adaptive_settled_contact,0.8,0.0,0.0,3.0,7.0,3.0,ok,,auto_ok
episode_20260722T034308_471538Z_000001,/home/ktakahashi/UMI-gripper-yue/UMI_ws/data_yue/train/bottle_cap/high/05/episodes/episode_20260722T034308_471538Z_000001,/home/ktakahashi/UMI-gripper-yue/UMI_ws/data_yue/train/bottle_cap/high/05/episodes/episode_20260722T034308_471538Z_000001/synced_data.jsonl,bottle_cap,high,too_high,05,3.169660806655884,6.2568159103393555,adaptive_settled_contact,0.8,0.0,0.0,3.0,7.0,3.0,ok,,auto_ok
episode_20260722T034328_939636Z_000001,/home/ktakahashi/UMI-gripper-yue/UMI_ws/data_yue/train/bottle_cap/high/06/episodes/episode_20260722T034328_939636Z_000001,/home/ktakahashi/UMI-gripper-yue/UMI_ws/data_yue/train/bottle_cap/high/06/episodes/episode_20260722T034328_939636Z_000001/synced_data.jsonl,bottle_cap,high,too_high,06,3.632201910018921,4.432201910018921,contact_unsettled_fallback,0.5,0.0,0.0,3.0,7.0,3.0,ok,,auto_ok
episode_20260722T034350_526301Z_000001,/home/ktakahashi/UMI-gripper-yue/UMI_ws/data_yue/train/bottle_cap/high/07/episodes/episode_20260722T034350_526301Z_000001,/home/ktakahashi/UMI-gripper-yue/UMI_ws/data_yue/train/bottle_cap/high/07/episodes/episode_20260722T034350_526301Z_000001/synced_data.jsonl,bottle_cap,high,too_high,07,3.6653153896331787,6.72563624382019,adaptive_settled_contact,0.8,0.0,0.0,3.0,7.0,3.0,ok,,auto_ok
episode_20260722T034410_107983Z_000001,/home/ktakahashi/UMI-gripper-yue/UMI_ws/data_yue/train/bottle_cap/high/08/episodes/episode_20260722T034410_107983Z_000001,/home/ktakahashi/UMI-gripper-yue/UMI_ws/data_yue/train/bottle_cap/high/08/episodes/episode_20260722T034410_107983Z_000001/synced_data.jsonl,bottle_cap,high,too_high,08,3.455483913421631,4.450361967086792,adaptive_settled_contact,0.8,0.0,0.0,3.0,7.0,3.0,ok,,auto_ok
episode_20260722T034448_350028Z_000001,/home/ktakahashi/UMI-gripper-yue/UMI_ws/data_yue/train/bottle_cap/high/09/episodes/episode_20260722T034448_350028Z_000001,/home/ktakahashi/UMI-gripper-yue/UMI_ws/data_yue/train/bottle_cap/high/09/episodes/episode_20260722T034448_350028Z_000001/synced_data.jsonl,bottle_cap,high,too_high,09,3.3768668174743652,6.354448556900024,adaptive_settled_contact,0.8,0.0,0.0,3.0,7.0,3.0,ok,,auto_ok
episode_20260722T034618_303189Z_000001,/home/ktakahashi/UMI-gripper-yue/UMI_ws/data_yue/train/bottle_cap/high/10/episodes/episode_20260722T034618_303189Z_000001,/home/ktakahashi/UMI-gripper-yue/UMI_ws/data_yue/train/bottle_cap/high/10/episodes/episode_20260722T034618_303189Z_000001/synced_data.jsonl,bottle_cap,high,too_high,10,3.9517786502838135,5.135056495666504,adaptive_settled_contact,0.8,0.0,0.0,3.0,7.0,3.0,ok,,auto_ok
episode_20260722T034639_555880Z_000001,/home/ktakahashi/UMI-gripper-yue/UMI_ws/data_yue/train/bottle_cap/high/11/episodes/episode_20260722T034639_555880Z_000001,/home/ktakahashi/UMI-gripper-yue/UMI_ws/data_yue/train/bottle_cap/high/11/episodes/episode_20260722T034639_555880Z_000001/synced_data.jsonl,bottle_cap,high,too_high,11,3.5683350563049316,6.723587512969971,adaptive_settled_contact,0.8,0.0,0.0,3.0,7.0,3.0,ok,,auto_ok
episode_20260722T034749_810776Z_000001,/home/ktakahashi/UMI-gripper-yue/UMI_ws/data_yue/train/bottle_cap/high/12/episodes/episode_20260722T034749_810776Z_000001,/home/ktakahashi/UMI-gripper-yue/UMI_ws/data_yue/train/bottle_cap/high/12/episodes/episode_20260722T034749_810776Z_000001/synced_data.jsonl,bottle_cap,high,too_high,12,3.536139488220215,4.336139488220215,contact_unsettled_fallback,0.5,0.0,0.0,3.0,7.0,3.0,ok,,auto_ok
episode_20260722T034810_941389Z_000001,/home/ktakahashi/UMI-gripper-yue/UMI_ws/data_yue/train/bottle_cap/high/13/episodes/episode_20260722T034810_941389Z_000001,/home/ktakahashi/UMI-gripper-yue/UMI_ws/data_yue/train/bottle_cap/high/13/episodes/episode_20260722T034810_941389Z_000001/synced_data.jsonl,bottle_cap,high,too_high,13,3.619312047958374,5.107698202133179,adaptive_settled_contact,0.8,0.0,0.0,3.0,7.0,3.0,ok,,auto_ok
episode_20260722T034831_419855Z_000001,/home/ktakahashi/UMI-gripper-yue/UMI_ws/data_yue/train/bottle_cap/high/14/episodes/episode_20260722T034831_419855Z_000001,/home/ktakahashi/UMI-gripper-yue/UMI_ws/data_yue/train/bottle_cap/high/14/episodes/episode_20260722T034831_419855Z_000001/synced_data.jsonl,bottle_cap,high,too_high,14,3.648615837097168,4.448615837097168,contact_unsettled_fallback,0.5,0.0,0.0,3.0,7.0,3.0,ok,,auto_ok
episode_20260722T034851_671557Z_000001,/home/ktakahashi/UMI-gripper-yue/UMI_ws/data_yue/train/bottle_cap/high/15/episodes/episode_20260722T034851_671557Z_000001,/home/ktakahashi/UMI-gripper-yue/UMI_ws/data_yue/train/bottle_cap/high/15/episodes/episode_20260722T034851_671557Z_000001/synced_data.jsonl,bottle_cap,high,too_high,15,3.617436408996582,5.13931679725647,adaptive_settled_contact,0.8,0.0,0.0,3.0,7.0,3.0,ok,,auto_ok
episode_20260722T034912_845375Z_000001,/home/ktakahashi/UMI-gripper-yue/UMI_ws/data_yue/train/bottle_cap/high/16/episodes/episode_20260722T034912_845375Z_000001,/home/ktakahashi/UMI-gripper-yue/UMI_ws/data_yue/train/bottle_cap/high/16/episodes/episode_20260722T034912_845375Z_000001/synced_data.jsonl,bottle_cap,high,too_high,16,3.4913389682769775,5.907118797302246,adaptive_settled_contact,0.8,0.0,0.0,3.0,7.0,3.0,ok,,auto_ok
episode_20260722T035153_731479Z_000001,/home/ktakahashi/UMI-gripper-yue/UMI_ws/data_yue/train/bottle_cap/high/17/episodes/episode_20260722T035153_731479Z_000001,/home/ktakahashi/UMI-gripper-yue/UMI_ws/data_yue/train/bottle_cap/high/17/episodes/episode_20260722T035153_731479Z_000001/synced_data.jsonl,bottle_cap,high,too_high,17,3.4575679302215576,4.25818133354187,adaptive_settled_contact,0.8,0.0,0.0,3.0,7.0,3.0,ok,,auto_ok
episode_20260722T035404_009224Z_000001,/home/ktakahashi/UMI-gripper-yue/UMI_ws/data_yue/train/bottle_cap/high/18/episodes/episode_20260722T035404_009224Z_000001,/home/ktakahashi/UMI-gripper-yue/UMI_ws/data_yue/train/bottle_cap/high/18/episodes/episode_20260722T035404_009224Z_000001/synced_data.jsonl,bottle_cap,high,too_high,18,3.569209098815918,4.369209098815918,contact_unsettled_fallback,0.5,0.0,0.0,3.0,7.0,3.0,ok,,auto_ok
episode_20260722T035427_087550Z_000001,/home/ktakahashi/UMI-gripper-yue/UMI_ws/data_yue/train/bottle_cap/high/19/episodes/episode_20260722T035427_087550Z_000001,/home/ktakahashi/UMI-gripper-yue/UMI_ws/data_yue/train/bottle_cap/high/19/episodes/episode_20260722T035427_087550Z_000001/synced_data.jsonl,bottle_cap,high,too_high,19,3.567577362060547,6.896697521209717,adaptive_settled_contact,0.8,0.0,0.0,3.0,7.0,3.0,ok,,auto_ok
episode_20260722T040003_236155Z_000001,/home/ktakahashi/UMI-gripper-yue/UMI_ws/data_yue/train/bottle_cap/high/20/episodes/episode_20260722T040003_236155Z_000001,/home/ktakahashi/UMI-gripper-yue/UMI_ws/data_yue/train/bottle_cap/high/20/episodes/episode_20260722T040003_236155Z_000001/synced_data.jsonl,bottle_cap,high,too_high,20,3.1369247436523438,3.93904972076416,adaptive_settled_contact,0.8,0.0,0.0,3.0,7.0,3.0,ok,,auto_ok
episode_20260722T032137_861854Z_000001,/home/ktakahashi/UMI-gripper-yue/UMI_ws/data_yue/train/bottle_cap/low/01/episodes/episode_20260722T032137_861854Z_000001,/home/ktakahashi/UMI-gripper-yue/UMI_ws/data_yue/train/bottle_cap/low/01/episodes/episode_20260722T032137_861854Z_000001/synced_data.jsonl,bottle_cap,low,too_low,01,3.0572872161865234,3.857628583908081,adaptive_settled_contact,0.8,0.0,0.0,3.0,7.0,3.0,ok,,auto_ok
episode_20260722T032211_695356Z_000001,/home/ktakahashi/UMI-gripper-yue/UMI_ws/data_yue/train/bottle_cap/low/02/episodes/episode_20260722T032211_695356Z_000001,/home/ktakahashi/UMI-gripper-yue/UMI_ws/data_yue/train/bottle_cap/low/02/episodes/episode_20260722T032211_695356Z_000001/synced_data.jsonl,bottle_cap,low,too_low,02,3.10520601272583,3.9060277938842773,adaptive_settled_contact,0.8,0.0,0.0,3.0,7.0,3.0,ok,,auto_ok
episode_20260722T032255_816840Z_000001,/home/ktakahashi/UMI-gripper-yue/UMI_ws/data_yue/train/bottle_cap/low/03/episodes/episode_20260722T032255_816840Z_000001,/home/ktakahashi/UMI-gripper-yue/UMI_ws/data_yue/train/bottle_cap/low/03/episodes/episode_20260722T032255_816840Z_000001/synced_data.jsonl,bottle_cap,low,too_low,03,3.6489274501800537,5.090222120285034,adaptive_settled_contact,0.8,0.0,0.0,3.0,7.0,3.0,ok,,auto_ok
episode_20260722T032353_425037Z_000001,/home/ktakahashi/UMI-gripper-yue/UMI_ws/data_yue/train/bottle_cap/low/04/episodes/episode_20260722T032353_425037Z_000001,/home/ktakahashi/UMI-gripper-yue/UMI_ws/data_yue/train/bottle_cap/low/04/episodes/episode_20260722T032353_425037Z_000001/synced_data.jsonl,bottle_cap,low,too_low,04,3.408738613128662,5.4255993366241455,adaptive_settled_contact,0.8,0.0,0.0,3.0,7.0,3.0,ok,,auto_ok
episode_20260722T032735_492505Z_000001,/home/ktakahashi/UMI-gripper-yue/UMI_ws/data_yue/train/bottle_cap/low/05/episodes/episode_20260722T032735_492505Z_000001,/home/ktakahashi/UMI-gripper-yue/UMI_ws/data_yue/train/bottle_cap/low/05/episodes/episode_20260722T032735_492505Z_000001/synced_data.jsonl,bottle_cap,low,too_low,05,3.552122116088867,5.04149317741394,adaptive_settled_contact,0.8,0.0,0.0,3.0,7.0,3.0,ok,,auto_ok
episode_20260722T032755_789438Z_000001,/home/ktakahashi/UMI-gripper-yue/UMI_ws/data_yue/train/bottle_cap/low/06/episodes/episode_20260722T032755_789438Z_000001,/home/ktakahashi/UMI-gripper-yue/UMI_ws/data_yue/train/bottle_cap/low/06/episodes/episode_20260722T032755_789438Z_000001/synced_data.jsonl,bottle_cap,low,too_low,06,3.5051629543304443,4.3055970668792725,adaptive_settled_contact,0.8,0.0,0.0,3.0,7.0,3.0,ok,,auto_ok
episode_20260722T032903_746284Z_000001,/home/ktakahashi/UMI-gripper-yue/UMI_ws/data_yue/train/bottle_cap/low/07/episodes/episode_20260722T032903_746284Z_000001,/home/ktakahashi/UMI-gripper-yue/UMI_ws/data_yue/train/bottle_cap/low/07/episodes/episode_20260722T032903_746284Z_000001/synced_data.jsonl,bottle_cap,low,too_low,07,3.584897994995117,4.400450706481934,adaptive_settled_contact,0.8,0.0,0.0,3.0,7.0,3.0,ok,,auto_ok
episode_20260722T032924_767866Z_000001,/home/ktakahashi/UMI-gripper-yue/UMI_ws/data_yue/train/bottle_cap/low/08/episodes/episode_20260722T032924_767866Z_000001,/home/ktakahashi/UMI-gripper-yue/UMI_ws/data_yue/train/bottle_cap/low/08/episodes/episode_20260722T032924_767866Z_000001/synced_data.jsonl,bottle_cap,low,too_low,08,3.599719285964966,5.104923963546753,adaptive_settled_contact,0.8,0.0,0.0,3.0,7.0,3.0,ok,,auto_ok
episode_20260722T033017_398845Z_000001,/home/ktakahashi/UMI-gripper-yue/UMI_ws/data_yue/train/bottle_cap/low/09/episodes/episode_20260722T033017_398845Z_000001,/home/ktakahashi/UMI-gripper-yue/UMI_ws/data_yue/train/bottle_cap/low/09/episodes/episode_20260722T033017_398845Z_000001/synced_data.jsonl,bottle_cap,low,too_low,09,3.5356295108795166,4.336022853851318,adaptive_settled_contact,0.8,0.0,0.0,3.0,7.0,3.0,ok,,auto_ok
episode_20260722T033040_349565Z_000001,/home/ktakahashi/UMI-gripper-yue/UMI_ws/data_yue/train/bottle_cap/low/10/episodes/episode_20260722T033040_349565Z_000001,/home/ktakahashi/UMI-gripper-yue/UMI_ws/data_yue/train/bottle_cap/low/10/episodes/episode_20260722T033040_349565Z_000001/synced_data.jsonl,bottle_cap,low,too_low,10,4.097793102264404,4.914474964141846,adaptive_settled_contact,0.8,0.0,0.0,3.0,7.0,3.0,ok,,auto_ok
episode_20260722T033101_596283Z_000001,/home/ktakahashi/UMI-gripper-yue/UMI_ws/data_yue/train/bottle_cap/low/11/episodes/episode_20260722T033101_596283Z_000001,/home/ktakahashi/UMI-gripper-yue/UMI_ws/data_yue/train/bottle_cap/low/11/episodes/episode_20260722T033101_596283Z_000001/synced_data.jsonl,bottle_cap,low,too_low,11,3.7775700092315674,5.169132471084595,adaptive_settled_contact,0.8,0.0,0.0,3.0,7.0,3.0,ok,,auto_ok
episode_20260722T033124_109466Z_000001,/home/ktakahashi/UMI-gripper-yue/UMI_ws/data_yue/train/bottle_cap/low/12/episodes/episode_20260722T033124_109466Z_000001,/home/ktakahashi/UMI-gripper-yue/UMI_ws/data_yue/train/bottle_cap/low/12/episodes/episode_20260722T033124_109466Z_000001/synced_data.jsonl,bottle_cap,low,too_low,12,3.505190372467041,5.5869035720825195,adaptive_settled_contact,0.8,0.0,0.0,3.0,7.0,3.0,ok,,auto_ok
episode_20260722T033144_450171Z_000001,/home/ktakahashi/UMI-gripper-yue/UMI_ws/data_yue/train/bottle_cap/low/13/episodes/episode_20260722T033144_450171Z_000001,/home/ktakahashi/UMI-gripper-yue/UMI_ws/data_yue/train/bottle_cap/low/13/episodes/episode_20260722T033144_450171Z_000001/synced_data.jsonl,bottle_cap,low,too_low,13,3.9380199909210205,5.234207630157471,adaptive_settled_contact,0.8,0.0,0.0,3.0,7.0,3.0,ok,,auto_ok
episode_20260722T033421_877777Z_000001,/home/ktakahashi/UMI-gripper-yue/UMI_ws/data_yue/train/bottle_cap/low/14/episodes/episode_20260722T033421_877777Z_000001,/home/ktakahashi/UMI-gripper-yue/UMI_ws/data_yue/train/bottle_cap/low/14/episodes/episode_20260722T033421_877777Z_000001/synced_data.jsonl,bottle_cap,low,too_low,14,3.539778232574463,4.355201482772827,adaptive_settled_contact,0.8,0.0,0.0,3.0,7.0,3.0,ok,,auto_ok
episode_20260722T033443_089738Z_000001,/home/ktakahashi/UMI-gripper-yue/UMI_ws/data_yue/train/bottle_cap/low/15/episodes/episode_20260722T033443_089738Z_000001,/home/ktakahashi/UMI-gripper-yue/UMI_ws/data_yue/train/bottle_cap/low/15/episodes/episode_20260722T033443_089738Z_000001/synced_data.jsonl,bottle_cap,low,too_low,15,4.06508207321167,5.281637191772461,adaptive_settled_contact,0.8,0.0,0.0,3.0,7.0,3.0,ok,,auto_ok
episode_20260722T033506_284651Z_000001,/home/ktakahashi/UMI-gripper-yue/UMI_ws/data_yue/train/bottle_cap/low/16/episodes/episode_20260722T033506_284651Z_000001,/home/ktakahashi/UMI-gripper-yue/UMI_ws/data_yue/train/bottle_cap/low/16/episodes/episode_20260722T033506_284651Z_000001/synced_data.jsonl,bottle_cap,low,too_low,16,3.5533268451690674,4.353596210479736,adaptive_settled_contact,0.8,0.0,0.0,3.0,7.0,3.0,ok,,auto_ok
episode_20260722T033527_210666Z_000001,/home/ktakahashi/UMI-gripper-yue/UMI_ws/data_yue/train/bottle_cap/low/17/episodes/episode_20260722T033527_210666Z_000001,/home/ktakahashi/UMI-gripper-yue/UMI_ws/data_yue/train/bottle_cap/low/17/episodes/episode_20260722T033527_210666Z_000001/synced_data.jsonl,bottle_cap,low,too_low,17,3.584757089614868,4.40058708190918,adaptive_settled_contact,0.8,0.0,0.0,3.0,7.0,3.0,ok,,auto_ok
episode_20260722T033707_074303Z_000001,/home/ktakahashi/UMI-gripper-yue/UMI_ws/data_yue/train/bottle_cap/low/18/episodes/episode_20260722T033707_074303Z_000001,/home/ktakahashi/UMI-gripper-yue/UMI_ws/data_yue/train/bottle_cap/low/18/episodes/episode_20260722T033707_074303Z_000001/synced_data.jsonl,bottle_cap,low,too_low,18,3.841667890548706,5.107097864151001,adaptive_settled_contact,0.8,0.0,0.0,3.0,7.0,3.0,ok,,auto_ok
episode_20260722T033849_959668Z_000001,/home/ktakahashi/UMI-gripper-yue/UMI_ws/data_yue/train/bottle_cap/low/19/episodes/episode_20260722T033849_959668Z_000001,/home/ktakahashi/UMI-gripper-yue/UMI_ws/data_yue/train/bottle_cap/low/19/episodes/episode_20260722T033849_959668Z_000001/synced_data.jsonl,bottle_cap,low,too_low,19,3.0099849700927734,4.6269614696502686,adaptive_settled_contact,0.8,0.0,0.0,3.0,7.0,3.0,ok,,auto_ok
episode_20260722T033925_424216Z_000001,/home/ktakahashi/UMI-gripper-yue/UMI_ws/data_yue/train/bottle_cap/low/20/episodes/episode_20260722T033925_424216Z_000001,/home/ktakahashi/UMI-gripper-yue/UMI_ws/data_yue/train/bottle_cap/low/20/episodes/episode_20260722T033925_424216Z_000001/synced_data.jsonl,bottle_cap,low,too_low,20,3.218679666519165,4.019269227981567,adaptive_settled_contact,0.8,0.0,0.0,3.0,7.0,3.0,ok,,auto_ok
episode_20260722T031021_378629Z_000001,/home/ktakahashi/UMI-gripper-yue/UMI_ws/data_yue/train/bottle_cap/medium/01/episodes/episode_20260722T031021_378629Z_000001,/home/ktakahashi/UMI-gripper-yue/UMI_ws/data_yue/train/bottle_cap/medium/01/episodes/episode_20260722T031021_378629Z_000001/synced_data.jsonl,bottle_cap,medium,fine,01,3.0088837146759033,4.353567123413086,adaptive_settled_contact,0.8,0.0,0.0,3.0,7.0,3.0,ok,,auto_ok
episode_20260722T031043_778381Z_000001,/home/ktakahashi/UMI-gripper-yue/UMI_ws/data_yue/train/bottle_cap/medium/02/episodes/episode_20260722T031043_778381Z_000001,/home/ktakahashi/UMI-gripper-yue/UMI_ws/data_yue/train/bottle_cap/medium/02/episodes/episode_20260722T031043_778381Z_000001/synced_data.jsonl,bottle_cap,medium,fine,02,3.648841142654419,5.265582323074341,adaptive_settled_contact,0.8,0.0,0.0,3.0,7.0,3.0,ok,,auto_ok
episode_20260722T031108_482181Z_000001,/home/ktakahashi/UMI-gripper-yue/UMI_ws/data_yue/train/bottle_cap/medium/03/episodes/episode_20260722T031108_482181Z_000001,/home/ktakahashi/UMI-gripper-yue/UMI_ws/data_yue/train/bottle_cap/medium/03/episodes/episode_20260722T031108_482181Z_000001/synced_data.jsonl,bottle_cap,medium,fine,03,3.648844003677368,4.449123859405518,adaptive_settled_contact,0.8,0.0,0.0,3.0,7.0,3.0,ok,,auto_ok
episode_20260722T031143_768266Z_000001,/home/ktakahashi/UMI-gripper-yue/UMI_ws/data_yue/train/bottle_cap/medium/04/episodes/episode_20260722T031143_768266Z_000001,/home/ktakahashi/UMI-gripper-yue/UMI_ws/data_yue/train/bottle_cap/medium/04/episodes/episode_20260722T031143_768266Z_000001/synced_data.jsonl,bottle_cap,medium,fine,04,3.6641087532043457,5.810132026672363,adaptive_settled_contact,0.8,0.0,0.0,3.0,7.0,3.0,ok,,auto_ok
episode_20260722T031207_327308Z_000001,/home/ktakahashi/UMI-gripper-yue/UMI_ws/data_yue/train/bottle_cap/medium/05/episodes/episode_20260722T031207_327308Z_000001,/home/ktakahashi/UMI-gripper-yue/UMI_ws/data_yue/train/bottle_cap/medium/05/episodes/episode_20260722T031207_327308Z_000001/synced_data.jsonl,bottle_cap,medium,fine,05,3.7130560874938965,5.954429864883423,adaptive_settled_contact,0.8,0.0,0.0,3.0,7.0,3.0,ok,,auto_ok
episode_20260722T031228_216001Z_000001,/home/ktakahashi/UMI-gripper-yue/UMI_ws/data_yue/train/bottle_cap/medium/06/episodes/episode_20260722T031228_216001Z_000001,/home/ktakahashi/UMI-gripper-yue/UMI_ws/data_yue/train/bottle_cap/medium/06/episodes/episode_20260722T031228_216001Z_000001/synced_data.jsonl,bottle_cap,medium,fine,06,3.408447265625,5.633585691452026,adaptive_settled_contact,0.8,0.0,0.0,3.0,7.0,3.0,ok,,auto_ok
episode_20260722T031248_936032Z_000001,/home/ktakahashi/UMI-gripper-yue/UMI_ws/data_yue/train/bottle_cap/medium/07/episodes/episode_20260722T031248_936032Z_000001,/home/ktakahashi/UMI-gripper-yue/UMI_ws/data_yue/train/bottle_cap/medium/07/episodes/episode_20260722T031248_936032Z_000001/synced_data.jsonl,bottle_cap,medium,fine,07,3.632831573486328,6.657070875167847,adaptive_settled_contact,0.8,0.0,0.0,3.0,7.0,3.0,ok,,auto_ok
episode_20260722T031321_173101Z_000001,/home/ktakahashi/UMI-gripper-yue/UMI_ws/data_yue/train/bottle_cap/medium/08/episodes/episode_20260722T031321_173101Z_000001,/home/ktakahashi/UMI-gripper-yue/UMI_ws/data_yue/train/bottle_cap/medium/08/episodes/episode_20260722T031321_173101Z_000001/synced_data.jsonl,bottle_cap,medium,fine,08,3.538653612136841,6.595804214477539,adaptive_settled_contact,0.8,0.0,0.0,3.0,7.0,3.0,ok,,auto_ok
episode_20260722T031347_961981Z_000001,/home/ktakahashi/UMI-gripper-yue/UMI_ws/data_yue/train/bottle_cap/medium/09/episodes/episode_20260722T031347_961981Z_000001,/home/ktakahashi/UMI-gripper-yue/UMI_ws/data_yue/train/bottle_cap/medium/09/episodes/episode_20260722T031347_961981Z_000001/synced_data.jsonl,bottle_cap,medium,fine,09,3.713118076324463,5.603153228759766,adaptive_settled_contact,0.8,0.0,0.0,3.0,7.0,3.0,ok,,auto_ok
episode_20260722T031449_446187Z_000001,/home/ktakahashi/UMI-gripper-yue/UMI_ws/data_yue/train/bottle_cap/medium/10/episodes/episode_20260722T031449_446187Z_000001,/home/ktakahashi/UMI-gripper-yue/UMI_ws/data_yue/train/bottle_cap/medium/10/episodes/episode_20260722T031449_446187Z_000001/synced_data.jsonl,bottle_cap,medium,fine,10,3.647749662399292,6.6402342319488525,adaptive_settled_contact,0.8,0.0,0.0,3.0,7.0,3.0,ok,,auto_ok
episode_20260722T031509_345207Z_000001,/home/ktakahashi/UMI-gripper-yue/UMI_ws/data_yue/train/bottle_cap/medium/11/episodes/episode_20260722T031509_345207Z_000001,/home/ktakahashi/UMI-gripper-yue/UMI_ws/data_yue/train/bottle_cap/medium/11/episodes/episode_20260722T031509_345207Z_000001/synced_data.jsonl,bottle_cap,medium,fine,11,3.3770029544830322,6.40167236328125,adaptive_settled_contact,0.8,0.0,0.0,3.0,7.0,3.0,ok,,auto_ok
episode_20260722T031528_896629Z_000001,/home/ktakahashi/UMI-gripper-yue/UMI_ws/data_yue/train/bottle_cap/medium/12/episodes/episode_20260722T031528_896629Z_000001,/home/ktakahashi/UMI-gripper-yue/UMI_ws/data_yue/train/bottle_cap/medium/12/episodes/episode_20260722T031528_896629Z_000001/synced_data.jsonl,bottle_cap,medium,fine,12,3.5874483585357666,5.619750499725342,adaptive_settled_contact,0.8,0.0,0.0,3.0,7.0,3.0,ok,,auto_ok
episode_20260722T031601_626058Z_000001,/home/ktakahashi/UMI-gripper-yue/UMI_ws/data_yue/train/bottle_cap/medium/13/episodes/episode_20260722T031601_626058Z_000001,/home/ktakahashi/UMI-gripper-yue/UMI_ws/data_yue/train/bottle_cap/medium/13/episodes/episode_20260722T031601_626058Z_000001/synced_data.jsonl,bottle_cap,medium,fine,13,3.4267842769622803,4.226954936981201,adaptive_settled_contact,0.8,0.0,0.0,3.0,7.0,3.0,ok,,auto_ok
episode_20260722T031622_563188Z_000001,/home/ktakahashi/UMI-gripper-yue/UMI_ws/data_yue/train/bottle_cap/medium/14/episodes/episode_20260722T031622_563188Z_000001,/home/ktakahashi/UMI-gripper-yue/UMI_ws/data_yue/train/bottle_cap/medium/14/episodes/episode_20260722T031622_563188Z_000001/synced_data.jsonl,bottle_cap,medium,fine,14,3.0088181495666504,5.074482440948486,adaptive_settled_contact,0.8,0.0,0.0,3.0,7.0,3.0,ok,,auto_ok
episode_20260722T031643_161994Z_000001,/home/ktakahashi/UMI-gripper-yue/UMI_ws/data_yue/train/bottle_cap/medium/15/episodes/episode_20260722T031643_161994Z_000001,/home/ktakahashi/UMI-gripper-yue/UMI_ws/data_yue/train/bottle_cap/medium/15/episodes/episode_20260722T031643_161994Z_000001/synced_data.jsonl,bottle_cap,medium,fine,15,3.026754140853882,5.268133640289307,adaptive_settled_contact,0.8,0.0,0.0,3.0,7.0,3.0,ok,,auto_ok
episode_20260722T031804_921484Z_000001,/home/ktakahashi/UMI-gripper-yue/UMI_ws/data_yue/train/bottle_cap/medium/16/episodes/episode_20260722T031804_921484Z_000001,/home/ktakahashi/UMI-gripper-yue/UMI_ws/data_yue/train/bottle_cap/medium/16/episodes/episode_20260722T031804_921484Z_000001/synced_data.jsonl,bottle_cap,medium,fine,16,3.4896934032440186,4.289693403244018,contact_unsettled_fallback,0.5,0.0,0.0,3.0,7.0,3.0,ok,,auto_ok
episode_20260722T031828_818461Z_000001,/home/ktakahashi/UMI-gripper-yue/UMI_ws/data_yue/train/bottle_cap/medium/17/episodes/episode_20260722T031828_818461Z_000001,/home/ktakahashi/UMI-gripper-yue/UMI_ws/data_yue/train/bottle_cap/medium/17/episodes/episode_20260722T031828_818461Z_000001/synced_data.jsonl,bottle_cap,medium,fine,17,3.50520396232605,4.417640924453735,adaptive_settled_contact,0.8,0.0,0.0,3.0,7.0,3.0,ok,,auto_ok
episode_20260722T031851_137026Z_000001,/home/ktakahashi/UMI-gripper-yue/UMI_ws/data_yue/train/bottle_cap/medium/18/episodes/episode_20260722T031851_137026Z_000001,/home/ktakahashi/UMI-gripper-yue/UMI_ws/data_yue/train/bottle_cap/medium/18/episodes/episode_20260722T031851_137026Z_000001/synced_data.jsonl,bottle_cap,medium,fine,18,3.520996332168579,6.529648303985596,adaptive_settled_contact,0.8,0.0,0.0,3.0,7.0,3.0,ok,,auto_ok
episode_20260722T031911_876231Z_000001,/home/ktakahashi/UMI-gripper-yue/UMI_ws/data_yue/train/bottle_cap/medium/19/episodes/episode_20260722T031911_876231Z_000001,/home/ktakahashi/UMI-gripper-yue/UMI_ws/data_yue/train/bottle_cap/medium/19/episodes/episode_20260722T031911_876231Z_000001/synced_data.jsonl,bottle_cap,medium,fine,19,3.6162853240966797,6.832082271575928,adaptive_settled_contact,0.8,0.0,0.0,3.0,7.0,3.0,ok,,auto_ok
episode_20260722T032039_006261Z_000001,/home/ktakahashi/UMI-gripper-yue/UMI_ws/data_yue/train/bottle_cap/medium/20/episodes/episode_20260722T032039_006261Z_000001,/home/ktakahashi/UMI-gripper-yue/UMI_ws/data_yue/train/bottle_cap/medium/20/episodes/episode_20260722T032039_006261Z_000001/synced_data.jsonl,bottle_cap,medium,fine,20,3.634464740753174,5.024811267852783,adaptive_settled_contact,0.8,0.0,0.0,3.0,7.0,3.0,ok,,auto_ok
episode_20260723T031517_417511Z_000001,/home/ktakahashi/UMI-gripper-yue/UMI_ws/data_yue/train/chips_can/high/01/episodes/episode_20260723T031517_417511Z_000001,/home/ktakahashi/UMI-gripper-yue/UMI_ws/data_yue/train/chips_can/high/01/episodes/episode_20260723T031517_417511Z_000001/synced_data.jsonl,chips_can,high,too_high,01,3.535122871398926,6.593665838241577,adaptive_settled_contact,0.8,0.0,0.0,3.0,7.0,3.0,ok,,auto_ok
episode_20260723T031551_832093Z_000001,/home/ktakahashi/UMI-gripper-yue/UMI_ws/data_yue/train/chips_can/high/02/episodes/episode_20260723T031551_832093Z_000001,/home/ktakahashi/UMI-gripper-yue/UMI_ws/data_yue/train/chips_can/high/02/episodes/episode_20260723T031551_832093Z_000001/synced_data.jsonl,chips_can,high,too_high,02,3.7776851654052734,4.57782506942749,adaptive_settled_contact,0.8,0.0,0.0,3.0,7.0,3.0,ok,,auto_ok
episode_20260723T031611_510487Z_000001,/home/ktakahashi/UMI-gripper-yue/UMI_ws/data_yue/train/chips_can/high/03/episodes/episode_20260723T031611_510487Z_000001,/home/ktakahashi/UMI-gripper-yue/UMI_ws/data_yue/train/chips_can/high/03/episodes/episode_20260723T031611_510487Z_000001/synced_data.jsonl,chips_can,high,too_high,03,3.50581955909729,6.5318922996521,adaptive_settled_contact,0.8,0.0,0.0,3.0,7.0,3.0,ok,,auto_ok
episode_20260723T031631_651863Z_000001,/home/ktakahashi/UMI-gripper-yue/UMI_ws/data_yue/train/chips_can/high/04/episodes/episode_20260723T031631_651863Z_000001,/home/ktakahashi/UMI-gripper-yue/UMI_ws/data_yue/train/chips_can/high/04/episodes/episode_20260723T031631_651863Z_000001/synced_data.jsonl,chips_can,high,too_high,04,3.5369889736175537,6.483100414276123,adaptive_settled_contact,0.8,0.0,0.0,3.0,7.0,3.0,ok,,auto_ok
episode_20260723T031651_834986Z_000001,/home/ktakahashi/UMI-gripper-yue/UMI_ws/data_yue/train/chips_can/high/05/episodes/episode_20260723T031651_834986Z_000001,/home/ktakahashi/UMI-gripper-yue/UMI_ws/data_yue/train/chips_can/high/05/episodes/episode_20260723T031651_834986Z_000001/synced_data.jsonl,chips_can,high,too_high,05,3.632848024368286,5.457523345947266,adaptive_settled_contact,0.8,0.0,0.0,3.0,7.0,3.0,ok,,auto_ok
episode_20260723T031737_485022Z_000001,/home/ktakahashi/UMI-gripper-yue/UMI_ws/data_yue/train/chips_can/high/06/episodes/episode_20260723T031737_485022Z_000001,/home/ktakahashi/UMI-gripper-yue/UMI_ws/data_yue/train/chips_can/high/06/episodes/episode_20260723T031737_485022Z_000001/synced_data.jsonl,chips_can,high,too_high,06,3.6193459033966064,4.432884693145752,adaptive_settled_contact,0.8,0.0,0.0,3.0,7.0,3.0,ok,,auto_ok
episode_20260723T031757_843442Z_000001,/home/ktakahashi/UMI-gripper-yue/UMI_ws/data_yue/train/chips_can/high/07/episodes/episode_20260723T031757_843442Z_000001,/home/ktakahashi/UMI-gripper-yue/UMI_ws/data_yue/train/chips_can/high/07/episodes/episode_20260723T031757_843442Z_000001/synced_data.jsonl,chips_can,high,too_high,07,3.618842124938965,4.418875694274902,adaptive_settled_contact,0.8,0.0,0.0,3.0,7.0,3.0,ok,,auto_ok
episode_20260723T031914_605482Z_000001,/home/ktakahashi/UMI-gripper-yue/UMI_ws/data_yue/train/chips_can/high/08/episodes/episode_20260723T031914_605482Z_000001,/home/ktakahashi/UMI-gripper-yue/UMI_ws/data_yue/train/chips_can/high/08/episodes/episode_20260723T031914_605482Z_000001/synced_data.jsonl,chips_can,high,too_high,08,3.745435953140259,6.563184499740601,adaptive_settled_contact,0.8,0.0,0.0,3.0,7.0,3.0,ok,,auto_ok
episode_20260723T031936_151303Z_000001,/home/ktakahashi/UMI-gripper-yue/UMI_ws/data_yue/train/chips_can/high/09/episodes/episode_20260723T031936_151303Z_000001,/home/ktakahashi/UMI-gripper-yue/UMI_ws/data_yue/train/chips_can/high/09/episodes/episode_20260723T031936_151303Z_000001/synced_data.jsonl,chips_can,high,too_high,09,3.2192375659942627,4.03507661819458,adaptive_settled_contact,0.8,0.0,0.0,3.0,7.0,3.0,ok,,auto_ok
episode_20260723T031959_027124Z_000001,/home/ktakahashi/UMI-gripper-yue/UMI_ws/data_yue/train/chips_can/high/10/episodes/episode_20260723T031959_027124Z_000001,/home/ktakahashi/UMI-gripper-yue/UMI_ws/data_yue/train/chips_can/high/10/episodes/episode_20260723T031959_027124Z_000001/synced_data.jsonl,chips_can,high,too_high,10,4.321210145950317,5.824983358383179,adaptive_settled_contact,0.8,0.0,0.0,3.0,7.0,3.0,ok,,auto_ok
episode_20260723T032027_160817Z_000001,/home/ktakahashi/UMI-gripper-yue/UMI_ws/data_yue/train/chips_can/high/11/episodes/episode_20260723T032027_160817Z_000001,/home/ktakahashi/UMI-gripper-yue/UMI_ws/data_yue/train/chips_can/high/11/episodes/episode_20260723T032027_160817Z_000001/synced_data.jsonl,chips_can,high,too_high,11,3.0084168910980225,4.143663167953491,adaptive_settled_contact,0.8,0.0,0.0,3.0,7.0,3.0,ok,,auto_ok
episode_20260723T032048_296724Z_000001,/home/ktakahashi/UMI-gripper-yue/UMI_ws/data_yue/train/chips_can/high/12/episodes/episode_20260723T032048_296724Z_000001,/home/ktakahashi/UMI-gripper-yue/UMI_ws/data_yue/train/chips_can/high/12/episodes/episode_20260723T032048_296724Z_000001/synced_data.jsonl,chips_can,high,too_high,12,3.489075183868408,4.29019832611084,adaptive_settled_contact,0.8,0.0,0.0,3.0,7.0,3.0,ok,,auto_ok
episode_20260723T032110_209071Z_000001,/home/ktakahashi/UMI-gripper-yue/UMI_ws/data_yue/train/chips_can/high/13/episodes/episode_20260723T032110_209071Z_000001,/home/ktakahashi/UMI-gripper-yue/UMI_ws/data_yue/train/chips_can/high/13/episodes/episode_20260723T032110_209071Z_000001/synced_data.jsonl,chips_can,high,too_high,13,3.6491403579711914,6.467186450958252,adaptive_settled_contact,0.8,0.0,0.0,3.0,7.0,3.0,ok,,auto_ok
episode_20260723T032130_319549Z_000001,/home/ktakahashi/UMI-gripper-yue/UMI_ws/data_yue/train/chips_can/high/14/episodes/episode_20260723T032130_319549Z_000001,/home/ktakahashi/UMI-gripper-yue/UMI_ws/data_yue/train/chips_can/high/14/episodes/episode_20260723T032130_319549Z_000001/synced_data.jsonl,chips_can,high,too_high,14,3.4744229316711426,4.276490211486816,adaptive_settled_contact,0.8,0.0,0.0,3.0,7.0,3.0,ok,,auto_ok
episode_20260723T032152_416327Z_000001,/home/ktakahashi/UMI-gripper-yue/UMI_ws/data_yue/train/chips_can/high/15/episodes/episode_20260723T032152_416327Z_000001,/home/ktakahashi/UMI-gripper-yue/UMI_ws/data_yue/train/chips_can/high/15/episodes/episode_20260723T032152_416327Z_000001/synced_data.jsonl,chips_can,high,too_high,15,3.824308395385742,6.578493595123291,adaptive_settled_contact,0.8,0.0,0.0,3.0,7.0,3.0,ok,,auto_ok
episode_20260723T032214_798070Z_000001,/home/ktakahashi/UMI-gripper-yue/UMI_ws/data_yue/train/chips_can/high/16/episodes/episode_20260723T032214_798070Z_000001,/home/ktakahashi/UMI-gripper-yue/UMI_ws/data_yue/train/chips_can/high/16/episodes/episode_20260723T032214_798070Z_000001/synced_data.jsonl,chips_can,high,too_high,16,3.4883787631988525,4.2893829345703125,adaptive_settled_contact,0.8,0.0,0.0,3.0,7.0,3.0,ok,,auto_ok
episode_20260723T032236_071945Z_000001,/home/ktakahashi/UMI-gripper-yue/UMI_ws/data_yue/train/chips_can/high/17/episodes/episode_20260723T032236_071945Z_000001,/home/ktakahashi/UMI-gripper-yue/UMI_ws/data_yue/train/chips_can/high/17/episodes/episode_20260723T032236_071945Z_000001/synced_data.jsonl,chips_can,high,too_high,17,3.4551291465759277,4.257843017578125,adaptive_settled_contact,0.8,0.0,0.0,3.0,7.0,3.0,ok,,auto_ok
episode_20260723T032256_670794Z_000001,/home/ktakahashi/UMI-gripper-yue/UMI_ws/data_yue/train/chips_can/high/18/episodes/episode_20260723T032256_670794Z_000001,/home/ktakahashi/UMI-gripper-yue/UMI_ws/data_yue/train/chips_can/high/18/episodes/episode_20260723T032256_670794Z_000001/synced_data.jsonl,chips_can,high,too_high,18,4.22467303276062,5.185063600540161,adaptive_settled_contact,0.8,0.0,0.0,3.0,7.0,3.0,ok,,auto_ok
episode_20260723T032654_022196Z_000001,/home/ktakahashi/UMI-gripper-yue/UMI_ws/data_yue/train/chips_can/high/19/episodes/episode_20260723T032654_022196Z_000001,/home/ktakahashi/UMI-gripper-yue/UMI_ws/data_yue/train/chips_can/high/19/episodes/episode_20260723T032654_022196Z_000001/synced_data.jsonl,chips_can,high,too_high,19,3.8735976219177246,4.674135684967041,adaptive_settled_contact,0.8,0.0,0.0,3.0,7.0,3.0,ok,,auto_ok
episode_20260723T032432_436857Z_000001,/home/ktakahashi/UMI-gripper-yue/UMI_ws/data_yue/train/chips_can/high/20/episodes/episode_20260723T032432_436857Z_000001,/home/ktakahashi/UMI-gripper-yue/UMI_ws/data_yue/train/chips_can/high/20/episodes/episode_20260723T032432_436857Z_000001/synced_data.jsonl,chips_can,high,too_high,20,3.50620436668396,4.418260097503662,adaptive_settled_contact,0.8,0.0,0.0,3.0,7.0,3.0,ok,,auto_ok
episode_20260723T030336_921748Z_000001,/home/ktakahashi/UMI-gripper-yue/UMI_ws/data_yue/train/chips_can/low/01/episodes/episode_20260723T030336_921748Z_000001,/home/ktakahashi/UMI-gripper-yue/UMI_ws/data_yue/train/chips_can/low/01/episodes/episode_20260723T030336_921748Z_000001/synced_data.jsonl,chips_can,low,too_low,01,3.985389232635498,5.02601432800293,adaptive_settled_contact,0.8,0.0,0.0,3.0,7.0,3.0,ok,,auto_ok
episode_20260723T030400_410319Z_000001,/home/ktakahashi/UMI-gripper-yue/UMI_ws/data_yue/train/chips_can/low/02/episodes/episode_20260723T030400_410319Z_000001,/home/ktakahashi/UMI-gripper-yue/UMI_ws/data_yue/train/chips_can/low/02/episodes/episode_20260723T030400_410319Z_000001/synced_data.jsonl,chips_can,low,too_low,02,3.699453830718994,5.0272839069366455,adaptive_settled_contact,0.8,0.0,0.0,3.0,7.0,3.0,ok,,auto_ok
episode_20260723T030445_309160Z_000001,/home/ktakahashi/UMI-gripper-yue/UMI_ws/data_yue/train/chips_can/low/03/episodes/episode_20260723T030445_309160Z_000001,/home/ktakahashi/UMI-gripper-yue/UMI_ws/data_yue/train/chips_can/low/03/episodes/episode_20260723T030445_309160Z_000001/synced_data.jsonl,chips_can,low,too_low,03,3.5200345516204834,4.320359945297241,adaptive_settled_contact,0.8,0.0,0.0,3.0,7.0,3.0,ok,,auto_ok
episode_20260723T030508_017730Z_000001,/home/ktakahashi/UMI-gripper-yue/UMI_ws/data_yue/train/chips_can/low/04/episodes/episode_20260723T030508_017730Z_000001,/home/ktakahashi/UMI-gripper-yue/UMI_ws/data_yue/train/chips_can/low/04/episodes/episode_20260723T030508_017730Z_000001/synced_data.jsonl,chips_can,low,too_low,04,3.6155474185943604,4.418366193771362,adaptive_settled_contact,0.8,0.0,0.0,3.0,7.0,3.0,ok,,auto_ok
episode_20260723T030533_278884Z_000001,/home/ktakahashi/UMI-gripper-yue/UMI_ws/data_yue/train/chips_can/low/05/episodes/episode_20260723T030533_278884Z_000001,/home/ktakahashi/UMI-gripper-yue/UMI_ws/data_yue/train/chips_can/low/05/episodes/episode_20260723T030533_278884Z_000001/synced_data.jsonl,chips_can,low,too_low,05,3.424048900604248,4.2260777950286865,adaptive_settled_contact,0.8,0.0,0.0,3.0,7.0,3.0,ok,,auto_ok
episode_20260723T030556_524475Z_000001,/home/ktakahashi/UMI-gripper-yue/UMI_ws/data_yue/train/chips_can/low/06/episodes/episode_20260723T030556_524475Z_000001,/home/ktakahashi/UMI-gripper-yue/UMI_ws/data_yue/train/chips_can/low/06/episodes/episode_20260723T030556_524475Z_000001/synced_data.jsonl,chips_can,low,too_low,06,3.471102714538574,4.273546934127808,adaptive_settled_contact,0.8,0.0,0.0,3.0,7.0,3.0,ok,,auto_ok
episode_20260723T030634_169832Z_000001,/home/ktakahashi/UMI-gripper-yue/UMI_ws/data_yue/train/chips_can/low/07/episodes/episode_20260723T030634_169832Z_000001,/home/ktakahashi/UMI-gripper-yue/UMI_ws/data_yue/train/chips_can/low/07/episodes/episode_20260723T030634_169832Z_000001/synced_data.jsonl,chips_can,low,too_low,07,3.6322755813598633,4.434600114822388,adaptive_settled_contact,0.8,0.0,0.0,3.0,7.0,3.0,ok,,auto_ok
episode_20260723T030657_845033Z_000001,/home/ktakahashi/UMI-gripper-yue/UMI_ws/data_yue/train/chips_can/low/08/episodes/episode_20260723T030657_845033Z_000001,/home/ktakahashi/UMI-gripper-yue/UMI_ws/data_yue/train/chips_can/low/08/episodes/episode_20260723T030657_845033Z_000001/synced_data.jsonl,chips_can,low,too_low,08,3.4898035526275635,4.305941820144653,adaptive_settled_contact,0.8,0.0,0.0,3.0,7.0,3.0,ok,,auto_ok
episode_20260723T030719_313840Z_000001,/home/ktakahashi/UMI-gripper-yue/UMI_ws/data_yue/train/chips_can/low/09/episodes/episode_20260723T030719_313840Z_000001,/home/ktakahashi/UMI-gripper-yue/UMI_ws/data_yue/train/chips_can/low/09/episodes/episode_20260723T030719_313840Z_000001/synced_data.jsonl,chips_can,low,too_low,09,3.4591662883758545,4.259387016296387,adaptive_settled_contact,0.8,0.0,0.0,3.0,7.0,3.0,ok,,auto_ok
episode_20260723T030754_098532Z_000001,/home/ktakahashi/UMI-gripper-yue/UMI_ws/data_yue/train/chips_can/low/10/episodes/episode_20260723T030754_098532Z_000001,/home/ktakahashi/UMI-gripper-yue/UMI_ws/data_yue/train/chips_can/low/10/episodes/episode_20260723T030754_098532Z_000001/synced_data.jsonl,chips_can,low,too_low,10,3.5838654041290283,4.384607791900635,adaptive_settled_contact,0.8,0.0,0.0,3.0,7.0,3.0,ok,,auto_ok
episode_20260723T030816_477088Z_000001,/home/ktakahashi/UMI-gripper-yue/UMI_ws/data_yue/train/chips_can/low/11/episodes/episode_20260723T030816_477088Z_000001,/home/ktakahashi/UMI-gripper-yue/UMI_ws/data_yue/train/chips_can/low/11/episodes/episode_20260723T030816_477088Z_000001/synced_data.jsonl,chips_can,low,too_low,11,4.4164323806762695,5.218303203582764,adaptive_settled_contact,0.8,0.0,0.0,3.0,7.0,3.0,ok,,auto_ok
episode_20260723T030838_952228Z_000001,/home/ktakahashi/UMI-gripper-yue/UMI_ws/data_yue/train/chips_can/low/12/episodes/episode_20260723T030838_952228Z_000001,/home/ktakahashi/UMI-gripper-yue/UMI_ws/data_yue/train/chips_can/low/12/episodes/episode_20260723T030838_952228Z_000001/synced_data.jsonl,chips_can,low,too_low,12,3.7763819694519043,4.994360685348511,adaptive_settled_contact,0.8,0.0,0.0,3.0,7.0,3.0,ok,,auto_ok
episode_20260723T031011_210207Z_000001,/home/ktakahashi/UMI-gripper-yue/UMI_ws/data_yue/train/chips_can/low/13/episodes/episode_20260723T031011_210207Z_000001,/home/ktakahashi/UMI-gripper-yue/UMI_ws/data_yue/train/chips_can/low/13/episodes/episode_20260723T031011_210207Z_000001/synced_data.jsonl,chips_can,low,too_low,13,3.729389190673828,5.313316583633423,adaptive_settled_contact,0.8,0.0,0.0,3.0,7.0,3.0,ok,,auto_ok
episode_20260723T031030_348365Z_000001,/home/ktakahashi/UMI-gripper-yue/UMI_ws/data_yue/train/chips_can/low/14/episodes/episode_20260723T031030_348365Z_000001,/home/ktakahashi/UMI-gripper-yue/UMI_ws/data_yue/train/chips_can/low/14/episodes/episode_20260723T031030_348365Z_000001/synced_data.jsonl,chips_can,low,too_low,14,3.778240203857422,6.115891456604004,adaptive_settled_contact,0.8,0.0,0.0,3.0,7.0,3.0,ok,,auto_ok
episode_20260723T031051_323474Z_000001,/home/ktakahashi/UMI-gripper-yue/UMI_ws/data_yue/train/chips_can/low/15/episodes/episode_20260723T031051_323474Z_000001,/home/ktakahashi/UMI-gripper-yue/UMI_ws/data_yue/train/chips_can/low/15/episodes/episode_20260723T031051_323474Z_000001/synced_data.jsonl,chips_can,low,too_low,15,3.618593454360962,4.433953523635864,adaptive_settled_contact,0.8,0.0,0.0,3.0,7.0,3.0,ok,,auto_ok
episode_20260723T031112_904909Z_000001,/home/ktakahashi/UMI-gripper-yue/UMI_ws/data_yue/train/chips_can/low/16/episodes/episode_20260723T031112_904909Z_000001,/home/ktakahashi/UMI-gripper-yue/UMI_ws/data_yue/train/chips_can/low/16/episodes/episode_20260723T031112_904909Z_000001/synced_data.jsonl,chips_can,low,too_low,16,3.506107807159424,4.307140827178955,adaptive_settled_contact,0.8,0.0,0.0,3.0,7.0,3.0,ok,,auto_ok
episode_20260723T031132_554096Z_000001,/home/ktakahashi/UMI-gripper-yue/UMI_ws/data_yue/train/chips_can/low/17/episodes/episode_20260723T031132_554096Z_000001,/home/ktakahashi/UMI-gripper-yue/UMI_ws/data_yue/train/chips_can/low/17/episodes/episode_20260723T031132_554096Z_000001/synced_data.jsonl,chips_can,low,too_low,17,3.7929575443267822,5.186985492706299,adaptive_settled_contact,0.8,0.0,0.0,3.0,7.0,3.0,ok,,auto_ok
episode_20260723T031152_797993Z_000001,/home/ktakahashi/UMI-gripper-yue/UMI_ws/data_yue/train/chips_can/low/18/episodes/episode_20260723T031152_797993Z_000001,/home/ktakahashi/UMI-gripper-yue/UMI_ws/data_yue/train/chips_can/low/18/episodes/episode_20260723T031152_797993Z_000001/synced_data.jsonl,chips_can,low,too_low,18,3.3606765270233154,4.161444664001465,adaptive_settled_contact,0.8,0.0,0.0,3.0,7.0,3.0,ok,,auto_ok
episode_20260723T031250_995081Z_000001,/home/ktakahashi/UMI-gripper-yue/UMI_ws/data_yue/train/chips_can/low/19/episodes/episode_20260723T031250_995081Z_000001,/home/ktakahashi/UMI-gripper-yue/UMI_ws/data_yue/train/chips_can/low/19/episodes/episode_20260723T031250_995081Z_000001/synced_data.jsonl,chips_can,low,too_low,19,3.009803533554077,3.85725474357605,adaptive_settled_contact,0.8,0.0,0.0,3.0,7.0,3.0,ok,,auto_ok
episode_20260723T031311_741388Z_000001,/home/ktakahashi/UMI-gripper-yue/UMI_ws/data_yue/train/chips_can/low/20/episodes/episode_20260723T031311_741388Z_000001,/home/ktakahashi/UMI-gripper-yue/UMI_ws/data_yue/train/chips_can/low/20/episodes/episode_20260723T031311_741388Z_000001/synced_data.jsonl,chips_can,low,too_low,20,3.1690878868103027,3.9697885513305664,adaptive_settled_contact,0.8,0.0,0.0,3.0,7.0,3.0,ok,,auto_ok
episode_20260723T025323_239349Z_000001,/home/ktakahashi/UMI-gripper-yue/UMI_ws/data_yue/train/chips_can/medium/01/episodes/episode_20260723T025323_239349Z_000001,/home/ktakahashi/UMI-gripper-yue/UMI_ws/data_yue/train/chips_can/medium/01/episodes/episode_20260723T025323_239349Z_000001/synced_data.jsonl,chips_can,medium,fine,01,3.5681769847869873,6.498395204544067,adaptive_settled_contact,0.8,0.0,0.0,3.0,7.0,3.0,ok,,auto_ok
episode_20260723T025346_329635Z_000001,/home/ktakahashi/UMI-gripper-yue/UMI_ws/data_yue/train/chips_can/medium/02/episodes/episode_20260723T025346_329635Z_000001,/home/ktakahashi/UMI-gripper-yue/UMI_ws/data_yue/train/chips_can/medium/02/episodes/episode_20260723T025346_329635Z_000001/synced_data.jsonl,chips_can,medium,fine,02,3.4719958305358887,4.273199081420898,adaptive_settled_contact,0.8,0.0,0.0,3.0,7.0,3.0,ok,,auto_ok
episode_20260723T025426_194630Z_000001,/home/ktakahashi/UMI-gripper-yue/UMI_ws/data_yue/train/chips_can/medium/03/episodes/episode_20260723T025426_194630Z_000001,/home/ktakahashi/UMI-gripper-yue/UMI_ws/data_yue/train/chips_can/medium/03/episodes/episode_20260723T025426_194630Z_000001/synced_data.jsonl,chips_can,medium,fine,03,3.7951512336730957,5.3465495109558105,adaptive_settled_contact,0.8,0.0,0.0,3.0,7.0,3.0,ok,,auto_ok
episode_20260723T025447_213575Z_000001,/home/ktakahashi/UMI-gripper-yue/UMI_ws/data_yue/train/chips_can/medium/04/episodes/episode_20260723T025447_213575Z_000001,/home/ktakahashi/UMI-gripper-yue/UMI_ws/data_yue/train/chips_can/medium/04/episodes/episode_20260723T025447_213575Z_000001/synced_data.jsonl,chips_can,medium,fine,04,3.409862995147705,4.36928129196167,adaptive_settled_contact,0.8,0.0,0.0,3.0,7.0,3.0,ok,,auto_ok
episode_20260723T025507_030863Z_000001,/home/ktakahashi/UMI-gripper-yue/UMI_ws/data_yue/train/chips_can/medium/05/episodes/episode_20260723T025507_030863Z_000001,/home/ktakahashi/UMI-gripper-yue/UMI_ws/data_yue/train/chips_can/medium/05/episodes/episode_20260723T025507_030863Z_000001/synced_data.jsonl,chips_can,medium,fine,05,3.7464540004730225,5.299649715423584,adaptive_settled_contact,0.8,0.0,0.0,3.0,7.0,3.0,ok,,auto_ok
episode_20260723T025529_348020Z_000001,/home/ktakahashi/UMI-gripper-yue/UMI_ws/data_yue/train/chips_can/medium/06/episodes/episode_20260723T025529_348020Z_000001,/home/ktakahashi/UMI-gripper-yue/UMI_ws/data_yue/train/chips_can/medium/06/episodes/episode_20260723T025529_348020Z_000001/synced_data.jsonl,chips_can,medium,fine,06,3.459498167037964,4.275547742843628,adaptive_settled_contact,0.8,0.0,0.0,3.0,7.0,3.0,ok,,auto_ok
episode_20260723T025548_614094Z_000001,/home/ktakahashi/UMI-gripper-yue/UMI_ws/data_yue/train/chips_can/medium/07/episodes/episode_20260723T025548_614094Z_000001,/home/ktakahashi/UMI-gripper-yue/UMI_ws/data_yue/train/chips_can/medium/07/episodes/episode_20260723T025548_614094Z_000001/synced_data.jsonl,chips_can,medium,fine,07,3.8099660873413086,6.5474326610565186,adaptive_settled_contact,0.8,0.0,0.0,3.0,7.0,3.0,ok,,auto_ok
episode_20260723T025608_676203Z_000001,/home/ktakahashi/UMI-gripper-yue/UMI_ws/data_yue/train/chips_can/medium/08/episodes/episode_20260723T025608_676203Z_000001,/home/ktakahashi/UMI-gripper-yue/UMI_ws/data_yue/train/chips_can/medium/08/episodes/episode_20260723T025608_676203Z_000001/synced_data.jsonl,chips_can,medium,fine,08,3.6638031005859375,5.3142900466918945,adaptive_settled_contact,0.8,0.0,0.0,3.0,7.0,3.0,ok,,auto_ok
episode_20260723T025652_142186Z_000001,/home/ktakahashi/UMI-gripper-yue/UMI_ws/data_yue/train/chips_can/medium/09/episodes/episode_20260723T025652_142186Z_000001,/home/ktakahashi/UMI-gripper-yue/UMI_ws/data_yue/train/chips_can/medium/09/episodes/episode_20260723T025652_142186Z_000001/synced_data.jsonl,chips_can,medium,fine,09,3.8090643882751465,5.075683116912842,adaptive_settled_contact,0.8,0.0,0.0,3.0,7.0,3.0,ok,,auto_ok
episode_20260723T025713_552925Z_000001,/home/ktakahashi/UMI-gripper-yue/UMI_ws/data_yue/train/chips_can/medium/10/episodes/episode_20260723T025713_552925Z_000001,/home/ktakahashi/UMI-gripper-yue/UMI_ws/data_yue/train/chips_can/medium/10/episodes/episode_20260723T025713_552925Z_000001/synced_data.jsonl,chips_can,medium,fine,10,3.6489946842193604,4.449829339981079,adaptive_settled_contact,0.8,0.0,0.0,3.0,7.0,3.0,ok,,auto_ok
episode_20260723T025736_059192Z_000001,/home/ktakahashi/UMI-gripper-yue/UMI_ws/data_yue/train/chips_can/medium/11/episodes/episode_20260723T025736_059192Z_000001,/home/ktakahashi/UMI-gripper-yue/UMI_ws/data_yue/train/chips_can/medium/11/episodes/episode_20260723T025736_059192Z_000001/synced_data.jsonl,chips_can,medium,fine,11,3.5357799530029297,4.351861000061035,adaptive_settled_contact,0.8,0.0,0.0,3.0,7.0,3.0,ok,,auto_ok
episode_20260723T025755_938009Z_000001,/home/ktakahashi/UMI-gripper-yue/UMI_ws/data_yue/train/chips_can/medium/12/episodes/episode_20260723T025755_938009Z_000001,/home/ktakahashi/UMI-gripper-yue/UMI_ws/data_yue/train/chips_can/medium/12/episodes/episode_20260723T025755_938009Z_000001/synced_data.jsonl,chips_can,medium,fine,12,3.4892401695251465,4.290295362472534,adaptive_settled_contact,0.8,0.0,0.0,3.0,7.0,3.0,ok,,auto_ok
episode_20260723T025823_086190Z_000001,/home/ktakahashi/UMI-gripper-yue/UMI_ws/data_yue/train/chips_can/medium/13/episodes/episode_20260723T025823_086190Z_000001,/home/ktakahashi/UMI-gripper-yue/UMI_ws/data_yue/train/chips_can/medium/13/episodes/episode_20260723T025823_086190Z_000001/synced_data.jsonl,chips_can,medium,fine,13,3.6655967235565186,4.466685771942139,adaptive_settled_contact,0.8,0.0,0.0,3.0,7.0,3.0,ok,,auto_ok
episode_20260723T025956_994693Z_000001,/home/ktakahashi/UMI-gripper-yue/UMI_ws/data_yue/train/chips_can/medium/14/episodes/episode_20260723T025956_994693Z_000001,/home/ktakahashi/UMI-gripper-yue/UMI_ws/data_yue/train/chips_can/medium/14/episodes/episode_20260723T025956_994693Z_000001/synced_data.jsonl,chips_can,medium,fine,14,3.7274363040924072,6.624898910522461,adaptive_settled_contact,0.8,0.0,0.0,3.0,7.0,3.0,ok,,auto_ok
episode_20260723T030019_247621Z_000001,/home/ktakahashi/UMI-gripper-yue/UMI_ws/data_yue/train/chips_can/medium/15/episodes/episode_20260723T030019_247621Z_000001,/home/ktakahashi/UMI-gripper-yue/UMI_ws/data_yue/train/chips_can/medium/15/episodes/episode_20260723T030019_247621Z_000001/synced_data.jsonl,chips_can,medium,fine,15,3.7943155765533447,5.184397459030151,adaptive_settled_contact,0.8,0.0,0.0,3.0,7.0,3.0,ok,,auto_ok
episode_20260723T030040_122175Z_000001,/home/ktakahashi/UMI-gripper-yue/UMI_ws/data_yue/train/chips_can/medium/16/episodes/episode_20260723T030040_122175Z_000001,/home/ktakahashi/UMI-gripper-yue/UMI_ws/data_yue/train/chips_can/medium/16/episodes/episode_20260723T030040_122175Z_000001/synced_data.jsonl,chips_can,medium,fine,16,3.0574564933776855,3.8585450649261475,adaptive_settled_contact,0.8,0.0,0.0,3.0,7.0,3.0,ok,,auto_ok
episode_20260723T030102_104607Z_000001,/home/ktakahashi/UMI-gripper-yue/UMI_ws/data_yue/train/chips_can/medium/17/episodes/episode_20260723T030102_104607Z_000001,/home/ktakahashi/UMI-gripper-yue/UMI_ws/data_yue/train/chips_can/medium/17/episodes/episode_20260723T030102_104607Z_000001/synced_data.jsonl,chips_can,medium,fine,17,5.041256666183472,5.858128786087036,adaptive_settled_contact,0.8,0.0,0.0,3.0,7.0,3.0,ok,,auto_ok
episode_20260723T030121_288768Z_000001,/home/ktakahashi/UMI-gripper-yue/UMI_ws/data_yue/train/chips_can/medium/18/episodes/episode_20260723T030121_288768Z_000001,/home/ktakahashi/UMI-gripper-yue/UMI_ws/data_yue/train/chips_can/medium/18/episodes/episode_20260723T030121_288768Z_000001/synced_data.jsonl,chips_can,medium,fine,18,3.664294481277466,4.464770317077637,adaptive_settled_contact,0.8,0.0,0.0,3.0,7.0,3.0,ok,,auto_ok
episode_20260723T030141_187478Z_000001,/home/ktakahashi/UMI-gripper-yue/UMI_ws/data_yue/train/chips_can/medium/19/episodes/episode_20260723T030141_187478Z_000001,/home/ktakahashi/UMI-gripper-yue/UMI_ws/data_yue/train/chips_can/medium/19/episodes/episode_20260723T030141_187478Z_000001/synced_data.jsonl,chips_can,medium,fine,19,3.825425148010254,6.387233018875122,adaptive_settled_contact,0.8,0.0,0.0,3.0,7.0,3.0,ok,,auto_ok
episode_20260723T030202_038338Z_000001,/home/ktakahashi/UMI-gripper-yue/UMI_ws/data_yue/train/chips_can/medium/20/episodes/episode_20260723T030202_038338Z_000001,/home/ktakahashi/UMI-gripper-yue/UMI_ws/data_yue/train/chips_can/medium/20/episodes/episode_20260723T030202_038338Z_000001/synced_data.jsonl,chips_can,medium,fine,20,3.615844964981079,4.4305830001831055,adaptive_settled_contact,0.8,0.0,0.0,3.0,7.0,3.0,ok,,auto_ok
episode_20260722T062000_252106Z_000001,/home/ktakahashi/UMI-gripper-yue/UMI_ws/data_yue/train/foam_brick/high/01/episodes/episode_20260722T062000_252106Z_000001,/home/ktakahashi/UMI-gripper-yue/UMI_ws/data_yue/train/foam_brick/high/01/episodes/episode_20260722T062000_252106Z_000001/synced_data.jsonl,foam_brick,high,too_high,01,3.0894365310668945,6.402750253677368,adaptive_settled_contact,0.8,0.0,0.0,3.0,7.0,3.0,ok,,auto_ok
episode_20260722T062053_730750Z_000001,/home/ktakahashi/UMI-gripper-yue/UMI_ws/data_yue/train/foam_brick/high/02/episodes/episode_20260722T062053_730750Z_000001,/home/ktakahashi/UMI-gripper-yue/UMI_ws/data_yue/train/foam_brick/high/02/episodes/episode_20260722T062053_730750Z_000001/synced_data.jsonl,foam_brick,high,too_high,02,3.633835792541504,6.482348203659058,adaptive_settled_contact,0.8,0.0,0.0,3.0,7.0,3.0,ok,,auto_ok
episode_20260722T062116_684729Z_000001,/home/ktakahashi/UMI-gripper-yue/UMI_ws/data_yue/train/foam_brick/high/03/episodes/episode_20260722T062116_684729Z_000001,/home/ktakahashi/UMI-gripper-yue/UMI_ws/data_yue/train/foam_brick/high/03/episodes/episode_20260722T062116_684729Z_000001/synced_data.jsonl,foam_brick,high,too_high,03,3.5834386348724365,5.087713956832886,adaptive_settled_contact,0.8,0.0,0.0,3.0,7.0,3.0,ok,,auto_ok
episode_20260722T062138_074451Z_000001,/home/ktakahashi/UMI-gripper-yue/UMI_ws/data_yue/train/foam_brick/high/04/episodes/episode_20260722T062138_074451Z_000001,/home/ktakahashi/UMI-gripper-yue/UMI_ws/data_yue/train/foam_brick/high/04/episodes/episode_20260722T062138_074451Z_000001/synced_data.jsonl,foam_brick,high,too_high,04,4.975922107696533,6.914546966552734,adaptive_settled_contact,0.8,0.0,0.0,3.0,7.0,3.0,ok,,auto_ok
episode_20260722T062159_894777Z_000001,/home/ktakahashi/UMI-gripper-yue/UMI_ws/data_yue/train/foam_brick/high/05/episodes/episode_20260722T062159_894777Z_000001,/home/ktakahashi/UMI-gripper-yue/UMI_ws/data_yue/train/foam_brick/high/05/episodes/episode_20260722T062159_894777Z_000001/synced_data.jsonl,foam_brick,high,too_high,05,3.649444580078125,4.449444580078125,contact_unsettled_fallback,0.5,0.0,0.0,3.0,7.0,3.0,ok,,auto_ok
episode_20260722T062223_632304Z_000001,/home/ktakahashi/UMI-gripper-yue/UMI_ws/data_yue/train/foam_brick/high/06/episodes/episode_20260722T062223_632304Z_000001,/home/ktakahashi/UMI-gripper-yue/UMI_ws/data_yue/train/foam_brick/high/06/episodes/episode_20260722T062223_632304Z_000001/synced_data.jsonl,foam_brick,high,too_high,06,3.6660995483398438,6.4351584911346436,adaptive_settled_contact,0.8,0.0,0.0,3.0,7.0,3.0,ok,,auto_ok
episode_20260722T062326_376977Z_000001,/home/ktakahashi/UMI-gripper-yue/UMI_ws/data_yue/train/foam_brick/high/07/episodes/episode_20260722T062326_376977Z_000001,/home/ktakahashi/UMI-gripper-yue/UMI_ws/data_yue/train/foam_brick/high/07/episodes/episode_20260722T062326_376977Z_000001/synced_data.jsonl,foam_brick,high,too_high,07,3.7288291454315186,5.697582483291626,adaptive_settled_contact,0.8,0.0,0.0,3.0,7.0,3.0,ok,,auto_ok
episode_20260722T062351_996051Z_000001,/home/ktakahashi/UMI-gripper-yue/UMI_ws/data_yue/train/foam_brick/high/08/episodes/episode_20260722T062351_996051Z_000001,/home/ktakahashi/UMI-gripper-yue/UMI_ws/data_yue/train/foam_brick/high/08/episodes/episode_20260722T062351_996051Z_000001/synced_data.jsonl,foam_brick,high,too_high,08,3.5225133895874023,6.8196961879730225,adaptive_settled_contact,0.8,0.0,0.0,3.0,7.0,3.0,ok,,auto_ok
episode_20260722T062413_308259Z_000001,/home/ktakahashi/UMI-gripper-yue/UMI_ws/data_yue/train/foam_brick/high/09/episodes/episode_20260722T062413_308259Z_000001,/home/ktakahashi/UMI-gripper-yue/UMI_ws/data_yue/train/foam_brick/high/09/episodes/episode_20260722T062413_308259Z_000001/synced_data.jsonl,foam_brick,high,too_high,09,4.370069742202759,6.721712350845337,adaptive_settled_contact,0.8,0.0,0.0,3.0,7.0,3.0,ok,,auto_ok
episode_20260722T062436_379226Z_000001,/home/ktakahashi/UMI-gripper-yue/UMI_ws/data_yue/train/foam_brick/high/10/episodes/episode_20260722T062436_379226Z_000001,/home/ktakahashi/UMI-gripper-yue/UMI_ws/data_yue/train/foam_brick/high/10/episodes/episode_20260722T062436_379226Z_000001/synced_data.jsonl,foam_brick,high,too_high,10,3.5701091289520264,5.104297161102295,adaptive_settled_contact,0.8,0.0,0.0,3.0,7.0,3.0,ok,,auto_ok
episode_20260722T062459_203563Z_000001,/home/ktakahashi/UMI-gripper-yue/UMI_ws/data_yue/train/foam_brick/high/11/episodes/episode_20260722T062459_203563Z_000001,/home/ktakahashi/UMI-gripper-yue/UMI_ws/data_yue/train/foam_brick/high/11/episodes/episode_20260722T062459_203563Z_000001/synced_data.jsonl,foam_brick,high,too_high,11,4.001962661743164,5.106253385543823,adaptive_settled_contact,0.8,0.0,0.0,3.0,7.0,3.0,ok,,auto_ok
episode_20260722T062523_857175Z_000001,/home/ktakahashi/UMI-gripper-yue/UMI_ws/data_yue/train/foam_brick/high/12/episodes/episode_20260722T062523_857175Z_000001,/home/ktakahashi/UMI-gripper-yue/UMI_ws/data_yue/train/foam_brick/high/12/episodes/episode_20260722T062523_857175Z_000001/synced_data.jsonl,foam_brick,high,too_high,12,3.602461338043213,6.707686901092529,adaptive_settled_contact,0.8,0.0,0.0,3.0,7.0,3.0,ok,,auto_ok
episode_20260722T062543_758428Z_000001,/home/ktakahashi/UMI-gripper-yue/UMI_ws/data_yue/train/foam_brick/high/13/episodes/episode_20260722T062543_758428Z_000001,/home/ktakahashi/UMI-gripper-yue/UMI_ws/data_yue/train/foam_brick/high/13/episodes/episode_20260722T062543_758428Z_000001/synced_data.jsonl,foam_brick,high,too_high,13,3.9693212509155273,5.29750919342041,adaptive_settled_contact,0.8,0.0,0.0,3.0,7.0,3.0,ok,,auto_ok
episode_20260722T062603_446349Z_000001,/home/ktakahashi/UMI-gripper-yue/UMI_ws/data_yue/train/foam_brick/high/14/episodes/episode_20260722T062603_446349Z_000001,/home/ktakahashi/UMI-gripper-yue/UMI_ws/data_yue/train/foam_brick/high/14/episodes/episode_20260722T062603_446349Z_000001/synced_data.jsonl,foam_brick,high,too_high,14,3.5368034839630127,4.945265531539917,adaptive_settled_contact,0.8,0.0,0.0,3.0,7.0,3.0,ok,,auto_ok
episode_20260722T062642_585740Z_000001,/home/ktakahashi/UMI-gripper-yue/UMI_ws/data_yue/train/foam_brick/high/15/episodes/episode_20260722T062642_585740Z_000001,/home/ktakahashi/UMI-gripper-yue/UMI_ws/data_yue/train/foam_brick/high/15/episodes/episode_20260722T062642_585740Z_000001/synced_data.jsonl,foam_brick,high,too_high,15,3.7291650772094727,4.975372552871704,adaptive_settled_contact,0.8,0.0,0.0,3.0,7.0,3.0,ok,,auto_ok
episode_20260722T062809_880550Z_000001,/home/ktakahashi/UMI-gripper-yue/UMI_ws/data_yue/train/foam_brick/high/16/episodes/episode_20260722T062809_880550Z_000001,/home/ktakahashi/UMI-gripper-yue/UMI_ws/data_yue/train/foam_brick/high/16/episodes/episode_20260722T062809_880550Z_000001/synced_data.jsonl,foam_brick,high,too_high,16,3.79384183883667,5.202407121658325,adaptive_settled_contact,0.8,0.0,0.0,3.0,7.0,3.0,ok,,auto_ok
episode_20260722T062831_417138Z_000001,/home/ktakahashi/UMI-gripper-yue/UMI_ws/data_yue/train/foam_brick/high/17/episodes/episode_20260722T062831_417138Z_000001,/home/ktakahashi/UMI-gripper-yue/UMI_ws/data_yue/train/foam_brick/high/17/episodes/episode_20260722T062831_417138Z_000001/synced_data.jsonl,foam_brick,high,too_high,17,4.320703506469727,5.120703506469726,contact_unsettled_fallback,0.5,0.0,0.0,3.0,7.0,3.0,ok,,auto_ok
episode_20260722T062851_689826Z_000001,/home/ktakahashi/UMI-gripper-yue/UMI_ws/data_yue/train/foam_brick/high/18/episodes/episode_20260722T062851_689826Z_000001,/home/ktakahashi/UMI-gripper-yue/UMI_ws/data_yue/train/foam_brick/high/18/episodes/episode_20260722T062851_689826Z_000001/synced_data.jsonl,foam_brick,high,too_high,18,3.8576695919036865,5.394366979598999,adaptive_settled_contact,0.8,0.0,0.0,3.0,7.0,3.0,ok,,auto_ok
episode_20260722T062912_043495Z_000001,/home/ktakahashi/UMI-gripper-yue/UMI_ws/data_yue/train/foam_brick/high/19/episodes/episode_20260722T062912_043495Z_000001,/home/ktakahashi/UMI-gripper-yue/UMI_ws/data_yue/train/foam_brick/high/19/episodes/episode_20260722T062912_043495Z_000001/synced_data.jsonl,foam_brick,high,too_high,19,3.360107421875,6.257882595062256,adaptive_settled_contact,0.8,0.0,0.0,3.0,7.0,3.0,ok,,auto_ok
episode_20260722T063047_297684Z_000001,/home/ktakahashi/UMI-gripper-yue/UMI_ws/data_yue/train/foam_brick/high/20/episodes/episode_20260722T063047_297684Z_000001,/home/ktakahashi/UMI-gripper-yue/UMI_ws/data_yue/train/foam_brick/high/20/episodes/episode_20260722T063047_297684Z_000001/synced_data.jsonl,foam_brick,high,too_high,20,3.5226902961730957,4.339009761810303,adaptive_settled_contact,0.8,0.0,0.0,3.0,7.0,3.0,ok,,auto_ok
episode_20260722T060601_534948Z_000001,/home/ktakahashi/UMI-gripper-yue/UMI_ws/data_yue/train/foam_brick/low/01/episodes/episode_20260722T060601_534948Z_000001,/home/ktakahashi/UMI-gripper-yue/UMI_ws/data_yue/train/foam_brick/low/01/episodes/episode_20260722T060601_534948Z_000001/synced_data.jsonl,foam_brick,low,too_low,01,3.903554916381836,5.183746099472046,adaptive_settled_contact,0.8,0.0,0.0,3.0,7.0,3.0,ok,,auto_ok
episode_20260722T060622_728768Z_000001,/home/ktakahashi/UMI-gripper-yue/UMI_ws/data_yue/train/foam_brick/low/02/episodes/episode_20260722T060622_728768Z_000001,/home/ktakahashi/UMI-gripper-yue/UMI_ws/data_yue/train/foam_brick/low/02/episodes/episode_20260722T060622_728768Z_000001/synced_data.jsonl,foam_brick,low,too_low,02,4.225207805633545,5.040395021438599,adaptive_settled_contact,0.8,0.0,0.0,3.0,7.0,3.0,ok,,auto_ok
episode_20260722T060643_427171Z_000001,/home/ktakahashi/UMI-gripper-yue/UMI_ws/data_yue/train/foam_brick/low/03/episodes/episode_20260722T060643_427171Z_000001,/home/ktakahashi/UMI-gripper-yue/UMI_ws/data_yue/train/foam_brick/low/03/episodes/episode_20260722T060643_427171Z_000001/synced_data.jsonl,foam_brick,low,too_low,03,4.258382558822632,5.0729734897613525,adaptive_settled_contact,0.8,0.0,0.0,3.0,7.0,3.0,ok,,auto_ok
episode_20260722T060741_069173Z_000001,/home/ktakahashi/UMI-gripper-yue/UMI_ws/data_yue/train/foam_brick/low/04/episodes/episode_20260722T060741_069173Z_000001,/home/ktakahashi/UMI-gripper-yue/UMI_ws/data_yue/train/foam_brick/low/04/episodes/episode_20260722T060741_069173Z_000001/synced_data.jsonl,foam_brick,low,too_low,04,3.6796071529388428,4.481541395187378,adaptive_settled_contact,0.8,0.0,0.0,3.0,7.0,3.0,ok,,auto_ok
episode_20260722T060801_688616Z_000001,/home/ktakahashi/UMI-gripper-yue/UMI_ws/data_yue/train/foam_brick/low/05/episodes/episode_20260722T060801_688616Z_000001,/home/ktakahashi/UMI-gripper-yue/UMI_ws/data_yue/train/foam_brick/low/05/episodes/episode_20260722T060801_688616Z_000001/synced_data.jsonl,foam_brick,low,too_low,05,4.610044240951538,5.410616159439087,adaptive_settled_contact,0.8,0.0,0.0,3.0,7.0,3.0,ok,,auto_ok
episode_20260722T060822_723302Z_000001,/home/ktakahashi/UMI-gripper-yue/UMI_ws/data_yue/train/foam_brick/low/06/episodes/episode_20260722T060822_723302Z_000001,/home/ktakahashi/UMI-gripper-yue/UMI_ws/data_yue/train/foam_brick/low/06/episodes/episode_20260722T060822_723302Z_000001/synced_data.jsonl,foam_brick,low,too_low,06,4.032834529876709,5.521321773529053,adaptive_settled_contact,0.8,0.0,0.0,3.0,7.0,3.0,ok,,auto_ok
episode_20260722T060843_737772Z_000001,/home/ktakahashi/UMI-gripper-yue/UMI_ws/data_yue/train/foam_brick/low/07/episodes/episode_20260722T060843_737772Z_000001,/home/ktakahashi/UMI-gripper-yue/UMI_ws/data_yue/train/foam_brick/low/07/episodes/episode_20260722T060843_737772Z_000001/synced_data.jsonl,foam_brick,low,too_low,07,3.9206137657165527,4.992244720458984,adaptive_settled_contact,0.8,0.0,0.0,3.0,7.0,3.0,ok,,auto_ok
episode_20260722T060907_412149Z_000001,/home/ktakahashi/UMI-gripper-yue/UMI_ws/data_yue/train/foam_brick/low/08/episodes/episode_20260722T060907_412149Z_000001,/home/ktakahashi/UMI-gripper-yue/UMI_ws/data_yue/train/foam_brick/low/08/episodes/episode_20260722T060907_412149Z_000001/synced_data.jsonl,foam_brick,low,too_low,08,3.007423162460327,3.8097169399261475,adaptive_settled_contact,0.8,0.0,0.0,3.0,7.0,3.0,ok,,auto_ok
episode_20260722T060932_018579Z_000001,/home/ktakahashi/UMI-gripper-yue/UMI_ws/data_yue/train/foam_brick/low/09/episodes/episode_20260722T060932_018579Z_000001,/home/ktakahashi/UMI-gripper-yue/UMI_ws/data_yue/train/foam_brick/low/09/episodes/episode_20260722T060932_018579Z_000001/synced_data.jsonl,foam_brick,low,too_low,09,3.425983190536499,4.307282209396362,adaptive_settled_contact,0.8,0.0,0.0,3.0,7.0,3.0,ok,,auto_ok
episode_20260722T061031_126776Z_000001,/home/ktakahashi/UMI-gripper-yue/UMI_ws/data_yue/train/foam_brick/low/10/episodes/episode_20260722T061031_126776Z_000001,/home/ktakahashi/UMI-gripper-yue/UMI_ws/data_yue/train/foam_brick/low/10/episodes/episode_20260722T061031_126776Z_000001/synced_data.jsonl,foam_brick,low,too_low,10,3.7920167446136475,4.946203947067261,adaptive_settled_contact,0.8,0.0,0.0,3.0,7.0,3.0,ok,,auto_ok
episode_20260722T061051_415970Z_000001,/home/ktakahashi/UMI-gripper-yue/UMI_ws/data_yue/train/foam_brick/low/11/episodes/episode_20260722T061051_415970Z_000001,/home/ktakahashi/UMI-gripper-yue/UMI_ws/data_yue/train/foam_brick/low/11/episodes/episode_20260722T061051_415970Z_000001/synced_data.jsonl,foam_brick,low,too_low,11,3.6331424713134766,5.04046368598938,adaptive_settled_contact,0.8,0.0,0.0,3.0,7.0,3.0,ok,,auto_ok
episode_20260722T061111_915148Z_000001,/home/ktakahashi/UMI-gripper-yue/UMI_ws/data_yue/train/foam_brick/low/12/episodes/episode_20260722T061111_915148Z_000001,/home/ktakahashi/UMI-gripper-yue/UMI_ws/data_yue/train/foam_brick/low/12/episodes/episode_20260722T061111_915148Z_000001/synced_data.jsonl,foam_brick,low,too_low,12,3.665194034576416,4.801759719848633,adaptive_settled_contact,0.8,0.0,0.0,3.0,7.0,3.0,ok,,auto_ok
episode_20260722T061555_781140Z_000001,/home/ktakahashi/UMI-gripper-yue/UMI_ws/data_yue/train/foam_brick/low/13/episodes/episode_20260722T061555_781140Z_000001,/home/ktakahashi/UMI-gripper-yue/UMI_ws/data_yue/train/foam_brick/low/13/episodes/episode_20260722T061555_781140Z_000001/synced_data.jsonl,foam_brick,low,too_low,13,3.6020781993865967,4.416315078735352,adaptive_settled_contact,0.8,0.0,0.0,3.0,7.0,3.0,ok,,auto_ok
episode_20260722T061615_169338Z_000001,/home/ktakahashi/UMI-gripper-yue/UMI_ws/data_yue/train/foam_brick/low/14/episodes/episode_20260722T061615_169338Z_000001,/home/ktakahashi/UMI-gripper-yue/UMI_ws/data_yue/train/foam_brick/low/14/episodes/episode_20260722T061615_169338Z_000001/synced_data.jsonl,foam_brick,low,too_low,14,3.009996175765991,6.113569021224976,adaptive_settled_contact,0.8,0.0,0.0,3.0,7.0,3.0,ok,,auto_ok
episode_20260722T061634_689577Z_000001,/home/ktakahashi/UMI-gripper-yue/UMI_ws/data_yue/train/foam_brick/low/15/episodes/episode_20260722T061634_689577Z_000001,/home/ktakahashi/UMI-gripper-yue/UMI_ws/data_yue/train/foam_brick/low/15/episodes/episode_20260722T061634_689577Z_000001/synced_data.jsonl,foam_brick,low,too_low,15,3.4427950382232666,5.458494186401367,adaptive_settled_contact,0.8,0.0,0.0,3.0,7.0,3.0,ok,,auto_ok
episode_20260722T061655_001633Z_000001,/home/ktakahashi/UMI-gripper-yue/UMI_ws/data_yue/train/foam_brick/low/16/episodes/episode_20260722T061655_001633Z_000001,/home/ktakahashi/UMI-gripper-yue/UMI_ws/data_yue/train/foam_brick/low/16/episodes/episode_20260722T061655_001633Z_000001/synced_data.jsonl,foam_brick,low,too_low,16,3.521825075149536,4.992966890335083,adaptive_settled_contact,0.8,0.0,0.0,3.0,7.0,3.0,ok,,auto_ok
episode_20260722T061716_175167Z_000001,/home/ktakahashi/UMI-gripper-yue/UMI_ws/data_yue/train/foam_brick/low/17/episodes/episode_20260722T061716_175167Z_000001,/home/ktakahashi/UMI-gripper-yue/UMI_ws/data_yue/train/foam_brick/low/17/episodes/episode_20260722T061716_175167Z_000001/synced_data.jsonl,foam_brick,low,too_low,17,3.1848599910736084,4.754013299942017,adaptive_settled_contact,0.8,0.0,0.0,3.0,7.0,3.0,ok,,auto_ok
episode_20260722T061816_201751Z_000001,/home/ktakahashi/UMI-gripper-yue/UMI_ws/data_yue/train/foam_brick/low/18/episodes/episode_20260722T061816_201751Z_000001,/home/ktakahashi/UMI-gripper-yue/UMI_ws/data_yue/train/foam_brick/low/18/episodes/episode_20260722T061816_201751Z_000001/synced_data.jsonl,foam_brick,low,too_low,18,3.7286410331726074,5.18501615524292,adaptive_settled_contact,0.8,0.0,0.0,3.0,7.0,3.0,ok,,auto_ok
episode_20260722T061836_753713Z_000001,/home/ktakahashi/UMI-gripper-yue/UMI_ws/data_yue/train/foam_brick/low/19/episodes/episode_20260722T061836_753713Z_000001,/home/ktakahashi/UMI-gripper-yue/UMI_ws/data_yue/train/foam_brick/low/19/episodes/episode_20260722T061836_753713Z_000001/synced_data.jsonl,foam_brick,low,too_low,19,3.4884467124938965,5.104475498199463,adaptive_settled_contact,0.8,0.0,0.0,3.0,7.0,3.0,ok,,auto_ok
episode_20260722T061916_454821Z_000001,/home/ktakahashi/UMI-gripper-yue/UMI_ws/data_yue/train/foam_brick/low/20/episodes/episode_20260722T061916_454821Z_000001,/home/ktakahashi/UMI-gripper-yue/UMI_ws/data_yue/train/foam_brick/low/20/episodes/episode_20260722T061916_454821Z_000001/synced_data.jsonl,foam_brick,low,too_low,20,3.6499927043914795,5.042708158493042,adaptive_settled_contact,0.8,0.0,0.0,3.0,7.0,3.0,ok,,auto_ok
episode_20260722T055643_046651Z_000001,/home/ktakahashi/UMI-gripper-yue/UMI_ws/data_yue/train/foam_brick/medium/01/episodes/episode_20260722T055643_046651Z_000001,/home/ktakahashi/UMI-gripper-yue/UMI_ws/data_yue/train/foam_brick/medium/01/episodes/episode_20260722T055643_046651Z_000001/synced_data.jsonl,foam_brick,medium,fine,01,3.9522881507873535,5.377838611602783,adaptive_settled_contact,0.8,0.0,0.0,3.0,7.0,3.0,ok,,auto_ok
episode_20260722T055706_854330Z_000001,/home/ktakahashi/UMI-gripper-yue/UMI_ws/data_yue/train/foam_brick/medium/02/episodes/episode_20260722T055706_854330Z_000001,/home/ktakahashi/UMI-gripper-yue/UMI_ws/data_yue/train/foam_brick/medium/02/episodes/episode_20260722T055706_854330Z_000001/synced_data.jsonl,foam_brick,medium,fine,02,3.712610960006714,5.281774997711182,adaptive_settled_contact,0.8,0.0,0.0,3.0,7.0,3.0,ok,,auto_ok
episode_20260722T055733_149236Z_000001,/home/ktakahashi/UMI-gripper-yue/UMI_ws/data_yue/train/foam_brick/medium/03/episodes/episode_20260722T055733_149236Z_000001,/home/ktakahashi/UMI-gripper-yue/UMI_ws/data_yue/train/foam_brick/medium/03/episodes/episode_20260722T055733_149236Z_000001/synced_data.jsonl,foam_brick,medium,fine,03,4.2917139530181885,5.092264652252197,adaptive_settled_contact,0.8,0.0,0.0,3.0,7.0,3.0,ok,,auto_ok
episode_20260722T055754_949563Z_000001,/home/ktakahashi/UMI-gripper-yue/UMI_ws/data_yue/train/foam_brick/medium/04/episodes/episode_20260722T055754_949563Z_000001,/home/ktakahashi/UMI-gripper-yue/UMI_ws/data_yue/train/foam_brick/medium/04/episodes/episode_20260722T055754_949563Z_000001/synced_data.jsonl,foam_brick,medium,fine,04,3.0085790157318115,4.353032112121582,adaptive_settled_contact,0.8,0.0,0.0,3.0,7.0,3.0,ok,,auto_ok
episode_20260722T055816_340638Z_000001,/home/ktakahashi/UMI-gripper-yue/UMI_ws/data_yue/train/foam_brick/medium/05/episodes/episode_20260722T055816_340638Z_000001,/home/ktakahashi/UMI-gripper-yue/UMI_ws/data_yue/train/foam_brick/medium/05/episodes/episode_20260722T055816_340638Z_000001/synced_data.jsonl,foam_brick,medium,fine,05,3.6637227535247803,5.234129905700684,adaptive_settled_contact,0.8,0.0,0.0,3.0,7.0,3.0,ok,,auto_ok
episode_20260722T055838_123549Z_000001,/home/ktakahashi/UMI-gripper-yue/UMI_ws/data_yue/train/foam_brick/medium/06/episodes/episode_20260722T055838_123549Z_000001,/home/ktakahashi/UMI-gripper-yue/UMI_ws/data_yue/train/foam_brick/medium/06/episodes/episode_20260722T055838_123549Z_000001/synced_data.jsonl,foam_brick,medium,fine,06,3.56964111328125,4.371241092681885,adaptive_settled_contact,0.8,0.0,0.0,3.0,7.0,3.0,ok,,auto_ok
episode_20260722T055901_594609Z_000001,/home/ktakahashi/UMI-gripper-yue/UMI_ws/data_yue/train/foam_brick/medium/07/episodes/episode_20260722T055901_594609Z_000001,/home/ktakahashi/UMI-gripper-yue/UMI_ws/data_yue/train/foam_brick/medium/07/episodes/episode_20260722T055901_594609Z_000001/synced_data.jsonl,foam_brick,medium,fine,07,3.0083653926849365,3.8110716342926025,adaptive_settled_contact,0.8,0.0,0.0,3.0,7.0,3.0,ok,,auto_ok
episode_20260722T055923_291538Z_000001,/home/ktakahashi/UMI-gripper-yue/UMI_ws/data_yue/train/foam_brick/medium/08/episodes/episode_20260722T055923_291538Z_000001,/home/ktakahashi/UMI-gripper-yue/UMI_ws/data_yue/train/foam_brick/medium/08/episodes/episode_20260722T055923_291538Z_000001/synced_data.jsonl,foam_brick,medium,fine,08,3.0248606204986572,3.8255162239074707,adaptive_settled_contact,0.8,0.0,0.0,3.0,7.0,3.0,ok,,auto_ok
episode_20260722T055944_196134Z_000001,/home/ktakahashi/UMI-gripper-yue/UMI_ws/data_yue/train/foam_brick/medium/09/episodes/episode_20260722T055944_196134Z_000001,/home/ktakahashi/UMI-gripper-yue/UMI_ws/data_yue/train/foam_brick/medium/09/episodes/episode_20260722T055944_196134Z_000001/synced_data.jsonl,foam_brick,medium,fine,09,3.7458834648132324,5.1861889362335205,adaptive_settled_contact,0.8,0.0,0.0,3.0,7.0,3.0,ok,,auto_ok
episode_20260722T060004_919920Z_000001,/home/ktakahashi/UMI-gripper-yue/UMI_ws/data_yue/train/foam_brick/medium/10/episodes/episode_20260722T060004_919920Z_000001,/home/ktakahashi/UMI-gripper-yue/UMI_ws/data_yue/train/foam_brick/medium/10/episodes/episode_20260722T060004_919920Z_000001/synced_data.jsonl,foam_brick,medium,fine,10,3.6629831790924072,4.465041875839233,adaptive_settled_contact,0.8,0.0,0.0,3.0,7.0,3.0,ok,,auto_ok
episode_20260722T060028_541375Z_000001,/home/ktakahashi/UMI-gripper-yue/UMI_ws/data_yue/train/foam_brick/medium/11/episodes/episode_20260722T060028_541375Z_000001,/home/ktakahashi/UMI-gripper-yue/UMI_ws/data_yue/train/foam_brick/medium/11/episodes/episode_20260722T060028_541375Z_000001/synced_data.jsonl,foam_brick,medium,fine,11,3.6035192012786865,5.043416500091553,adaptive_settled_contact,0.8,0.0,0.0,3.0,7.0,3.0,ok,,auto_ok
episode_20260722T060050_250278Z_000001,/home/ktakahashi/UMI-gripper-yue/UMI_ws/data_yue/train/foam_brick/medium/12/episodes/episode_20260722T060050_250278Z_000001,/home/ktakahashi/UMI-gripper-yue/UMI_ws/data_yue/train/foam_brick/medium/12/episodes/episode_20260722T060050_250278Z_000001/synced_data.jsonl,foam_brick,medium,fine,12,3.5517659187316895,4.352538824081421,adaptive_settled_contact,0.8,0.0,0.0,3.0,7.0,3.0,ok,,auto_ok
episode_20260722T060111_644458Z_000001,/home/ktakahashi/UMI-gripper-yue/UMI_ws/data_yue/train/foam_brick/medium/13/episodes/episode_20260722T060111_644458Z_000001,/home/ktakahashi/UMI-gripper-yue/UMI_ws/data_yue/train/foam_brick/medium/13/episodes/episode_20260722T060111_644458Z_000001/synced_data.jsonl,foam_brick,medium,fine,13,3.5677216053009033,4.368809461593628,adaptive_settled_contact,0.8,0.0,0.0,3.0,7.0,3.0,ok,,auto_ok
episode_20260722T060133_665893Z_000001,/home/ktakahashi/UMI-gripper-yue/UMI_ws/data_yue/train/foam_brick/medium/14/episodes/episode_20260722T060133_665893Z_000001,/home/ktakahashi/UMI-gripper-yue/UMI_ws/data_yue/train/foam_brick/medium/14/episodes/episode_20260722T060133_665893Z_000001/synced_data.jsonl,foam_brick,medium,fine,14,3.5845272541046143,4.399724960327148,adaptive_settled_contact,0.8,0.0,0.0,3.0,7.0,3.0,ok,,auto_ok
episode_20260722T060154_940189Z_000001,/home/ktakahashi/UMI-gripper-yue/UMI_ws/data_yue/train/foam_brick/medium/15/episodes/episode_20260722T060154_940189Z_000001,/home/ktakahashi/UMI-gripper-yue/UMI_ws/data_yue/train/foam_brick/medium/15/episodes/episode_20260722T060154_940189Z_000001/synced_data.jsonl,foam_brick,medium,fine,15,5.457926988601685,6.514881372451782,adaptive_settled_contact,0.8,0.0,0.0,3.0,7.0,3.0,ok,,auto_ok
episode_20260722T060336_494073Z_000001,/home/ktakahashi/UMI-gripper-yue/UMI_ws/data_yue/train/foam_brick/medium/16/episodes/episode_20260722T060336_494073Z_000001,/home/ktakahashi/UMI-gripper-yue/UMI_ws/data_yue/train/foam_brick/medium/16/episodes/episode_20260722T060336_494073Z_000001/synced_data.jsonl,foam_brick,medium,fine,16,3.569504499435425,4.384346961975098,adaptive_settled_contact,0.8,0.0,0.0,3.0,7.0,3.0,ok,,auto_ok
episode_20260722T060400_752746Z_000001,/home/ktakahashi/UMI-gripper-yue/UMI_ws/data_yue/train/foam_brick/medium/17/episodes/episode_20260722T060400_752746Z_000001,/home/ktakahashi/UMI-gripper-yue/UMI_ws/data_yue/train/foam_brick/medium/17/episodes/episode_20260722T060400_752746Z_000001/synced_data.jsonl,foam_brick,medium,fine,17,3.7792253494262695,6.452369689941406,adaptive_settled_contact,0.8,0.0,0.0,3.0,7.0,3.0,ok,,auto_ok
episode_20260722T060422_558791Z_000001,/home/ktakahashi/UMI-gripper-yue/UMI_ws/data_yue/train/foam_brick/medium/18/episodes/episode_20260722T060422_558791Z_000001,/home/ktakahashi/UMI-gripper-yue/UMI_ws/data_yue/train/foam_brick/medium/18/episodes/episode_20260722T060422_558791Z_000001/synced_data.jsonl,foam_brick,medium,fine,18,3.7320916652679443,5.250846862792969,adaptive_settled_contact,0.8,0.0,0.0,3.0,7.0,3.0,ok,,auto_ok
episode_20260722T060443_124315Z_000001,/home/ktakahashi/UMI-gripper-yue/UMI_ws/data_yue/train/foam_brick/medium/19/episodes/episode_20260722T060443_124315Z_000001,/home/ktakahashi/UMI-gripper-yue/UMI_ws/data_yue/train/foam_brick/medium/19/episodes/episode_20260722T060443_124315Z_000001/synced_data.jsonl,foam_brick,medium,fine,19,4.22505784034729,5.552935600280762,adaptive_settled_contact,0.8,0.0,0.0,3.0,7.0,3.0,ok,,auto_ok
episode_20260722T060504_478941Z_000001,/home/ktakahashi/UMI-gripper-yue/UMI_ws/data_yue/train/foam_brick/medium/20/episodes/episode_20260722T060504_478941Z_000001,/home/ktakahashi/UMI-gripper-yue/UMI_ws/data_yue/train/foam_brick/medium/20/episodes/episode_20260722T060504_478941Z_000001/synced_data.jsonl,foam_brick,medium,fine,20,3.0079476833343506,5.712876558303833,adaptive_settled_contact,0.8,0.0,0.0,3.0,7.0,3.0,ok,,auto_ok
episode_20260722T025244_731032Z_000001,/home/ktakahashi/UMI-gripper-yue/UMI_ws/data_yue/train/marker/high/01/episodes/episode_20260722T025244_731032Z_000001,/home/ktakahashi/UMI-gripper-yue/UMI_ws/data_yue/train/marker/high/01/episodes/episode_20260722T025244_731032Z_000001/synced_data.jsonl,marker,high,too_high,01,3.808959722518921,5.072730541229248,adaptive_settled_contact,0.8,0.00125,0.0,3.0,7.0,3.0,force_outlier_present,,pending
episode_20260722T025340_807266Z_000001,/home/ktakahashi/UMI-gripper-yue/UMI_ws/data_yue/train/marker/high/02/episodes/episode_20260722T025340_807266Z_000001,/home/ktakahashi/UMI-gripper-yue/UMI_ws/data_yue/train/marker/high/02/episodes/episode_20260722T025340_807266Z_000001/synced_data.jsonl,marker,high,too_high,02,3.6670594215393066,5.155208110809326,adaptive_settled_contact,0.8,0.0,0.0,3.0,7.0,3.0,ok,,auto_ok
episode_20260722T025405_349200Z_000001,/home/ktakahashi/UMI-gripper-yue/UMI_ws/data_yue/train/marker/high/03/episodes/episode_20260722T025405_349200Z_000001,/home/ktakahashi/UMI-gripper-yue/UMI_ws/data_yue/train/marker/high/03/episodes/episode_20260722T025405_349200Z_000001/synced_data.jsonl,marker,high,too_high,03,3.5870773792266846,4.387077379226684,contact_unsettled_fallback,0.5,0.0,0.0,3.0,7.0,3.0,ok,,auto_ok
episode_20260722T025427_726891Z_000001,/home/ktakahashi/UMI-gripper-yue/UMI_ws/data_yue/train/marker/high/04/episodes/episode_20260722T025427_726891Z_000001,/home/ktakahashi/UMI-gripper-yue/UMI_ws/data_yue/train/marker/high/04/episodes/episode_20260722T025427_726891Z_000001/synced_data.jsonl,marker,high,too_high,04,3.697211742401123,4.497211742401123,contact_unsettled_fallback,0.5,0.0,0.0,3.0,7.0,3.0,ok,,auto_ok
episode_20260722T025454_133196Z_000001,/home/ktakahashi/UMI-gripper-yue/UMI_ws/data_yue/train/marker/high/05/episodes/episode_20260722T025454_133196Z_000001,/home/ktakahashi/UMI-gripper-yue/UMI_ws/data_yue/train/marker/high/05/episodes/episode_20260722T025454_133196Z_000001/synced_data.jsonl,marker,high,too_high,05,3.4567999839782715,4.256799983978271,contact_unsettled_fallback,0.5,0.001122334455667789,0.0,3.0,7.0,3.0,force_outlier_present,,pending
episode_20260722T025514_487099Z_000001,/home/ktakahashi/UMI-gripper-yue/UMI_ws/data_yue/train/marker/high/06/episodes/episode_20260722T025514_487099Z_000001,/home/ktakahashi/UMI-gripper-yue/UMI_ws/data_yue/train/marker/high/06/episodes/episode_20260722T025514_487099Z_000001/synced_data.jsonl,marker,high,too_high,06,3.5383098125457764,5.203036785125732,adaptive_settled_contact,0.8,0.0,0.0,3.0,7.0,3.0,ok,,auto_ok
episode_20260722T025558_962924Z_000001,/home/ktakahashi/UMI-gripper-yue/UMI_ws/data_yue/train/marker/high/07/episodes/episode_20260722T025558_962924Z_000001,/home/ktakahashi/UMI-gripper-yue/UMI_ws/data_yue/train/marker/high/07/episodes/episode_20260722T025558_962924Z_000001/synced_data.jsonl,marker,high,too_high,07,3.217782497406006,4.017782497406006,contact_unsettled_fallback,0.5,0.0,0.0,3.0,7.0,3.0,ok,,auto_ok
episode_20260722T025622_754222Z_000001,/home/ktakahashi/UMI-gripper-yue/UMI_ws/data_yue/train/marker/high/08/episodes/episode_20260722T025622_754222Z_000001,/home/ktakahashi/UMI-gripper-yue/UMI_ws/data_yue/train/marker/high/08/episodes/episode_20260722T025622_754222Z_000001/synced_data.jsonl,marker,high,too_high,08,3.5694775581359863,4.3701746463775635,adaptive_settled_contact,0.8,0.0,0.0,3.0,7.0,3.0,ok,,auto_ok
episode_20260722T025646_375815Z_000001,/home/ktakahashi/UMI-gripper-yue/UMI_ws/data_yue/train/marker/high/09/episodes/episode_20260722T025646_375815Z_000001,/home/ktakahashi/UMI-gripper-yue/UMI_ws/data_yue/train/marker/high/09/episodes/episode_20260722T025646_375815Z_000001/synced_data.jsonl,marker,high,too_high,09,3.8903744220733643,4.690374422073364,contact_unsettled_fallback,0.5,0.0,0.0,3.0,7.0,3.0,ok,,auto_ok
episode_20260722T025710_526329Z_000001,/home/ktakahashi/UMI-gripper-yue/UMI_ws/data_yue/train/marker/high/10/episodes/episode_20260722T025710_526329Z_000001,/home/ktakahashi/UMI-gripper-yue/UMI_ws/data_yue/train/marker/high/10/episodes/episode_20260722T025710_526329Z_000001/synced_data.jsonl,marker,high,too_high,10,3.39162278175354,4.19162278175354,contact_unsettled_fallback,0.5,0.0019102196752626551,0.0,3.0,7.0,3.0,force_outlier_present,,pending
episode_20260722T025732_444815Z_000001,/home/ktakahashi/UMI-gripper-yue/UMI_ws/data_yue/train/marker/high/11/episodes/episode_20260722T025732_444815Z_000001,/home/ktakahashi/UMI-gripper-yue/UMI_ws/data_yue/train/marker/high/11/episodes/episode_20260722T025732_444815Z_000001/synced_data.jsonl,marker,high,too_high,11,3.1194729804992676,6.290398120880127,adaptive_settled_contact,0.8,0.0,0.0,3.0,7.0,3.0,ok,,auto_ok
episode_20260722T025755_560109Z_000001,/home/ktakahashi/UMI-gripper-yue/UMI_ws/data_yue/train/marker/high/12/episodes/episode_20260722T025755_560109Z_000001,/home/ktakahashi/UMI-gripper-yue/UMI_ws/data_yue/train/marker/high/12/episodes/episode_20260722T025755_560109Z_000001/synced_data.jsonl,marker,high,too_high,12,3.457033395767212,4.257033395767212,contact_unsettled_fallback,0.5,0.20042417815482502,0.003181336161187699,3.0,7.0,3.0,force_outlier_present,,pending
episode_20260722T025816_642137Z_000001,/home/ktakahashi/UMI-gripper-yue/UMI_ws/data_yue/train/marker/high/13/episodes/episode_20260722T025816_642137Z_000001,/home/ktakahashi/UMI-gripper-yue/UMI_ws/data_yue/train/marker/high/13/episodes/episode_20260722T025816_642137Z_000001/synced_data.jsonl,marker,high,too_high,13,3.522077798843384,5.088299512863159,adaptive_settled_contact,0.8,0.0,0.0,3.0,7.0,3.0,ok,,auto_ok
episode_20260722T030104_421704Z_000001,/home/ktakahashi/UMI-gripper-yue/UMI_ws/data_yue/train/marker/high/14/episodes/episode_20260722T030104_421704Z_000001,/home/ktakahashi/UMI-gripper-yue/UMI_ws/data_yue/train/marker/high/14/episodes/episode_20260722T030104_421704Z_000001/synced_data.jsonl,marker,high,too_high,14,3.6965813636779785,4.496581363677978,contact_unsettled_fallback,0.5,0.0,0.0,3.0,7.0,3.0,ok,,auto_ok
episode_20260722T025931_253994Z_000001,/home/ktakahashi/UMI-gripper-yue/UMI_ws/data_yue/train/marker/high/15/episodes/episode_20260722T025931_253994Z_000001,/home/ktakahashi/UMI-gripper-yue/UMI_ws/data_yue/train/marker/high/15/episodes/episode_20260722T025931_253994Z_000001/synced_data.jsonl,marker,high,too_high,15,3.648172378540039,6.609866142272949,adaptive_settled_contact,0.8,0.0,0.0,3.0,7.0,3.0,ok,,auto_ok
episode_20260722T030146_837445Z_000001,/home/ktakahashi/UMI-gripper-yue/UMI_ws/data_yue/train/marker/high/16/episodes/episode_20260722T030146_837445Z_000001,/home/ktakahashi/UMI-gripper-yue/UMI_ws/data_yue/train/marker/high/16/episodes/episode_20260722T030146_837445Z_000001/synced_data.jsonl,marker,high,too_high,16,3.473796844482422,6.513975381851196,adaptive_settled_contact,0.8,0.13205282112845138,0.02040816326530612,3.0,7.0,3.0,force_outlier_present,,pending
episode_20260722T030209_978360Z_000001,/home/ktakahashi/UMI-gripper-yue/UMI_ws/data_yue/train/marker/high/17/episodes/episode_20260722T030209_978360Z_000001,/home/ktakahashi/UMI-gripper-yue/UMI_ws/data_yue/train/marker/high/17/episodes/episode_20260722T030209_978360Z_000001/synced_data.jsonl,marker,high,too_high,17,3.6182661056518555,6.675184011459351,adaptive_settled_contact,0.8,0.14224137931034483,0.0,3.0,7.0,3.0,force_outlier_present,,pending
episode_20260722T030231_295729Z_000001,/home/ktakahashi/UMI-gripper-yue/UMI_ws/data_yue/train/marker/high/18/episodes/episode_20260722T030231_295729Z_000001,/home/ktakahashi/UMI-gripper-yue/UMI_ws/data_yue/train/marker/high/18/episodes/episode_20260722T030231_295729Z_000001/synced_data.jsonl,marker,high,too_high,18,3.3122169971466064,4.9308531284332275,adaptive_settled_contact,0.8,0.07230255839822025,0.0,3.0,7.0,3.0,force_outlier_present,,pending
episode_20260722T030359_872417Z_000001,/home/ktakahashi/UMI-gripper-yue/UMI_ws/data_yue/train/marker/high/19/episodes/episode_20260722T030359_872417Z_000001,/home/ktakahashi/UMI-gripper-yue/UMI_ws/data_yue/train/marker/high/19/episodes/episode_20260722T030359_872417Z_000001/synced_data.jsonl,marker,high,too_high,19,3.503667116165161,5.697316408157349,adaptive_settled_contact,0.8,0.0,0.0,3.0,7.0,3.0,ok,,auto_ok
episode_20260722T030420_915680Z_000001,/home/ktakahashi/UMI-gripper-yue/UMI_ws/data_yue/train/marker/high/20/episodes/episode_20260722T030420_915680Z_000001,/home/ktakahashi/UMI-gripper-yue/UMI_ws/data_yue/train/marker/high/20/episodes/episode_20260722T030420_915680Z_000001/synced_data.jsonl,marker,high,too_high,20,3.39426326751709,6.690675973892212,adaptive_settled_contact,0.8,0.0,0.0,3.0,7.0,3.0,ok,,auto_ok
episode_20260722T024038_935899Z_000001,/home/ktakahashi/UMI-gripper-yue/UMI_ws/data_yue/train/marker/low/01/episodes/episode_20260722T024038_935899Z_000001,/home/ktakahashi/UMI-gripper-yue/UMI_ws/data_yue/train/marker/low/01/episodes/episode_20260722T024038_935899Z_000001/synced_data.jsonl,marker,low,too_low,01,3.0081632137298584,3.9040658473968506,adaptive_settled_contact,0.8,0.0,0.0,3.0,7.0,3.0,ok,,auto_ok
episode_20260722T024104_194679Z_000001,/home/ktakahashi/UMI-gripper-yue/UMI_ws/data_yue/train/marker/low/02/episodes/episode_20260722T024104_194679Z_000001,/home/ktakahashi/UMI-gripper-yue/UMI_ws/data_yue/train/marker/low/02/episodes/episode_20260722T024104_194679Z_000001/synced_data.jsonl,marker,low,too_low,02,3.697957754135132,5.2652428150177,adaptive_settled_contact,0.8,0.0,0.0,3.0,7.0,3.0,ok,,auto_ok
episode_20260722T024125_226935Z_000001,/home/ktakahashi/UMI-gripper-yue/UMI_ws/data_yue/train/marker/low/03/episodes/episode_20260722T024125_226935Z_000001,/home/ktakahashi/UMI-gripper-yue/UMI_ws/data_yue/train/marker/low/03/episodes/episode_20260722T024125_226935Z_000001/synced_data.jsonl,marker,low,too_low,03,3.0096640586853027,3.8250083923339844,adaptive_settled_contact,0.8,0.0,0.0,3.0,7.0,3.0,ok,,auto_ok
episode_20260722T024148_921214Z_000001,/home/ktakahashi/UMI-gripper-yue/UMI_ws/data_yue/train/marker/low/04/episodes/episode_20260722T024148_921214Z_000001,/home/ktakahashi/UMI-gripper-yue/UMI_ws/data_yue/train/marker/low/04/episodes/episode_20260722T024148_921214Z_000001/synced_data.jsonl,marker,low,too_low,04,3.5075180530548096,4.321822643280029,adaptive_settled_contact,0.8,0.0,0.0,3.0,7.0,3.0,ok,,auto_ok
episode_20260722T024217_460360Z_000001,/home/ktakahashi/UMI-gripper-yue/UMI_ws/data_yue/train/marker/low/05/episodes/episode_20260722T024217_460360Z_000001,/home/ktakahashi/UMI-gripper-yue/UMI_ws/data_yue/train/marker/low/05/episodes/episode_20260722T024217_460360Z_000001/synced_data.jsonl,marker,low,too_low,05,3.504703998565674,4.321087837219238,adaptive_settled_contact,0.8,0.0,0.0,3.0,7.0,3.0,ok,,auto_ok
episode_20260722T024245_137181Z_000001,/home/ktakahashi/UMI-gripper-yue/UMI_ws/data_yue/train/marker/low/06/episodes/episode_20260722T024245_137181Z_000001,/home/ktakahashi/UMI-gripper-yue/UMI_ws/data_yue/train/marker/low/06/episodes/episode_20260722T024245_137181Z_000001/synced_data.jsonl,marker,low,too_low,06,3.5205321311950684,5.490532636642456,adaptive_settled_contact,0.8,0.0,0.0,3.0,7.0,3.0,ok,,auto_ok
episode_20260722T024307_705066Z_000001,/home/ktakahashi/UMI-gripper-yue/UMI_ws/data_yue/train/marker/low/07/episodes/episode_20260722T024307_705066Z_000001,/home/ktakahashi/UMI-gripper-yue/UMI_ws/data_yue/train/marker/low/07/episodes/episode_20260722T024307_705066Z_000001/synced_data.jsonl,marker,low,too_low,07,3.5552875995635986,5.587817192077637,adaptive_settled_contact,0.8,0.0,0.0,3.0,7.0,3.0,ok,,auto_ok
episode_20260722T024330_155551Z_000001,/home/ktakahashi/UMI-gripper-yue/UMI_ws/data_yue/train/marker/low/08/episodes/episode_20260722T024330_155551Z_000001,/home/ktakahashi/UMI-gripper-yue/UMI_ws/data_yue/train/marker/low/08/episodes/episode_20260722T024330_155551Z_000001/synced_data.jsonl,marker,low,too_low,08,3.3291561603546143,4.130234241485596,adaptive_settled_contact,0.8,0.0,0.0,3.0,7.0,3.0,ok,,auto_ok
episode_20260722T024439_220470Z_000001,/home/ktakahashi/UMI-gripper-yue/UMI_ws/data_yue/train/marker/low/09/episodes/episode_20260722T024439_220470Z_000001,/home/ktakahashi/UMI-gripper-yue/UMI_ws/data_yue/train/marker/low/09/episodes/episode_20260722T024439_220470Z_000001/synced_data.jsonl,marker,low,too_low,09,3.4082353115081787,5.089296340942383,adaptive_settled_contact,0.8,0.0,0.0,3.0,7.0,3.0,ok,,auto_ok
episode_20260722T024500_647435Z_000001,/home/ktakahashi/UMI-gripper-yue/UMI_ws/data_yue/train/marker/low/10/episodes/episode_20260722T024500_647435Z_000001,/home/ktakahashi/UMI-gripper-yue/UMI_ws/data_yue/train/marker/low/10/episodes/episode_20260722T024500_647435Z_000001/synced_data.jsonl,marker,low,too_low,10,3.2339911460876465,6.290889739990234,adaptive_settled_contact,0.8,0.0,0.0,3.0,7.0,3.0,ok,,auto_ok
episode_20260722T024521_383777Z_000001,/home/ktakahashi/UMI-gripper-yue/UMI_ws/data_yue/train/marker/low/11/episodes/episode_20260722T024521_383777Z_000001,/home/ktakahashi/UMI-gripper-yue/UMI_ws/data_yue/train/marker/low/11/episodes/episode_20260722T024521_383777Z_000001/synced_data.jsonl,marker,low,too_low,11,3.7769033908843994,5.056822776794434,adaptive_settled_contact,0.8,0.0,0.0,3.0,7.0,3.0,ok,,auto_ok
episode_20260722T024626_392965Z_000001,/home/ktakahashi/UMI-gripper-yue/UMI_ws/data_yue/train/marker/low/12/episodes/episode_20260722T024626_392965Z_000001,/home/ktakahashi/UMI-gripper-yue/UMI_ws/data_yue/train/marker/low/12/episodes/episode_20260722T024626_392965Z_000001/synced_data.jsonl,marker,low,too_low,12,3.4246435165405273,4.241333723068237,adaptive_settled_contact,0.8,0.0,0.0,3.0,7.0,3.0,ok,,auto_ok
episode_20260722T024648_271994Z_000001,/home/ktakahashi/UMI-gripper-yue/UMI_ws/data_yue/train/marker/low/13/episodes/episode_20260722T024648_271994Z_000001,/home/ktakahashi/UMI-gripper-yue/UMI_ws/data_yue/train/marker/low/13/episodes/episode_20260722T024648_271994Z_000001/synced_data.jsonl,marker,low,too_low,13,4.064478874206543,4.864858388900757,adaptive_settled_contact,0.8,0.0,0.0,3.0,7.0,3.0,ok,,auto_ok
episode_20260722T024806_979455Z_000001,/home/ktakahashi/UMI-gripper-yue/UMI_ws/data_yue/train/marker/low/14/episodes/episode_20260722T024806_979455Z_000001,/home/ktakahashi/UMI-gripper-yue/UMI_ws/data_yue/train/marker/low/14/episodes/episode_20260722T024806_979455Z_000001/synced_data.jsonl,marker,low,too_low,14,3.5852346420288086,4.7857677936553955,adaptive_settled_contact,0.8,0.0,0.0,3.0,7.0,3.0,ok,,auto_ok
episode_20260722T024828_622324Z_000001,/home/ktakahashi/UMI-gripper-yue/UMI_ws/data_yue/train/marker/low/15/episodes/episode_20260722T024828_622324Z_000001,/home/ktakahashi/UMI-gripper-yue/UMI_ws/data_yue/train/marker/low/15/episodes/episode_20260722T024828_622324Z_000001/synced_data.jsonl,marker,low,too_low,15,3.5371968746185303,5.9527788162231445,adaptive_settled_contact,0.8,0.0,0.0,3.0,7.0,3.0,ok,,auto_ok
episode_20260722T024903_109023Z_000001,/home/ktakahashi/UMI-gripper-yue/UMI_ws/data_yue/train/marker/low/16/episodes/episode_20260722T024903_109023Z_000001,/home/ktakahashi/UMI-gripper-yue/UMI_ws/data_yue/train/marker/low/16/episodes/episode_20260722T024903_109023Z_000001/synced_data.jsonl,marker,low,too_low,16,3.697230100631714,5.473058223724365,adaptive_settled_contact,0.8,0.0,0.0,3.0,7.0,3.0,ok,,auto_ok
episode_20260722T024923_370104Z_000001,/home/ktakahashi/UMI-gripper-yue/UMI_ws/data_yue/train/marker/low/17/episodes/episode_20260722T024923_370104Z_000001,/home/ktakahashi/UMI-gripper-yue/UMI_ws/data_yue/train/marker/low/17/episodes/episode_20260722T024923_370104Z_000001/synced_data.jsonl,marker,low,too_low,17,3.0084266662597656,4.368088722229004,adaptive_settled_contact,0.8,0.0,0.0,3.0,7.0,3.0,ok,,auto_ok
episode_20260722T024954_791457Z_000001,/home/ktakahashi/UMI-gripper-yue/UMI_ws/data_yue/train/marker/low/18/episodes/episode_20260722T024954_791457Z_000001,/home/ktakahashi/UMI-gripper-yue/UMI_ws/data_yue/train/marker/low/18/episodes/episode_20260722T024954_791457Z_000001/synced_data.jsonl,marker,low,too_low,18,3.472135543823242,6.002481937408447,adaptive_settled_contact,0.8,0.0,0.0,3.0,7.0,3.0,ok,,auto_ok
episode_20260722T025018_571687Z_000001,/home/ktakahashi/UMI-gripper-yue/UMI_ws/data_yue/train/marker/low/19/episodes/episode_20260722T025018_571687Z_000001,/home/ktakahashi/UMI-gripper-yue/UMI_ws/data_yue/train/marker/low/19/episodes/episode_20260722T025018_571687Z_000001/synced_data.jsonl,marker,low,too_low,19,3.4568748474121094,5.266414165496826,adaptive_settled_contact,0.8,0.0,0.0,3.0,7.0,3.0,ok,,auto_ok
episode_20260722T025038_819184Z_000001,/home/ktakahashi/UMI-gripper-yue/UMI_ws/data_yue/train/marker/low/20/episodes/episode_20260722T025038_819184Z_000001,/home/ktakahashi/UMI-gripper-yue/UMI_ws/data_yue/train/marker/low/20/episodes/episode_20260722T025038_819184Z_000001/synced_data.jsonl,marker,low,too_low,20,3.009962797164917,4.017711162567139,adaptive_settled_contact,0.8,0.0,0.0,3.0,7.0,3.0,ok,,auto_ok
episode_20260722T022622_329646Z_000001,/home/ktakahashi/UMI-gripper-yue/UMI_ws/data_yue/train/marker/medium/01/episodes/episode_20260722T022622_329646Z_000001,/home/ktakahashi/UMI-gripper-yue/UMI_ws/data_yue/train/marker/medium/01/episodes/episode_20260722T022622_329646Z_000001/synced_data.jsonl,marker,medium,fine,01,3.5852243900299072,5.393773317337036,adaptive_settled_contact,0.8,0.0,0.0,3.0,7.0,3.0,ok,,auto_ok
episode_20260722T022643_584230Z_000001,/home/ktakahashi/UMI-gripper-yue/UMI_ws/data_yue/train/marker/medium/02/episodes/episode_20260722T022643_584230Z_000001,/home/ktakahashi/UMI-gripper-yue/UMI_ws/data_yue/train/marker/medium/02/episodes/episode_20260722T022643_584230Z_000001/synced_data.jsonl,marker,medium,fine,02,3.7452125549316406,5.265965700149536,adaptive_settled_contact,0.8,0.0,0.0,3.0,7.0,3.0,ok,,auto_ok
episode_20260722T022704_625513Z_000001,/home/ktakahashi/UMI-gripper-yue/UMI_ws/data_yue/train/marker/medium/03/episodes/episode_20260722T022704_625513Z_000001,/home/ktakahashi/UMI-gripper-yue/UMI_ws/data_yue/train/marker/medium/03/episodes/episode_20260722T022704_625513Z_000001/synced_data.jsonl,marker,medium,fine,03,3.6335830688476562,4.433583498001099,adaptive_settled_contact,0.8,0.0,0.0,3.0,7.0,3.0,ok,,auto_ok
episode_20260722T022724_511689Z_000001,/home/ktakahashi/UMI-gripper-yue/UMI_ws/data_yue/train/marker/medium/04/episodes/episode_20260722T022724_511689Z_000001,/home/ktakahashi/UMI-gripper-yue/UMI_ws/data_yue/train/marker/medium/04/episodes/episode_20260722T022724_511689Z_000001/synced_data.jsonl,marker,medium,fine,04,3.889381170272827,5.316492557525635,adaptive_settled_contact,0.8,0.0,0.0,3.0,7.0,3.0,ok,,auto_ok
episode_20260722T022748_751907Z_000001,/home/ktakahashi/UMI-gripper-yue/UMI_ws/data_yue/train/marker/medium/05/episodes/episode_20260722T022748_751907Z_000001,/home/ktakahashi/UMI-gripper-yue/UMI_ws/data_yue/train/marker/medium/05/episodes/episode_20260722T022748_751907Z_000001/synced_data.jsonl,marker,medium,fine,05,3.5675811767578125,4.944253444671631,adaptive_settled_contact,0.8,0.0,0.0,3.0,7.0,3.0,ok,,auto_ok
episode_20260722T022854_281665Z_000001,/home/ktakahashi/UMI-gripper-yue/UMI_ws/data_yue/train/marker/medium/06/episodes/episode_20260722T022854_281665Z_000001,/home/ktakahashi/UMI-gripper-yue/UMI_ws/data_yue/train/marker/medium/06/episodes/episode_20260722T022854_281665Z_000001/synced_data.jsonl,marker,medium,fine,06,3.6651339530944824,4.994077205657959,adaptive_settled_contact,0.8,0.0,0.0,3.0,7.0,3.0,ok,,auto_ok
episode_20260722T022920_355972Z_000001,/home/ktakahashi/UMI-gripper-yue/UMI_ws/data_yue/train/marker/medium/07/episodes/episode_20260722T022920_355972Z_000001,/home/ktakahashi/UMI-gripper-yue/UMI_ws/data_yue/train/marker/medium/07/episodes/episode_20260722T022920_355972Z_000001/synced_data.jsonl,marker,medium,fine,07,3.5394365787506104,5.587836742401123,adaptive_settled_contact,0.8,0.0,0.0,3.0,7.0,3.0,ok,,auto_ok
episode_20260722T022942_691398Z_000001,/home/ktakahashi/UMI-gripper-yue/UMI_ws/data_yue/train/marker/medium/08/episodes/episode_20260722T022942_691398Z_000001,/home/ktakahashi/UMI-gripper-yue/UMI_ws/data_yue/train/marker/medium/08/episodes/episode_20260722T022942_691398Z_000001/synced_data.jsonl,marker,medium,fine,08,3.6474061012268066,4.449028730392456,adaptive_settled_contact,0.8,0.0,0.0,3.0,7.0,3.0,ok,,auto_ok
episode_20260722T023006_819199Z_000001,/home/ktakahashi/UMI-gripper-yue/UMI_ws/data_yue/train/marker/medium/09/episodes/episode_20260722T023006_819199Z_000001,/home/ktakahashi/UMI-gripper-yue/UMI_ws/data_yue/train/marker/medium/09/episodes/episode_20260722T023006_819199Z_000001/synced_data.jsonl,marker,medium,fine,09,3.537710428237915,4.8978962898254395,adaptive_settled_contact,0.8,0.0,0.0,3.0,7.0,3.0,ok,,auto_ok
episode_20260722T023219_143664Z_000001,/home/ktakahashi/UMI-gripper-yue/UMI_ws/data_yue/train/marker/medium/10/episodes/episode_20260722T023219_143664Z_000001,/home/ktakahashi/UMI-gripper-yue/UMI_ws/data_yue/train/marker/medium/10/episodes/episode_20260722T023219_143664Z_000001/synced_data.jsonl,marker,medium,fine,10,3.4232866764068604,4.223532199859619,adaptive_settled_contact,0.8,0.0,0.0,3.0,7.0,3.0,ok,,auto_ok
episode_20260722T023241_406868Z_000001,/home/ktakahashi/UMI-gripper-yue/UMI_ws/data_yue/train/marker/medium/11/episodes/episode_20260722T023241_406868Z_000001,/home/ktakahashi/UMI-gripper-yue/UMI_ws/data_yue/train/marker/medium/11/episodes/episode_20260722T023241_406868Z_000001/synced_data.jsonl,marker,medium,fine,11,3.711766242980957,5.074036598205566,adaptive_settled_contact,0.8,0.0,0.0,3.0,7.0,3.0,ok,,auto_ok
episode_20260722T023403_610441Z_000001,/home/ktakahashi/UMI-gripper-yue/UMI_ws/data_yue/train/marker/medium/12/episodes/episode_20260722T023403_610441Z_000001,/home/ktakahashi/UMI-gripper-yue/UMI_ws/data_yue/train/marker/medium/12/episodes/episode_20260722T023403_610441Z_000001/synced_data.jsonl,marker,medium,fine,12,3.6160173416137695,6.595187664031982,adaptive_settled_contact,0.8,0.0,0.0,3.0,7.0,3.0,ok,,auto_ok
episode_20260722T023428_040178Z_000001,/home/ktakahashi/UMI-gripper-yue/UMI_ws/data_yue/train/marker/medium/13/episodes/episode_20260722T023428_040178Z_000001,/home/ktakahashi/UMI-gripper-yue/UMI_ws/data_yue/train/marker/medium/13/episodes/episode_20260722T023428_040178Z_000001/synced_data.jsonl,marker,medium,fine,13,3.5844600200653076,4.384460020065307,contact_unsettled_fallback,0.5,0.0,0.0,3.0,7.0,3.0,ok,,auto_ok
episode_20260722T023449_607520Z_000001,/home/ktakahashi/UMI-gripper-yue/UMI_ws/data_yue/train/marker/medium/14/episodes/episode_20260722T023449_607520Z_000001,/home/ktakahashi/UMI-gripper-yue/UMI_ws/data_yue/train/marker/medium/14/episodes/episode_20260722T023449_607520Z_000001/synced_data.jsonl,marker,medium,fine,14,3.5552566051483154,4.482292890548706,adaptive_settled_contact,0.8,0.0,0.0,3.0,7.0,3.0,ok,,auto_ok
episode_20260722T023730_087104Z_000001,/home/ktakahashi/UMI-gripper-yue/UMI_ws/data_yue/train/marker/medium/15/episodes/episode_20260722T023730_087104Z_000001,/home/ktakahashi/UMI-gripper-yue/UMI_ws/data_yue/train/marker/medium/15/episodes/episode_20260722T023730_087104Z_000001/synced_data.jsonl,marker,medium,fine,15,3.5526647567749023,5.153092861175537,adaptive_settled_contact,0.8,0.0,0.0,3.0,7.0,3.0,ok,,auto_ok
episode_20260722T023755_052190Z_000001,/home/ktakahashi/UMI-gripper-yue/UMI_ws/data_yue/train/marker/medium/16/episodes/episode_20260722T023755_052190Z_000001,/home/ktakahashi/UMI-gripper-yue/UMI_ws/data_yue/train/marker/medium/16/episodes/episode_20260722T023755_052190Z_000001/synced_data.jsonl,marker,medium,fine,16,3.5194664001464844,5.393420457839966,adaptive_settled_contact,0.8,0.0,0.0,3.0,7.0,3.0,ok,,auto_ok
episode_20260722T023826_473639Z_000001,/home/ktakahashi/UMI-gripper-yue/UMI_ws/data_yue/train/marker/medium/17/episodes/episode_20260722T023826_473639Z_000001,/home/ktakahashi/UMI-gripper-yue/UMI_ws/data_yue/train/marker/medium/17/episodes/episode_20260722T023826_473639Z_000001/synced_data.jsonl,marker,medium,fine,17,3.5851285457611084,4.386769771575928,adaptive_settled_contact,0.8,0.0,0.0,3.0,7.0,3.0,ok,,auto_ok
episode_20260722T023850_820045Z_000001,/home/ktakahashi/UMI-gripper-yue/UMI_ws/data_yue/train/marker/medium/18/episodes/episode_20260722T023850_820045Z_000001,/home/ktakahashi/UMI-gripper-yue/UMI_ws/data_yue/train/marker/medium/18/episodes/episode_20260722T023850_820045Z_000001/synced_data.jsonl,marker,medium,fine,18,3.0084288120269775,3.8104898929595947,adaptive_settled_contact,0.8,0.0,0.0,3.0,7.0,3.0,ok,,auto_ok
episode_20260722T023912_790087Z_000001,/home/ktakahashi/UMI-gripper-yue/UMI_ws/data_yue/train/marker/medium/19/episodes/episode_20260722T023912_790087Z_000001,/home/ktakahashi/UMI-gripper-yue/UMI_ws/data_yue/train/marker/medium/19/episodes/episode_20260722T023912_790087Z_000001/synced_data.jsonl,marker,medium,fine,19,3.297966480255127,4.0989532470703125,adaptive_settled_contact,0.8,0.0,0.0,3.0,7.0,3.0,ok,,auto_ok
episode_20260722T023942_683393Z_000001,/home/ktakahashi/UMI-gripper-yue/UMI_ws/data_yue/train/marker/medium/20/episodes/episode_20260722T023942_683393Z_000001,/home/ktakahashi/UMI-gripper-yue/UMI_ws/data_yue/train/marker/medium/20/episodes/episode_20260722T023942_683393Z_000001/synced_data.jsonl,marker,medium,fine,20,4.865998983383179,5.6659989833831785,contact_unsettled_fallback,0.5,0.0,0.0,3.0,7.0,3.0,ok,,auto_ok
episode_20260723T022853_685678Z_000001,/home/ktakahashi/UMI-gripper-yue/UMI_ws/data_yue/train/orange/high/01/episodes/episode_20260723T022853_685678Z_000001,/home/ktakahashi/UMI-gripper-yue/UMI_ws/data_yue/train/orange/high/01/episodes/episode_20260723T022853_685678Z_000001/synced_data.jsonl,orange,high,too_high,01,3.1052684783935547,4.06720232963562,adaptive_settled_contact,0.8,0.0,0.0,3.0,7.0,3.0,ok,,auto_ok
episode_20260723T022941_723688Z_000001,/home/ktakahashi/UMI-gripper-yue/UMI_ws/data_yue/train/orange/high/02/episodes/episode_20260723T022941_723688Z_000001,/home/ktakahashi/UMI-gripper-yue/UMI_ws/data_yue/train/orange/high/02/episodes/episode_20260723T022941_723688Z_000001/synced_data.jsonl,orange,high,too_high,02,3.3310904502868652,5.8913633823394775,adaptive_settled_contact,0.8,0.0,0.0,3.0,7.0,3.0,ok,,auto_ok
episode_20260723T023034_611763Z_000001,/home/ktakahashi/UMI-gripper-yue/UMI_ws/data_yue/train/orange/high/03/episodes/episode_20260723T023034_611763Z_000001,/home/ktakahashi/UMI-gripper-yue/UMI_ws/data_yue/train/orange/high/03/episodes/episode_20260723T023034_611763Z_000001/synced_data.jsonl,orange,high,too_high,03,3.633761167526245,5.170051336288452,adaptive_settled_contact,0.8,0.0,0.0,3.0,7.0,3.0,ok,,auto_ok
episode_20260723T023056_842038Z_000001,/home/ktakahashi/UMI-gripper-yue/UMI_ws/data_yue/train/orange/high/04/episodes/episode_20260723T023056_842038Z_000001,/home/ktakahashi/UMI-gripper-yue/UMI_ws/data_yue/train/orange/high/04/episodes/episode_20260723T023056_842038Z_000001/synced_data.jsonl,orange,high,too_high,04,3.6489007472991943,4.464644193649292,adaptive_settled_contact,0.8,0.0,0.0,3.0,7.0,3.0,ok,,auto_ok
episode_20260723T023119_973154Z_000001,/home/ktakahashi/UMI-gripper-yue/UMI_ws/data_yue/train/orange/high/05/episodes/episode_20260723T023119_973154Z_000001,/home/ktakahashi/UMI-gripper-yue/UMI_ws/data_yue/train/orange/high/05/episodes/episode_20260723T023119_973154Z_000001/synced_data.jsonl,orange,high,too_high,05,3.6327383518218994,5.856191635131836,adaptive_settled_contact,0.8,0.0,0.0,3.0,7.0,3.0,ok,,auto_ok
episode_20260723T023141_776173Z_000001,/home/ktakahashi/UMI-gripper-yue/UMI_ws/data_yue/train/orange/high/06/episodes/episode_20260723T023141_776173Z_000001,/home/ktakahashi/UMI-gripper-yue/UMI_ws/data_yue/train/orange/high/06/episodes/episode_20260723T023141_776173Z_000001/synced_data.jsonl,orange,high,too_high,06,3.7129881381988525,6.2902514934539795,adaptive_settled_contact,0.8,0.0,0.0,3.0,7.0,3.0,ok,,auto_ok
episode_20260723T023204_072803Z_000001,/home/ktakahashi/UMI-gripper-yue/UMI_ws/data_yue/train/orange/high/07/episodes/episode_20260723T023204_072803Z_000001,/home/ktakahashi/UMI-gripper-yue/UMI_ws/data_yue/train/orange/high/07/episodes/episode_20260723T023204_072803Z_000001/synced_data.jsonl,orange,high,too_high,07,4.930678844451904,5.730785369873047,adaptive_settled_contact,0.8,0.0,0.0,3.0,7.0,3.0,ok,,auto_ok
episode_20260723T023444_076165Z_000001,/home/ktakahashi/UMI-gripper-yue/UMI_ws/data_yue/train/orange/high/08/episodes/episode_20260723T023444_076165Z_000001,/home/ktakahashi/UMI-gripper-yue/UMI_ws/data_yue/train/orange/high/08/episodes/episode_20260723T023444_076165Z_000001/synced_data.jsonl,orange,high,too_high,08,5.041623830795288,5.841623830795288,contact_unsettled_fallback,0.5,0.0,0.0,3.0,7.0,3.0,ok,,auto_ok
episode_20260723T024110_856100Z_000001,/home/ktakahashi/UMI-gripper-yue/UMI_ws/data_yue/train/orange/high/09/episodes/episode_20260723T024110_856100Z_000001,/home/ktakahashi/UMI-gripper-yue/UMI_ws/data_yue/train/orange/high/09/episodes/episode_20260723T024110_856100Z_000001/synced_data.jsonl,orange,high,too_high,09,3.1831185817718506,3.984482765197754,adaptive_settled_contact,0.8,0.0,0.0,3.0,7.0,3.0,ok,,auto_ok
episode_20260723T024308_741252Z_000001,/home/ktakahashi/UMI-gripper-yue/UMI_ws/data_yue/train/orange/high/10/episodes/episode_20260723T024308_741252Z_000001,/home/ktakahashi/UMI-gripper-yue/UMI_ws/data_yue/train/orange/high/10/episodes/episode_20260723T024308_741252Z_000001/synced_data.jsonl,orange,high,too_high,10,3.4556884765625,4.25595760345459,adaptive_settled_contact,0.8,0.0,0.0,3.0,7.0,3.0,ok,,auto_ok
episode_20260723T024432_078273Z_000001,/home/ktakahashi/UMI-gripper-yue/UMI_ws/data_yue/train/orange/high/11/episodes/episode_20260723T024432_078273Z_000001,/home/ktakahashi/UMI-gripper-yue/UMI_ws/data_yue/train/orange/high/11/episodes/episode_20260723T024432_078273Z_000001/synced_data.jsonl,orange,high,too_high,11,3.6981565952301025,5.265337944030762,adaptive_settled_contact,0.8,0.0,0.0,3.0,7.0,3.0,ok,,auto_ok
episode_20260723T024514_969611Z_000001,/home/ktakahashi/UMI-gripper-yue/UMI_ws/data_yue/train/orange/high/12/episodes/episode_20260723T024514_969611Z_000001,/home/ktakahashi/UMI-gripper-yue/UMI_ws/data_yue/train/orange/high/12/episodes/episode_20260723T024514_969611Z_000001/synced_data.jsonl,orange,high,too_high,12,3.5836658477783203,4.384493112564087,adaptive_settled_contact,0.8,0.0,0.0,3.0,7.0,3.0,ok,,auto_ok
episode_20260723T024536_265743Z_000001,/home/ktakahashi/UMI-gripper-yue/UMI_ws/data_yue/train/orange/high/13/episodes/episode_20260723T024536_265743Z_000001,/home/ktakahashi/UMI-gripper-yue/UMI_ws/data_yue/train/orange/high/13/episodes/episode_20260723T024536_265743Z_000001/synced_data.jsonl,orange,high,too_high,13,3.4560887813568115,4.385784864425659,adaptive_settled_contact,0.8,0.0,0.0,3.0,7.0,3.0,ok,,auto_ok
episode_20260723T024558_462611Z_000001,/home/ktakahashi/UMI-gripper-yue/UMI_ws/data_yue/train/orange/high/14/episodes/episode_20260723T024558_462611Z_000001,/home/ktakahashi/UMI-gripper-yue/UMI_ws/data_yue/train/orange/high/14/episodes/episode_20260723T024558_462611Z_000001/synced_data.jsonl,orange,high,too_high,14,3.745708465576172,5.074413776397705,adaptive_settled_contact,0.8,0.0,0.0,3.0,7.0,3.0,ok,,auto_ok
episode_20260723T024738_047068Z_000001,/home/ktakahashi/UMI-gripper-yue/UMI_ws/data_yue/train/orange/high/15/episodes/episode_20260723T024738_047068Z_000001,/home/ktakahashi/UMI-gripper-yue/UMI_ws/data_yue/train/orange/high/15/episodes/episode_20260723T024738_047068Z_000001/synced_data.jsonl,orange,high,too_high,15,3.4902572631835938,4.305697917938232,adaptive_settled_contact,0.8,0.0,0.0,3.0,7.0,3.0,ok,,auto_ok
episode_20260723T024838_789954Z_000001,/home/ktakahashi/UMI-gripper-yue/UMI_ws/data_yue/train/orange/high/16/episodes/episode_20260723T024838_789954Z_000001,/home/ktakahashi/UMI-gripper-yue/UMI_ws/data_yue/train/orange/high/16/episodes/episode_20260723T024838_789954Z_000001/synced_data.jsonl,orange,high,too_high,16,3.617126226425171,4.945567846298218,adaptive_settled_contact,0.8,0.0,0.0,3.0,7.0,3.0,ok,,auto_ok
episode_20260723T024908_942966Z_000001,/home/ktakahashi/UMI-gripper-yue/UMI_ws/data_yue/train/orange/high/17/episodes/episode_20260723T024908_942966Z_000001,/home/ktakahashi/UMI-gripper-yue/UMI_ws/data_yue/train/orange/high/17/episodes/episode_20260723T024908_942966Z_000001/synced_data.jsonl,orange,high,too_high,17,3.3449161052703857,4.145828485488892,adaptive_settled_contact,0.8,0.0,0.0,3.0,7.0,3.0,ok,,auto_ok
episode_20260723T024930_667057Z_000001,/home/ktakahashi/UMI-gripper-yue/UMI_ws/data_yue/train/orange/high/18/episodes/episode_20260723T024930_667057Z_000001,/home/ktakahashi/UMI-gripper-yue/UMI_ws/data_yue/train/orange/high/18/episodes/episode_20260723T024930_667057Z_000001/synced_data.jsonl,orange,high,too_high,18,3.170584201812744,4.17850136756897,adaptive_settled_contact,0.8,0.0,0.0,3.0,7.0,3.0,ok,,auto_ok
episode_20260723T025102_693358Z_000001,/home/ktakahashi/UMI-gripper-yue/UMI_ws/data_yue/train/orange/high/19/episodes/episode_20260723T025102_693358Z_000001,/home/ktakahashi/UMI-gripper-yue/UMI_ws/data_yue/train/orange/high/19/episodes/episode_20260723T025102_693358Z_000001/synced_data.jsonl,orange,high,too_high,19,4.258373260498047,5.058373260498047,contact_unsettled_fallback,0.5,0.0,0.0,3.0,7.0,3.0,ok,,auto_ok
episode_20260723T025124_797711Z_000001,/home/ktakahashi/UMI-gripper-yue/UMI_ws/data_yue/train/orange/high/20/episodes/episode_20260723T025124_797711Z_000001,/home/ktakahashi/UMI-gripper-yue/UMI_ws/data_yue/train/orange/high/20/episodes/episode_20260723T025124_797711Z_000001/synced_data.jsonl,orange,high,too_high,20,3.8713862895965576,5.042546033859253,adaptive_settled_contact,0.8,0.0,0.0,3.0,7.0,3.0,ok,,auto_ok
episode_20260723T021251_867037Z_000001,/home/ktakahashi/UMI-gripper-yue/UMI_ws/data_yue/train/orange/low/01/episodes/episode_20260723T021251_867037Z_000001,/home/ktakahashi/UMI-gripper-yue/UMI_ws/data_yue/train/orange/low/01/episodes/episode_20260723T021251_867037Z_000001/synced_data.jsonl,orange,low,too_low,01,5.137953996658325,5.93828010559082,adaptive_settled_contact,0.8,0.0,0.0,3.0,7.0,3.0,ok,,auto_ok
episode_20260723T021318_442210Z_000001,/home/ktakahashi/UMI-gripper-yue/UMI_ws/data_yue/train/orange/low/02/episodes/episode_20260723T021318_442210Z_000001,/home/ktakahashi/UMI-gripper-yue/UMI_ws/data_yue/train/orange/low/02/episodes/episode_20260723T021318_442210Z_000001/synced_data.jsonl,orange,low,too_low,02,3.7458934783935547,5.248950242996216,adaptive_settled_contact,0.8,0.0,0.0,3.0,7.0,3.0,ok,,auto_ok
episode_20260723T021339_988873Z_000001,/home/ktakahashi/UMI-gripper-yue/UMI_ws/data_yue/train/orange/low/03/episodes/episode_20260723T021339_988873Z_000001,/home/ktakahashi/UMI-gripper-yue/UMI_ws/data_yue/train/orange/low/03/episodes/episode_20260723T021339_988873Z_000001/synced_data.jsonl,orange,low,too_low,03,3.0092709064483643,4.257801294326782,adaptive_settled_contact,0.8,0.0,0.0,3.0,7.0,3.0,ok,,auto_ok
episode_20260723T021402_300761Z_000001,/home/ktakahashi/UMI-gripper-yue/UMI_ws/data_yue/train/orange/low/04/episodes/episode_20260723T021402_300761Z_000001,/home/ktakahashi/UMI-gripper-yue/UMI_ws/data_yue/train/orange/low/04/episodes/episode_20260723T021402_300761Z_000001/synced_data.jsonl,orange,low,too_low,04,3.008863687515259,3.9856224060058594,adaptive_settled_contact,0.8,0.0,0.0,3.0,7.0,3.0,ok,,auto_ok
episode_20260723T021423_605868Z_000001,/home/ktakahashi/UMI-gripper-yue/UMI_ws/data_yue/train/orange/low/05/episodes/episode_20260723T021423_605868Z_000001,/home/ktakahashi/UMI-gripper-yue/UMI_ws/data_yue/train/orange/low/05/episodes/episode_20260723T021423_605868Z_000001/synced_data.jsonl,orange,low,too_low,05,3.456129550933838,4.274261951446533,adaptive_settled_contact,0.8,0.0,0.0,3.0,7.0,3.0,ok,,auto_ok
episode_20260723T021447_997630Z_000001,/home/ktakahashi/UMI-gripper-yue/UMI_ws/data_yue/train/orange/low/06/episodes/episode_20260723T021447_997630Z_000001,/home/ktakahashi/UMI-gripper-yue/UMI_ws/data_yue/train/orange/low/06/episodes/episode_20260723T021447_997630Z_000001/synced_data.jsonl,orange,low,too_low,06,3.5355350971221924,4.337989091873169,adaptive_settled_contact,0.8,0.0,0.0,3.0,7.0,3.0,ok,,auto_ok
episode_20260723T021547_370767Z_000001,/home/ktakahashi/UMI-gripper-yue/UMI_ws/data_yue/train/orange/low/07/episodes/episode_20260723T021547_370767Z_000001,/home/ktakahashi/UMI-gripper-yue/UMI_ws/data_yue/train/orange/low/07/episodes/episode_20260723T021547_370767Z_000001/synced_data.jsonl,orange,low,too_low,07,3.395085096359253,5.0269176959991455,adaptive_settled_contact,0.8,0.0,0.0,3.0,7.0,3.0,ok,,auto_ok
episode_20260723T021607_137371Z_000001,/home/ktakahashi/UMI-gripper-yue/UMI_ws/data_yue/train/orange/low/08/episodes/episode_20260723T021607_137371Z_000001,/home/ktakahashi/UMI-gripper-yue/UMI_ws/data_yue/train/orange/low/08/episodes/episode_20260723T021607_137371Z_000001/synced_data.jsonl,orange,low,too_low,08,3.8896539211273193,4.930840492248535,adaptive_settled_contact,0.8,0.0,0.0,3.0,7.0,3.0,ok,,auto_ok
episode_20260723T021627_265166Z_000001,/home/ktakahashi/UMI-gripper-yue/UMI_ws/data_yue/train/orange/low/09/episodes/episode_20260723T021627_265166Z_000001,/home/ktakahashi/UMI-gripper-yue/UMI_ws/data_yue/train/orange/low/09/episodes/episode_20260723T021627_265166Z_000001/synced_data.jsonl,orange,low,too_low,09,3.5062613487243652,4.306866645812988,adaptive_settled_contact,0.8,0.0,0.0,3.0,7.0,3.0,ok,,auto_ok
episode_20260723T021649_673575Z_000001,/home/ktakahashi/UMI-gripper-yue/UMI_ws/data_yue/train/orange/low/10/episodes/episode_20260723T021649_673575Z_000001,/home/ktakahashi/UMI-gripper-yue/UMI_ws/data_yue/train/orange/low/10/episodes/episode_20260723T021649_673575Z_000001/synced_data.jsonl,orange,low,too_low,10,3.1529695987701416,3.9533069133758545,adaptive_settled_contact,0.8,0.0,0.0,3.0,7.0,3.0,ok,,auto_ok
episode_20260723T021758_616414Z_000001,/home/ktakahashi/UMI-gripper-yue/UMI_ws/data_yue/train/orange/low/11/episodes/episode_20260723T021758_616414Z_000001,/home/ktakahashi/UMI-gripper-yue/UMI_ws/data_yue/train/orange/low/11/episodes/episode_20260723T021758_616414Z_000001/synced_data.jsonl,orange,low,too_low,11,3.106313943862915,3.906672716140747,adaptive_settled_contact,0.8,0.0,0.0,3.0,7.0,3.0,ok,,auto_ok
episode_20260723T021821_577867Z_000001,/home/ktakahashi/UMI-gripper-yue/UMI_ws/data_yue/train/orange/low/12/episodes/episode_20260723T021821_577867Z_000001,/home/ktakahashi/UMI-gripper-yue/UMI_ws/data_yue/train/orange/low/12/episodes/episode_20260723T021821_577867Z_000001/synced_data.jsonl,orange,low,too_low,12,3.6162118911743164,4.416496992111206,adaptive_settled_contact,0.8,0.0,0.0,3.0,7.0,3.0,ok,,auto_ok
episode_20260723T021910_013928Z_000001,/home/ktakahashi/UMI-gripper-yue/UMI_ws/data_yue/train/orange/low/13/episodes/episode_20260723T021910_013928Z_000001,/home/ktakahashi/UMI-gripper-yue/UMI_ws/data_yue/train/orange/low/13/episodes/episode_20260723T021910_013928Z_000001/synced_data.jsonl,orange,low,too_low,13,3.4881515502929688,4.401472806930542,adaptive_settled_contact,0.8,0.0,0.0,3.0,7.0,3.0,ok,,auto_ok
episode_20260723T021930_901404Z_000001,/home/ktakahashi/UMI-gripper-yue/UMI_ws/data_yue/train/orange/low/14/episodes/episode_20260723T021930_901404Z_000001,/home/ktakahashi/UMI-gripper-yue/UMI_ws/data_yue/train/orange/low/14/episodes/episode_20260723T021930_901404Z_000001/synced_data.jsonl,orange,low,too_low,14,3.2478256225585938,4.048130989074707,adaptive_settled_contact,0.8,0.0,0.0,3.0,7.0,3.0,ok,,auto_ok
episode_20260723T022013_744244Z_000001,/home/ktakahashi/UMI-gripper-yue/UMI_ws/data_yue/train/orange/low/15/episodes/episode_20260723T022013_744244Z_000001,/home/ktakahashi/UMI-gripper-yue/UMI_ws/data_yue/train/orange/low/15/episodes/episode_20260723T022013_744244Z_000001/synced_data.jsonl,orange,low,too_low,15,3.1841862201690674,3.9863646030426025,adaptive_settled_contact,0.8,0.0,0.0,3.0,7.0,3.0,ok,,auto_ok
episode_20260723T022037_955414Z_000001,/home/ktakahashi/UMI-gripper-yue/UMI_ws/data_yue/train/orange/low/16/episodes/episode_20260723T022037_955414Z_000001,/home/ktakahashi/UMI-gripper-yue/UMI_ws/data_yue/train/orange/low/16/episodes/episode_20260723T022037_955414Z_000001/synced_data.jsonl,orange,low,too_low,16,3.5061426162719727,4.307019233703613,adaptive_settled_contact,0.8,0.0,0.0,3.0,7.0,3.0,ok,,auto_ok
episode_20260723T022146_821313Z_000001,/home/ktakahashi/UMI-gripper-yue/UMI_ws/data_yue/train/orange/low/17/episodes/episode_20260723T022146_821313Z_000001,/home/ktakahashi/UMI-gripper-yue/UMI_ws/data_yue/train/orange/low/17/episodes/episode_20260723T022146_821313Z_000001/synced_data.jsonl,orange,low,too_low,17,3.182852029800415,6.113980531692505,adaptive_settled_contact,0.8,0.0,0.0,3.0,7.0,3.0,ok,,auto_ok
episode_20260723T022209_514048Z_000001,/home/ktakahashi/UMI-gripper-yue/UMI_ws/data_yue/train/orange/low/18/episodes/episode_20260723T022209_514048Z_000001,/home/ktakahashi/UMI-gripper-yue/UMI_ws/data_yue/train/orange/low/18/episodes/episode_20260723T022209_514048Z_000001/synced_data.jsonl,orange,low,too_low,18,3.0089807510375977,3.8091139793395996,adaptive_settled_contact,0.8,0.0,0.0,3.0,7.0,3.0,ok,,auto_ok
episode_20260723T022303_439662Z_000001,/home/ktakahashi/UMI-gripper-yue/UMI_ws/data_yue/train/orange/low/19/episodes/episode_20260723T022303_439662Z_000001,/home/ktakahashi/UMI-gripper-yue/UMI_ws/data_yue/train/orange/low/19/episodes/episode_20260723T022303_439662Z_000001/synced_data.jsonl,orange,low,too_low,19,3.3759682178497314,4.177393436431885,adaptive_settled_contact,0.8,0.0,0.0,3.0,7.0,3.0,ok,,auto_ok
episode_20260723T022348_463714Z_000001,/home/ktakahashi/UMI-gripper-yue/UMI_ws/data_yue/train/orange/low/20/episodes/episode_20260723T022348_463714Z_000001,/home/ktakahashi/UMI-gripper-yue/UMI_ws/data_yue/train/orange/low/20/episodes/episode_20260723T022348_463714Z_000001/synced_data.jsonl,orange,low,too_low,20,3.4592063426971436,4.260144948959351,adaptive_settled_contact,0.8,0.0,0.0,3.0,7.0,3.0,ok,,auto_ok
episode_20260723T015838_033248Z_000001,/home/ktakahashi/UMI-gripper-yue/UMI_ws/data_yue/train/orange/medium/01/episodes/episode_20260723T015838_033248Z_000001,/home/ktakahashi/UMI-gripper-yue/UMI_ws/data_yue/train/orange/medium/01/episodes/episode_20260723T015838_033248Z_000001/synced_data.jsonl,orange,medium,fine,01,3.71354341506958,5.329988479614258,adaptive_settled_contact,0.8,0.0,0.0,3.0,7.0,3.0,ok,,auto_ok
episode_20260723T015901_101279Z_000001,/home/ktakahashi/UMI-gripper-yue/UMI_ws/data_yue/train/orange/medium/02/episodes/episode_20260723T015901_101279Z_000001,/home/ktakahashi/UMI-gripper-yue/UMI_ws/data_yue/train/orange/medium/02/episodes/episode_20260723T015901_101279Z_000001/synced_data.jsonl,orange,medium,fine,02,4.001478910446167,6.7545166015625,adaptive_settled_contact,0.8,0.0,0.0,3.0,7.0,3.0,ok,,auto_ok
episode_20260723T015922_999632Z_000001,/home/ktakahashi/UMI-gripper-yue/UMI_ws/data_yue/train/orange/medium/03/episodes/episode_20260723T015922_999632Z_000001,/home/ktakahashi/UMI-gripper-yue/UMI_ws/data_yue/train/orange/medium/03/episodes/episode_20260723T015922_999632Z_000001/synced_data.jsonl,orange,medium,fine,03,3.7613391876220703,5.3298726081848145,adaptive_settled_contact,0.8,0.0,0.0,3.0,7.0,3.0,ok,,auto_ok
episode_20260723T015944_138221Z_000001,/home/ktakahashi/UMI-gripper-yue/UMI_ws/data_yue/train/orange/medium/04/episodes/episode_20260723T015944_138221Z_000001,/home/ktakahashi/UMI-gripper-yue/UMI_ws/data_yue/train/orange/medium/04/episodes/episode_20260723T015944_138221Z_000001/synced_data.jsonl,orange,medium,fine,04,3.873476505279541,6.754779815673828,adaptive_settled_contact,0.8,0.0,0.0,3.0,7.0,3.0,ok,,auto_ok
episode_20260723T020211_557480Z_000001,/home/ktakahashi/UMI-gripper-yue/UMI_ws/data_yue/train/orange/medium/05/episodes/episode_20260723T020211_557480Z_000001,/home/ktakahashi/UMI-gripper-yue/UMI_ws/data_yue/train/orange/medium/05/episodes/episode_20260723T020211_557480Z_000001/synced_data.jsonl,orange,medium,fine,05,3.024912118911743,4.161381006240845,adaptive_settled_contact,0.8,0.0,0.0,3.0,7.0,3.0,ok,,auto_ok
episode_20260723T020231_501803Z_000001,/home/ktakahashi/UMI-gripper-yue/UMI_ws/data_yue/train/orange/medium/06/episodes/episode_20260723T020231_501803Z_000001,/home/ktakahashi/UMI-gripper-yue/UMI_ws/data_yue/train/orange/medium/06/episodes/episode_20260723T020231_501803Z_000001/synced_data.jsonl,orange,medium,fine,06,3.697343349456787,6.5784525871276855,adaptive_settled_contact,0.8,0.0,0.0,3.0,7.0,3.0,ok,,auto_ok
episode_20260723T020251_946492Z_000001,/home/ktakahashi/UMI-gripper-yue/UMI_ws/data_yue/train/orange/medium/07/episodes/episode_20260723T020251_946492Z_000001,/home/ktakahashi/UMI-gripper-yue/UMI_ws/data_yue/train/orange/medium/07/episodes/episode_20260723T020251_946492Z_000001/synced_data.jsonl,orange,medium,fine,07,3.729431390762329,5.217990398406982,adaptive_settled_contact,0.8,0.0,0.0,3.0,7.0,3.0,ok,,auto_ok
episode_20260723T020441_870798Z_000001,/home/ktakahashi/UMI-gripper-yue/UMI_ws/data_yue/train/orange/medium/08/episodes/episode_20260723T020441_870798Z_000001,/home/ktakahashi/UMI-gripper-yue/UMI_ws/data_yue/train/orange/medium/08/episodes/episode_20260723T020441_870798Z_000001/synced_data.jsonl,orange,medium,fine,08,3.7134034633636475,6.738675832748413,adaptive_settled_contact,0.8,0.0,0.0,3.0,7.0,3.0,ok,,auto_ok
episode_20260723T020504_494240Z_000001,/home/ktakahashi/UMI-gripper-yue/UMI_ws/data_yue/train/orange/medium/09/episodes/episode_20260723T020504_494240Z_000001,/home/ktakahashi/UMI-gripper-yue/UMI_ws/data_yue/train/orange/medium/09/episodes/episode_20260723T020504_494240Z_000001/synced_data.jsonl,orange,medium,fine,09,3.697430372238159,5.058075428009033,adaptive_settled_contact,0.8,0.0,0.0,3.0,7.0,3.0,ok,,auto_ok
episode_20260723T020538_351529Z_000001,/home/ktakahashi/UMI-gripper-yue/UMI_ws/data_yue/train/orange/medium/10/episodes/episode_20260723T020538_351529Z_000001,/home/ktakahashi/UMI-gripper-yue/UMI_ws/data_yue/train/orange/medium/10/episodes/episode_20260723T020538_351529Z_000001/synced_data.jsonl,orange,medium,fine,10,3.857356071472168,6.690422058105469,adaptive_settled_contact,0.8,0.0,0.0,3.0,7.0,3.0,ok,,auto_ok
episode_20260723T020629_435635Z_000001,/home/ktakahashi/UMI-gripper-yue/UMI_ws/data_yue/train/orange/medium/11/episodes/episode_20260723T020629_435635Z_000001,/home/ktakahashi/UMI-gripper-yue/UMI_ws/data_yue/train/orange/medium/11/episodes/episode_20260723T020629_435635Z_000001/synced_data.jsonl,orange,medium,fine,11,3.6974008083343506,5.666095733642578,adaptive_settled_contact,0.8,0.0,0.0,3.0,7.0,3.0,ok,,auto_ok
episode_20260723T020652_255965Z_000001,/home/ktakahashi/UMI-gripper-yue/UMI_ws/data_yue/train/orange/medium/12/episodes/episode_20260723T020652_255965Z_000001,/home/ktakahashi/UMI-gripper-yue/UMI_ws/data_yue/train/orange/medium/12/episodes/episode_20260723T020652_255965Z_000001/synced_data.jsonl,orange,medium,fine,12,3.697650671005249,5.282114267349243,adaptive_settled_contact,0.8,0.0,0.0,3.0,7.0,3.0,ok,,auto_ok
episode_20260723T020714_554695Z_000001,/home/ktakahashi/UMI-gripper-yue/UMI_ws/data_yue/train/orange/medium/13/episodes/episode_20260723T020714_554695Z_000001,/home/ktakahashi/UMI-gripper-yue/UMI_ws/data_yue/train/orange/medium/13/episodes/episode_20260723T020714_554695Z_000001/synced_data.jsonl,orange,medium,fine,13,3.3292973041534424,6.530184268951416,adaptive_settled_contact,0.8,0.0,0.0,3.0,7.0,3.0,ok,,auto_ok
episode_20260723T020738_835815Z_000001,/home/ktakahashi/UMI-gripper-yue/UMI_ws/data_yue/train/orange/medium/14/episodes/episode_20260723T020738_835815Z_000001,/home/ktakahashi/UMI-gripper-yue/UMI_ws/data_yue/train/orange/medium/14/episodes/episode_20260723T020738_835815Z_000001/synced_data.jsonl,orange,medium,fine,14,3.009194850921631,4.177578687667847,adaptive_settled_contact,0.8,0.0,0.0,3.0,7.0,3.0,ok,,auto_ok
episode_20260723T020759_730731Z_000001,/home/ktakahashi/UMI-gripper-yue/UMI_ws/data_yue/train/orange/medium/15/episodes/episode_20260723T020759_730731Z_000001,/home/ktakahashi/UMI-gripper-yue/UMI_ws/data_yue/train/orange/medium/15/episodes/episode_20260723T020759_730731Z_000001/synced_data.jsonl,orange,medium,fine,15,3.8897788524627686,4.833746433258057,adaptive_settled_contact,0.8,0.0,0.0,3.0,7.0,3.0,ok,,auto_ok
episode_20260723T020822_631692Z_000001,/home/ktakahashi/UMI-gripper-yue/UMI_ws/data_yue/train/orange/medium/16/episodes/episode_20260723T020822_631692Z_000001,/home/ktakahashi/UMI-gripper-yue/UMI_ws/data_yue/train/orange/medium/16/episodes/episode_20260723T020822_631692Z_000001/synced_data.jsonl,orange,medium,fine,16,3.4571495056152344,6.514237403869629,adaptive_settled_contact,0.8,0.0,0.0,3.0,7.0,3.0,ok,,auto_ok
episode_20260723T020843_999973Z_000001,/home/ktakahashi/UMI-gripper-yue/UMI_ws/data_yue/train/orange/medium/17/episodes/episode_20260723T020843_999973Z_000001,/home/ktakahashi/UMI-gripper-yue/UMI_ws/data_yue/train/orange/medium/17/episodes/episode_20260723T020843_999973Z_000001/synced_data.jsonl,orange,medium,fine,17,3.8414018154144287,5.105930805206299,adaptive_settled_contact,0.8,0.0,0.0,3.0,7.0,3.0,ok,,auto_ok
episode_20260723T020904_434770Z_000001,/home/ktakahashi/UMI-gripper-yue/UMI_ws/data_yue/train/orange/medium/18/episodes/episode_20260723T020904_434770Z_000001,/home/ktakahashi/UMI-gripper-yue/UMI_ws/data_yue/train/orange/medium/18/episodes/episode_20260723T020904_434770Z_000001/synced_data.jsonl,orange,medium,fine,18,3.00885009765625,4.417408227920532,adaptive_settled_contact,0.8,0.0,0.0,3.0,7.0,3.0,ok,,auto_ok
episode_20260723T020926_150707Z_000001,/home/ktakahashi/UMI-gripper-yue/UMI_ws/data_yue/train/orange/medium/19/episodes/episode_20260723T020926_150707Z_000001,/home/ktakahashi/UMI-gripper-yue/UMI_ws/data_yue/train/orange/medium/19/episodes/episode_20260723T020926_150707Z_000001/synced_data.jsonl,orange,medium,fine,19,3.6331191062927246,5.153737783432007,adaptive_settled_contact,0.8,0.0,0.0,3.0,7.0,3.0,ok,,auto_ok
episode_20260723T020949_252253Z_000001,/home/ktakahashi/UMI-gripper-yue/UMI_ws/data_yue/train/orange/medium/20/episodes/episode_20260723T020949_252253Z_000001,/home/ktakahashi/UMI-gripper-yue/UMI_ws/data_yue/train/orange/medium/20/episodes/episode_20260723T020949_252253Z_000001/synced_data.jsonl,orange,medium,fine,20,3.617497682571411,4.417687177658081,adaptive_settled_contact,0.8,0.0,0.0,3.0,7.0,3.0,ok,,auto_ok
episode_20260717T064313_454817Z_000001,/home/ktakahashi/UMI-gripper-yue/UMI_ws/data_yue/train/paper_cup/high/01/episodes/episode_20260717T064313_454817Z_000001,/home/ktakahashi/UMI-gripper-yue/UMI_ws/data_yue/train/paper_cup/high/01/episodes/episode_20260717T064313_454817Z_000001/synced_data.jsonl,paper_cup,high,too_high,01,3.1024367809295654,5.408723592758179,adaptive_settled_contact,0.8,0.0062266500622665,0.0012453300124533001,3.0,7.0,3.0,force_outlier_present,,pending
episode_20260717T064337_550753Z_000001,/home/ktakahashi/UMI-gripper-yue/UMI_ws/data_yue/train/paper_cup/high/02/episodes/episode_20260717T064337_550753Z_000001,/home/ktakahashi/UMI-gripper-yue/UMI_ws/data_yue/train/paper_cup/high/02/episodes/episode_20260717T064337_550753Z_000001/synced_data.jsonl,paper_cup,high,too_high,02,3.8089866638183594,5.1678361892700195,adaptive_settled_contact,0.8,0.20298879202988793,0.44333748443337484,3.0,7.0,3.0,force_outlier_present,,pending
episode_20260717T064408_618008Z_000001,/home/ktakahashi/UMI-gripper-yue/UMI_ws/data_yue/train/paper_cup/high/03/episodes/episode_20260717T064408_618008Z_000001,/home/ktakahashi/UMI-gripper-yue/UMI_ws/data_yue/train/paper_cup/high/03/episodes/episode_20260717T064408_618008Z_000001/synced_data.jsonl,paper_cup,high,too_high,03,3.538189172744751,5.059690952301025,adaptive_settled_contact,0.8,0.010430247718383311,0.03129074315514994,3.0,7.0,3.0,force_outlier_present,,pending
episode_20260717T064431_878323Z_000001,/home/ktakahashi/UMI-gripper-yue/UMI_ws/data_yue/train/paper_cup/high/04/episodes/episode_20260717T064431_878323Z_000001,/home/ktakahashi/UMI-gripper-yue/UMI_ws/data_yue/train/paper_cup/high/04/episodes/episode_20260717T064431_878323Z_000001/synced_data.jsonl,paper_cup,high,too_high,04,3.568535566329956,4.369325399398804,adaptive_settled_contact,0.8,0.0166270783847981,0.07482185273159145,3.0,7.0,3.0,force_outlier_present,,pending
episode_20260717T064502_430044Z_000001,/home/ktakahashi/UMI-gripper-yue/UMI_ws/data_yue/train/paper_cup/high/05/episodes/episode_20260717T064502_430044Z_000001,/home/ktakahashi/UMI-gripper-yue/UMI_ws/data_yue/train/paper_cup/high/05/episodes/episode_20260717T064502_430044Z_000001/synced_data.jsonl,paper_cup,high,too_high,05,3.457853317260742,4.258366346359253,adaptive_settled_contact,0.8,0.013871374527112233,0.05926860025220681,3.0,7.0,3.0,force_outlier_present,,pending
episode_20260717T064524_215312Z_000001,/home/ktakahashi/UMI-gripper-yue/UMI_ws/data_yue/train/paper_cup/high/06/episodes/episode_20260717T064524_215312Z_000001,/home/ktakahashi/UMI-gripper-yue/UMI_ws/data_yue/train/paper_cup/high/06/episodes/episode_20260717T064524_215312Z_000001/synced_data.jsonl,paper_cup,high,too_high,06,3.0098354816436768,6.898135423660278,adaptive_settled_contact,0.8,0.01761006289308176,0.4238993710691824,3.0,7.0,3.0,force_outlier_present,,pending
episode_20260717T064545_873077Z_000001,/home/ktakahashi/UMI-gripper-yue/UMI_ws/data_yue/train/paper_cup/high/07/episodes/episode_20260717T064545_873077Z_000001,/home/ktakahashi/UMI-gripper-yue/UMI_ws/data_yue/train/paper_cup/high/07/episodes/episode_20260717T064545_873077Z_000001/synced_data.jsonl,paper_cup,high,too_high,07,3.53747820854187,5.120358228683472,adaptive_settled_contact,0.8,0.3923444976076555,0.5322966507177034,3.0,7.0,3.0,force_outlier_present,,pending
episode_20260717T064610_256093Z_000001,/home/ktakahashi/UMI-gripper-yue/UMI_ws/data_yue/train/paper_cup/high/08/episodes/episode_20260717T064610_256093Z_000001,/home/ktakahashi/UMI-gripper-yue/UMI_ws/data_yue/train/paper_cup/high/08/episodes/episode_20260717T064610_256093Z_000001/synced_data.jsonl,paper_cup,high,too_high,08,3.7611494064331055,6.447218179702759,adaptive_settled_contact,0.8,0.009400705052878966,0.209165687426557,3.0,7.0,3.0,force_outlier_present,,pending
episode_20260717T064633_155968Z_000001,/home/ktakahashi/UMI-gripper-yue/UMI_ws/data_yue/train/paper_cup/high/09/episodes/episode_20260717T064633_155968Z_000001,/home/ktakahashi/UMI-gripper-yue/UMI_ws/data_yue/train/paper_cup/high/09/episodes/episode_20260717T064633_155968Z_000001/synced_data.jsonl,paper_cup,high,too_high,09,3.7116777896881104,6.625471353530884,adaptive_settled_contact,0.8,0.014925373134328358,0.0472636815920398,3.0,7.0,3.0,force_outlier_present,,pending
episode_20260717T064658_954989Z_000001,/home/ktakahashi/UMI-gripper-yue/UMI_ws/data_yue/train/paper_cup/high/10/episodes/episode_20260717T064658_954989Z_000001,/home/ktakahashi/UMI-gripper-yue/UMI_ws/data_yue/train/paper_cup/high/10/episodes/episode_20260717T064658_954989Z_000001/synced_data.jsonl,paper_cup,high,too_high,10,3.774930000305176,4.574930000305176,contact_unsettled_fallback,0.5,0.011587485515643106,0.009269988412514484,3.0,7.0,3.0,force_outlier_present,,pending
episode_20260717T064736_597619Z_000001,/home/ktakahashi/UMI-gripper-yue/UMI_ws/data_yue/train/paper_cup/high/11/episodes/episode_20260717T064736_597619Z_000001,/home/ktakahashi/UMI-gripper-yue/UMI_ws/data_yue/train/paper_cup/high/11/episodes/episode_20260717T064736_597619Z_000001/synced_data.jsonl,paper_cup,high,too_high,11,3.5227673053741455,6.707485675811768,adaptive_settled_contact,0.8,0.011890606420927468,0.0,3.0,7.0,3.0,force_outlier_present,,pending
episode_20260717T064800_669066Z_000001,/home/ktakahashi/UMI-gripper-yue/UMI_ws/data_yue/train/paper_cup/high/12/episodes/episode_20260717T064800_669066Z_000001,/home/ktakahashi/UMI-gripper-yue/UMI_ws/data_yue/train/paper_cup/high/12/episodes/episode_20260717T064800_669066Z_000001/synced_data.jsonl,paper_cup,high,too_high,12,3.5836217403411865,6.3852784633636475,adaptive_settled_contact,0.8,0.012318029115341545,0.010078387458006719,3.0,7.0,3.0,force_outlier_present,,pending
episode_20260717T064822_532098Z_000001,/home/ktakahashi/UMI-gripper-yue/UMI_ws/data_yue/train/paper_cup/high/13/episodes/episode_20260717T064822_532098Z_000001,/home/ktakahashi/UMI-gripper-yue/UMI_ws/data_yue/train/paper_cup/high/13/episodes/episode_20260717T064822_532098Z_000001/synced_data.jsonl,paper_cup,high,too_high,13,3.5352041721343994,6.673429727554321,adaptive_settled_contact,0.8,0.006674082313681869,0.03781979977753059,3.0,7.0,3.0,force_outlier_present,,pending
episode_20260717T064843_328829Z_000001,/home/ktakahashi/UMI-gripper-yue/UMI_ws/data_yue/train/paper_cup/high/14/episodes/episode_20260717T064843_328829Z_000001,/home/ktakahashi/UMI-gripper-yue/UMI_ws/data_yue/train/paper_cup/high/14/episodes/episode_20260717T064843_328829Z_000001/synced_data.jsonl,paper_cup,high,too_high,14,3.4584403038024902,4.258772373199463,adaptive_settled_contact,0.8,0.01738122827346466,0.35689455388180763,3.0,7.0,3.0,force_outlier_present,,pending
episode_20260717T064905_873049Z_000001,/home/ktakahashi/UMI-gripper-yue/UMI_ws/data_yue/train/paper_cup/high/15/episodes/episode_20260717T064905_873049Z_000001,/home/ktakahashi/UMI-gripper-yue/UMI_ws/data_yue/train/paper_cup/high/15/episodes/episode_20260717T064905_873049Z_000001/synced_data.jsonl,paper_cup,high,too_high,15,3.7437472343444824,6.530331373214722,adaptive_settled_contact,0.8,0.014457831325301205,0.09156626506024096,3.0,7.0,3.0,force_outlier_present,,pending
episode_20260717T064927_411901Z_000001,/home/ktakahashi/UMI-gripper-yue/UMI_ws/data_yue/train/paper_cup/high/16/episodes/episode_20260717T064927_411901Z_000001,/home/ktakahashi/UMI-gripper-yue/UMI_ws/data_yue/train/paper_cup/high/16/episodes/episode_20260717T064927_411901Z_000001/synced_data.jsonl,paper_cup,high,too_high,16,3.777578830718994,6.786545276641846,adaptive_settled_contact,0.8,0.014846235418875928,0.0,3.0,7.0,3.0,force_outlier_present,,pending
episode_20260717T064947_290647Z_000001,/home/ktakahashi/UMI-gripper-yue/UMI_ws/data_yue/train/paper_cup/high/17/episodes/episode_20260717T064947_290647Z_000001,/home/ktakahashi/UMI-gripper-yue/UMI_ws/data_yue/train/paper_cup/high/17/episodes/episode_20260717T064947_290647Z_000001/synced_data.jsonl,paper_cup,high,too_high,17,4.463482618331909,5.265097379684448,adaptive_settled_contact,0.8,0.011002444987775062,0.4572127139364303,3.0,7.0,3.0,force_outlier_present,,pending
episode_20260717T065021_315675Z_000001,/home/ktakahashi/UMI-gripper-yue/UMI_ws/data_yue/train/paper_cup/high/18/episodes/episode_20260717T065021_315675Z_000001,/home/ktakahashi/UMI-gripper-yue/UMI_ws/data_yue/train/paper_cup/high/18/episodes/episode_20260717T065021_315675Z_000001/synced_data.jsonl,paper_cup,high,too_high,18,3.455014705657959,4.270998954772949,adaptive_settled_contact,0.8,0.012364760432766615,0.010819165378670788,3.0,7.0,3.0,force_outlier_present,,pending
episode_20260717T065042_846281Z_000001,/home/ktakahashi/UMI-gripper-yue/UMI_ws/data_yue/train/paper_cup/high/19/episodes/episode_20260717T065042_846281Z_000001,/home/ktakahashi/UMI-gripper-yue/UMI_ws/data_yue/train/paper_cup/high/19/episodes/episode_20260717T065042_846281Z_000001/synced_data.jsonl,paper_cup,high,too_high,19,3.5349576473236084,4.335918188095093,adaptive_settled_contact,0.8,0.008116883116883116,0.024350649350649352,3.0,7.0,3.0,force_outlier_present,,pending
episode_20260717T065108_211773Z_000001,/home/ktakahashi/UMI-gripper-yue/UMI_ws/data_yue/train/paper_cup/high/20/episodes/episode_20260717T065108_211773Z_000001,/home/ktakahashi/UMI-gripper-yue/UMI_ws/data_yue/train/paper_cup/high/20/episodes/episode_20260717T065108_211773Z_000001/synced_data.jsonl,paper_cup,high,too_high,20,3.5354011058807373,6.575981616973877,adaptive_settled_contact,0.8,0.006936416184971098,0.0011560693641618498,3.0,7.0,3.0,force_outlier_present,,pending
episode_20260717T063242_221213Z_000001,/home/ktakahashi/UMI-gripper-yue/UMI_ws/data_yue/train/paper_cup/low/01/episodes/episode_20260717T063242_221213Z_000001,/home/ktakahashi/UMI-gripper-yue/UMI_ws/data_yue/train/paper_cup/low/01/episodes/episode_20260717T063242_221213Z_000001/synced_data.jsonl,paper_cup,low,too_low,01,3.9538450241088867,5.169436454772949,adaptive_settled_contact,0.8,0.007263922518159807,0.0,3.0,7.0,3.0,force_outlier_present,,pending
episode_20260717T063401_015665Z_000001,/home/ktakahashi/UMI-gripper-yue/UMI_ws/data_yue/train/paper_cup/low/02/episodes/episode_20260717T063401_015665Z_000001,/home/ktakahashi/UMI-gripper-yue/UMI_ws/data_yue/train/paper_cup/low/02/episodes/episode_20260717T063401_015665Z_000001/synced_data.jsonl,paper_cup,low,too_low,02,3.616436243057251,4.4170026779174805,adaptive_settled_contact,0.8,0.008130081300813009,0.032520325203252036,3.0,7.0,3.0,force_outlier_present,,pending
episode_20260717T063426_584635Z_000001,/home/ktakahashi/UMI-gripper-yue/UMI_ws/data_yue/train/paper_cup/low/03/episodes/episode_20260717T063426_584635Z_000001,/home/ktakahashi/UMI-gripper-yue/UMI_ws/data_yue/train/paper_cup/low/03/episodes/episode_20260717T063426_584635Z_000001/synced_data.jsonl,paper_cup,low,too_low,03,3.2316620349884033,4.544079542160034,adaptive_settled_contact,0.8,0.008743169398907104,0.001092896174863388,3.0,7.0,3.0,force_outlier_present,,pending
episode_20260717T063447_718646Z_000001,/home/ktakahashi/UMI-gripper-yue/UMI_ws/data_yue/train/paper_cup/low/04/episodes/episode_20260717T063447_718646Z_000001,/home/ktakahashi/UMI-gripper-yue/UMI_ws/data_yue/train/paper_cup/low/04/episodes/episode_20260717T063447_718646Z_000001/synced_data.jsonl,paper_cup,low,too_low,04,3.5836539268493652,4.385701417922974,adaptive_settled_contact,0.8,0.01371571072319202,0.0012468827930174563,3.0,7.0,3.0,force_outlier_present,,pending
episode_20260717T063549_536643Z_000001,/home/ktakahashi/UMI-gripper-yue/UMI_ws/data_yue/train/paper_cup/low/05/episodes/episode_20260717T063549_536643Z_000001,/home/ktakahashi/UMI-gripper-yue/UMI_ws/data_yue/train/paper_cup/low/05/episodes/episode_20260717T063549_536643Z_000001/synced_data.jsonl,paper_cup,low,too_low,05,3.488598585128784,4.288753032684326,adaptive_settled_contact,0.8,0.010078387458006719,0.0033594624860022394,3.0,7.0,3.0,force_outlier_present,,pending
episode_20260717T063608_713680Z_000001,/home/ktakahashi/UMI-gripper-yue/UMI_ws/data_yue/train/paper_cup/low/06/episodes/episode_20260717T063608_713680Z_000001,/home/ktakahashi/UMI-gripper-yue/UMI_ws/data_yue/train/paper_cup/low/06/episodes/episode_20260717T063608_713680Z_000001/synced_data.jsonl,paper_cup,low,too_low,06,3.633962869644165,4.449857950210571,adaptive_settled_contact,0.8,0.014476614699331848,0.0022271714922048997,3.0,7.0,3.0,force_outlier_present,,pending
episode_20260717T063711_735030Z_000001,/home/ktakahashi/UMI-gripper-yue/UMI_ws/data_yue/train/paper_cup/low/07/episodes/episode_20260717T063711_735030Z_000001,/home/ktakahashi/UMI-gripper-yue/UMI_ws/data_yue/train/paper_cup/low/07/episodes/episode_20260717T063711_735030Z_000001/synced_data.jsonl,paper_cup,low,too_low,07,4.385258436203003,5.216418981552124,adaptive_settled_contact,0.8,0.008583690987124463,0.034334763948497854,3.0,7.0,3.0,force_outlier_present,,pending
episode_20260717T063743_116319Z_000001,/home/ktakahashi/UMI-gripper-yue/UMI_ws/data_yue/train/paper_cup/low/08/episodes/episode_20260717T063743_116319Z_000001,/home/ktakahashi/UMI-gripper-yue/UMI_ws/data_yue/train/paper_cup/low/08/episodes/episode_20260717T063743_116319Z_000001/synced_data.jsonl,paper_cup,low,too_low,08,3.1225335597991943,3.9231925010681152,adaptive_settled_contact,0.8,0.013224821973550356,0.0,3.0,7.0,3.0,force_outlier_present,,pending
episode_20260717T063807_599986Z_000001,/home/ktakahashi/UMI-gripper-yue/UMI_ws/data_yue/train/paper_cup/low/09/episodes/episode_20260717T063807_599986Z_000001,/home/ktakahashi/UMI-gripper-yue/UMI_ws/data_yue/train/paper_cup/low/09/episodes/episode_20260717T063807_599986Z_000001/synced_data.jsonl,paper_cup,low,too_low,09,3.344411611557007,4.145604610443115,adaptive_settled_contact,0.8,0.014018691588785047,0.003115264797507788,3.0,7.0,3.0,force_outlier_present,,pending
episode_20260717T063834_815470Z_000001,/home/ktakahashi/UMI-gripper-yue/UMI_ws/data_yue/train/paper_cup/low/10/episodes/episode_20260717T063834_815470Z_000001,/home/ktakahashi/UMI-gripper-yue/UMI_ws/data_yue/train/paper_cup/low/10/episodes/episode_20260717T063834_815470Z_000001/synced_data.jsonl,paper_cup,low,too_low,10,3.5367989540100098,4.336968421936035,adaptive_settled_contact,0.8,0.014656144306651634,0.0,3.0,7.0,3.0,force_outlier_present,,pending
episode_20260717T063856_038904Z_000001,/home/ktakahashi/UMI-gripper-yue/UMI_ws/data_yue/train/paper_cup/low/11/episodes/episode_20260717T063856_038904Z_000001,/home/ktakahashi/UMI-gripper-yue/UMI_ws/data_yue/train/paper_cup/low/11/episodes/episode_20260717T063856_038904Z_000001/synced_data.jsonl,paper_cup,low,too_low,11,3.2181084156036377,4.018259048461914,adaptive_settled_contact,0.8,0.012738853503184714,0.018046709129511677,3.0,7.0,3.0,force_outlier_present,,pending
episode_20260717T063917_701966Z_000001,/home/ktakahashi/UMI-gripper-yue/UMI_ws/data_yue/train/paper_cup/low/12/episodes/episode_20260717T063917_701966Z_000001,/home/ktakahashi/UMI-gripper-yue/UMI_ws/data_yue/train/paper_cup/low/12/episodes/episode_20260717T063917_701966Z_000001/synced_data.jsonl,paper_cup,low,too_low,12,3.5203235149383545,4.321238279342651,adaptive_settled_contact,0.8,0.007385524372230428,0.007385524372230428,3.0,7.0,3.0,force_outlier_present,,pending
episode_20260717T063939_352523Z_000001,/home/ktakahashi/UMI-gripper-yue/UMI_ws/data_yue/train/paper_cup/low/13/episodes/episode_20260717T063939_352523Z_000001,/home/ktakahashi/UMI-gripper-yue/UMI_ws/data_yue/train/paper_cup/low/13/episodes/episode_20260717T063939_352523Z_000001/synced_data.jsonl,paper_cup,low,too_low,13,3.4720022678375244,4.272407293319702,adaptive_settled_contact,0.8,0.013365735115431349,0.00850546780072904,3.0,7.0,3.0,force_outlier_present,,pending
episode_20260717T064002_104383Z_000001,/home/ktakahashi/UMI-gripper-yue/UMI_ws/data_yue/train/paper_cup/low/14/episodes/episode_20260717T064002_104383Z_000001,/home/ktakahashi/UMI-gripper-yue/UMI_ws/data_yue/train/paper_cup/low/14/episodes/episode_20260717T064002_104383Z_000001/synced_data.jsonl,paper_cup,low,too_low,14,3.9988067150115967,4.831303358078003,adaptive_settled_contact,0.8,0.0064794816414686825,0.0,3.0,7.0,3.0,force_outlier_present,,pending
episode_20260717T064025_496913Z_000001,/home/ktakahashi/UMI-gripper-yue/UMI_ws/data_yue/train/paper_cup/low/15/episodes/episode_20260717T064025_496913Z_000001,/home/ktakahashi/UMI-gripper-yue/UMI_ws/data_yue/train/paper_cup/low/15/episodes/episode_20260717T064025_496913Z_000001/synced_data.jsonl,paper_cup,low,too_low,15,3.009373664855957,3.889357328414917,adaptive_settled_contact,0.8,0.010817307692307692,0.004807692307692308,3.0,7.0,3.0,force_outlier_present,,pending
episode_20260717T064050_701560Z_000001,/home/ktakahashi/UMI-gripper-yue/UMI_ws/data_yue/train/paper_cup/low/16/episodes/episode_20260717T064050_701560Z_000001,/home/ktakahashi/UMI-gripper-yue/UMI_ws/data_yue/train/paper_cup/low/16/episodes/episode_20260717T064050_701560Z_000001/synced_data.jsonl,paper_cup,low,too_low,16,4.463818073272705,5.265922546386719,adaptive_settled_contact,0.8,0.009210526315789473,0.006578947368421052,3.0,7.0,3.0,force_outlier_present,,pending
episode_20260717T064114_900616Z_000001,/home/ktakahashi/UMI-gripper-yue/UMI_ws/data_yue/train/paper_cup/low/17/episodes/episode_20260717T064114_900616Z_000001,/home/ktakahashi/UMI-gripper-yue/UMI_ws/data_yue/train/paper_cup/low/17/episodes/episode_20260717T064114_900616Z_000001/synced_data.jsonl,paper_cup,low,too_low,17,3.376147985458374,4.78471040725708,adaptive_settled_contact,0.8,0.008264462809917356,0.026170798898071626,3.0,7.0,3.0,force_outlier_present,,pending
episode_20260717T064135_924635Z_000001,/home/ktakahashi/UMI-gripper-yue/UMI_ws/data_yue/train/paper_cup/low/18/episodes/episode_20260717T064135_924635Z_000001,/home/ktakahashi/UMI-gripper-yue/UMI_ws/data_yue/train/paper_cup/low/18/episodes/episode_20260717T064135_924635Z_000001/synced_data.jsonl,paper_cup,low,too_low,18,3.0104103088378906,3.8270130157470703,adaptive_settled_contact,0.8,0.011673151750972763,0.0012970168612191958,3.0,7.0,3.0,force_outlier_present,,pending
episode_20260717T064157_553347Z_000001,/home/ktakahashi/UMI-gripper-yue/UMI_ws/data_yue/train/paper_cup/low/19/episodes/episode_20260717T064157_553347Z_000001,/home/ktakahashi/UMI-gripper-yue/UMI_ws/data_yue/train/paper_cup/low/19/episodes/episode_20260717T064157_553347Z_000001/synced_data.jsonl,paper_cup,low,too_low,19,3.4561827182769775,5.119551420211792,adaptive_settled_contact,0.8,0.01072961373390558,0.009656652360515022,3.0,7.0,3.0,force_outlier_present,,pending
episode_20260717T064219_088166Z_000001,/home/ktakahashi/UMI-gripper-yue/UMI_ws/data_yue/train/paper_cup/low/20/episodes/episode_20260717T064219_088166Z_000001,/home/ktakahashi/UMI-gripper-yue/UMI_ws/data_yue/train/paper_cup/low/20/episodes/episode_20260717T064219_088166Z_000001/synced_data.jsonl,paper_cup,low,too_low,20,3.7916290760040283,5.136466979980469,adaptive_settled_contact,0.8,0.009966777408637873,0.0,3.0,7.0,3.0,force_outlier_present,,pending
episode_20260717T062213_388428Z_000001,/home/ktakahashi/UMI-gripper-yue/UMI_ws/data_yue/train/paper_cup/medium/01/episodes/episode_20260717T062213_388428Z_000001,/home/ktakahashi/UMI-gripper-yue/UMI_ws/data_yue/train/paper_cup/medium/01/episodes/episode_20260717T062213_388428Z_000001/synced_data.jsonl,paper_cup,medium,fine,01,3.504546642303467,4.305692911148071,adaptive_settled_contact,0.8,0.008905852417302799,0.03307888040712468,3.0,7.0,3.0,force_outlier_present,,pending
episode_20260717T062236_705733Z_000001,/home/ktakahashi/UMI-gripper-yue/UMI_ws/data_yue/train/paper_cup/medium/02/episodes/episode_20260717T062236_705733Z_000001,/home/ktakahashi/UMI-gripper-yue/UMI_ws/data_yue/train/paper_cup/medium/02/episodes/episode_20260717T062236_705733Z_000001/synced_data.jsonl,paper_cup,medium,fine,02,3.569187641143799,5.024949073791504,adaptive_settled_contact,0.8,0.014925373134328358,0.009184845005740528,3.0,7.0,3.0,force_outlier_present,,pending
episode_20260717T062301_020086Z_000001,/home/ktakahashi/UMI-gripper-yue/UMI_ws/data_yue/train/paper_cup/medium/03/episodes/episode_20260717T062301_020086Z_000001,/home/ktakahashi/UMI-gripper-yue/UMI_ws/data_yue/train/paper_cup/medium/03/episodes/episode_20260717T062301_020086Z_000001/synced_data.jsonl,paper_cup,medium,fine,03,3.6489598751068115,4.801460266113281,adaptive_settled_contact,0.8,0.011123470522803115,0.0,3.0,7.0,3.0,force_outlier_present,,pending
episode_20260717T062323_910610Z_000001,/home/ktakahashi/UMI-gripper-yue/UMI_ws/data_yue/train/paper_cup/medium/04/episodes/episode_20260717T062323_910610Z_000001,/home/ktakahashi/UMI-gripper-yue/UMI_ws/data_yue/train/paper_cup/medium/04/episodes/episode_20260717T062323_910610Z_000001/synced_data.jsonl,paper_cup,medium,fine,04,3.633106231689453,4.4480299949646,adaptive_settled_contact,0.8,0.013856812933025405,0.0,3.0,7.0,3.0,force_outlier_present,,pending
episode_20260717T062405_020954Z_000001,/home/ktakahashi/UMI-gripper-yue/UMI_ws/data_yue/train/paper_cup/medium/05/episodes/episode_20260717T062405_020954Z_000001,/home/ktakahashi/UMI-gripper-yue/UMI_ws/data_yue/train/paper_cup/medium/05/episodes/episode_20260717T062405_020954Z_000001/synced_data.jsonl,paper_cup,medium,fine,05,4.096482515335083,4.975941181182861,adaptive_settled_contact,0.8,0.011723329425556858,0.02813599062133646,3.0,7.0,3.0,force_outlier_present,,pending
episode_20260717T062427_087755Z_000001,/home/ktakahashi/UMI-gripper-yue/UMI_ws/data_yue/train/paper_cup/medium/06/episodes/episode_20260717T062427_087755Z_000001,/home/ktakahashi/UMI-gripper-yue/UMI_ws/data_yue/train/paper_cup/medium/06/episodes/episode_20260717T062427_087755Z_000001/synced_data.jsonl,paper_cup,medium,fine,06,3.502657890319824,4.975889205932617,adaptive_settled_contact,0.8,0.013447432762836185,0.02689486552567237,3.0,7.0,3.0,force_outlier_present,,pending
episode_20260717T062456_147285Z_000001,/home/ktakahashi/UMI-gripper-yue/UMI_ws/data_yue/train/paper_cup/medium/07/episodes/episode_20260717T062456_147285Z_000001,/home/ktakahashi/UMI-gripper-yue/UMI_ws/data_yue/train/paper_cup/medium/07/episodes/episode_20260717T062456_147285Z_000001/synced_data.jsonl,paper_cup,medium,fine,07,4.112557888031006,5.102706432342529,adaptive_settled_contact,0.8,0.012359550561797753,0.0022471910112359553,3.0,7.0,3.0,force_outlier_present,,pending
episode_20260717T062519_620718Z_000001,/home/ktakahashi/UMI-gripper-yue/UMI_ws/data_yue/train/paper_cup/medium/08/episodes/episode_20260717T062519_620718Z_000001,/home/ktakahashi/UMI-gripper-yue/UMI_ws/data_yue/train/paper_cup/medium/08/episodes/episode_20260717T062519_620718Z_000001/synced_data.jsonl,paper_cup,medium,fine,08,3.5671896934509277,4.369352340698242,adaptive_settled_contact,0.8,0.014332965821389196,0.002205071664829107,3.0,7.0,3.0,force_outlier_present,,pending
episode_20260717T062541_911220Z_000001,/home/ktakahashi/UMI-gripper-yue/UMI_ws/data_yue/train/paper_cup/medium/09/episodes/episode_20260717T062541_911220Z_000001,/home/ktakahashi/UMI-gripper-yue/UMI_ws/data_yue/train/paper_cup/medium/09/episodes/episode_20260717T062541_911220Z_000001/synced_data.jsonl,paper_cup,medium,fine,09,4.033071279525757,5.5039544105529785,adaptive_settled_contact,0.8,0.009104704097116844,0.019726858877086494,3.0,7.0,3.0,force_outlier_present,,pending
episode_20260717T062617_712511Z_000001,/home/ktakahashi/UMI-gripper-yue/UMI_ws/data_yue/train/paper_cup/medium/10/episodes/episode_20260717T062617_712511Z_000001,/home/ktakahashi/UMI-gripper-yue/UMI_ws/data_yue/train/paper_cup/medium/10/episodes/episode_20260717T062617_712511Z_000001/synced_data.jsonl,paper_cup,medium,fine,10,3.3944597244262695,4.194795370101929,adaptive_settled_contact,0.8,0.010638297872340425,0.005319148936170213,3.0,7.0,3.0,force_outlier_present,,pending
episode_20260717T062638_513844Z_000001,/home/ktakahashi/UMI-gripper-yue/UMI_ws/data_yue/train/paper_cup/medium/11/episodes/episode_20260717T062638_513844Z_000001,/home/ktakahashi/UMI-gripper-yue/UMI_ws/data_yue/train/paper_cup/medium/11/episodes/episode_20260717T062638_513844Z_000001/synced_data.jsonl,paper_cup,medium,fine,11,3.362762928009033,4.561233282089233,adaptive_settled_contact,0.8,0.008869179600886918,0.0,3.0,7.0,3.0,force_outlier_present,,pending
episode_20260717T062658_999421Z_000001,/home/ktakahashi/UMI-gripper-yue/UMI_ws/data_yue/train/paper_cup/medium/12/episodes/episode_20260717T062658_999421Z_000001,/home/ktakahashi/UMI-gripper-yue/UMI_ws/data_yue/train/paper_cup/medium/12/episodes/episode_20260717T062658_999421Z_000001/synced_data.jsonl,paper_cup,medium,fine,12,3.5358707904815674,5.1355085372924805,adaptive_settled_contact,0.8,0.013452914798206279,0.002242152466367713,3.0,7.0,3.0,force_outlier_present,,pending
episode_20260717T062726_240714Z_000001,/home/ktakahashi/UMI-gripper-yue/UMI_ws/data_yue/train/paper_cup/medium/13/episodes/episode_20260717T062726_240714Z_000001,/home/ktakahashi/UMI-gripper-yue/UMI_ws/data_yue/train/paper_cup/medium/13/episodes/episode_20260717T062726_240714Z_000001/synced_data.jsonl,paper_cup,medium,fine,13,3.0073769092559814,4.544583320617676,adaptive_settled_contact,0.8,0.013937282229965157,0.0011614401858304297,3.0,7.0,3.0,force_outlier_present,,pending
episode_20260717T062747_040201Z_000001,/home/ktakahashi/UMI-gripper-yue/UMI_ws/data_yue/train/paper_cup/medium/14/episodes/episode_20260717T062747_040201Z_000001,/home/ktakahashi/UMI-gripper-yue/UMI_ws/data_yue/train/paper_cup/medium/14/episodes/episode_20260717T062747_040201Z_000001/synced_data.jsonl,paper_cup,medium,fine,14,3.8093202114105225,5.088959693908691,adaptive_settled_contact,0.8,0.010297482837528604,0.02745995423340961,3.0,7.0,3.0,force_outlier_present,,pending
episode_20260717T062807_716191Z_000001,/home/ktakahashi/UMI-gripper-yue/UMI_ws/data_yue/train/paper_cup/medium/15/episodes/episode_20260717T062807_716191Z_000001,/home/ktakahashi/UMI-gripper-yue/UMI_ws/data_yue/train/paper_cup/medium/15/episodes/episode_20260717T062807_716191Z_000001/synced_data.jsonl,paper_cup,medium,fine,15,4.433371067047119,5.248620986938477,adaptive_settled_contact,0.8,0.010327022375215147,0.012048192771084338,3.0,7.0,3.0,force_outlier_present,,pending
episode_20260717T062829_975267Z_000001,/home/ktakahashi/UMI-gripper-yue/UMI_ws/data_yue/train/paper_cup/medium/16/episodes/episode_20260717T062829_975267Z_000001,/home/ktakahashi/UMI-gripper-yue/UMI_ws/data_yue/train/paper_cup/medium/16/episodes/episode_20260717T062829_975267Z_000001/synced_data.jsonl,paper_cup,medium,fine,16,3.008052110671997,3.8246381282806396,adaptive_settled_contact,0.8,0.009111617312072893,0.00683371298405467,3.0,7.0,3.0,force_outlier_present,,pending
episode_20260717T062850_049750Z_000001,/home/ktakahashi/UMI-gripper-yue/UMI_ws/data_yue/train/paper_cup/medium/17/episodes/episode_20260717T062850_049750Z_000001,/home/ktakahashi/UMI-gripper-yue/UMI_ws/data_yue/train/paper_cup/medium/17/episodes/episode_20260717T062850_049750Z_000001/synced_data.jsonl,paper_cup,medium,fine,17,3.266298294067383,4.066685914993286,adaptive_settled_contact,0.8,0.011627906976744186,0.0,3.0,7.0,3.0,force_outlier_present,,pending
episode_20260717T062910_219714Z_000001,/home/ktakahashi/UMI-gripper-yue/UMI_ws/data_yue/train/paper_cup/medium/18/episodes/episode_20260717T062910_219714Z_000001,/home/ktakahashi/UMI-gripper-yue/UMI_ws/data_yue/train/paper_cup/medium/18/episodes/episode_20260717T062910_219714Z_000001/synced_data.jsonl,paper_cup,medium,fine,18,5.168976306915283,6.543855905532837,adaptive_settled_contact,0.8,0.009269988412514484,0.0,3.0,7.0,3.0,force_outlier_present,,pending
episode_20260717T062931_986945Z_000001,/home/ktakahashi/UMI-gripper-yue/UMI_ws/data_yue/train/paper_cup/medium/19/episodes/episode_20260717T062931_986945Z_000001,/home/ktakahashi/UMI-gripper-yue/UMI_ws/data_yue/train/paper_cup/medium/19/episodes/episode_20260717T062931_986945Z_000001/synced_data.jsonl,paper_cup,medium,fine,19,3.5346579551696777,4.334722518920898,adaptive_settled_contact,0.8,0.009334889148191364,0.003500583430571762,3.0,7.0,3.0,force_outlier_present,,pending
episode_20260717T062957_539270Z_000001,/home/ktakahashi/UMI-gripper-yue/UMI_ws/data_yue/train/paper_cup/medium/20/episodes/episode_20260717T062957_539270Z_000001,/home/ktakahashi/UMI-gripper-yue/UMI_ws/data_yue/train/paper_cup/medium/20/episodes/episode_20260717T062957_539270Z_000001/synced_data.jsonl,paper_cup,medium,fine,20,3.5527167320251465,4.367913722991943,adaptive_settled_contact,0.8,0.007360672975814932,0.030494216614090432,3.0,7.0,3.0,force_outlier_present,,pending
episode_20260717T075843_343877Z_000001,/home/ktakahashi/UMI-gripper-yue/UMI_ws/data_yue/train/softball/high/01/episodes/episode_20260717T075843_343877Z_000001,/home/ktakahashi/UMI-gripper-yue/UMI_ws/data_yue/train/softball/high/01/episodes/episode_20260717T075843_343877Z_000001/synced_data.jsonl,softball,high,too_high,01,4.497168302536011,5.297168302536011,contact_unsettled_fallback,0.5,0.0,0.0,3.0,7.0,3.0,ok,,auto_ok
episode_20260717T075903_708928Z_000001,/home/ktakahashi/UMI-gripper-yue/UMI_ws/data_yue/train/softball/high/02/episodes/episode_20260717T075903_708928Z_000001,/home/ktakahashi/UMI-gripper-yue/UMI_ws/data_yue/train/softball/high/02/episodes/episode_20260717T075903_708928Z_000001/synced_data.jsonl,softball,high,too_high,02,3.5525741577148438,4.912848711013794,adaptive_settled_contact,0.8,0.0,0.0,3.0,7.0,3.0,ok,,auto_ok
episode_20260717T075924_112428Z_000001,/home/ktakahashi/UMI-gripper-yue/UMI_ws/data_yue/train/softball/high/03/episodes/episode_20260717T075924_112428Z_000001,/home/ktakahashi/UMI-gripper-yue/UMI_ws/data_yue/train/softball/high/03/episodes/episode_20260717T075924_112428Z_000001/synced_data.jsonl,softball,high,too_high,03,3.6633174419403076,4.463317441940307,contact_unsettled_fallback,0.5,0.0,0.0,3.0,7.0,3.0,ok,,auto_ok
episode_20260717T075943_749965Z_000001,/home/ktakahashi/UMI-gripper-yue/UMI_ws/data_yue/train/softball/high/04/episodes/episode_20260717T075943_749965Z_000001,/home/ktakahashi/UMI-gripper-yue/UMI_ws/data_yue/train/softball/high/04/episodes/episode_20260717T075943_749965Z_000001/synced_data.jsonl,softball,high,too_high,04,3.903791666030884,5.375111103057861,adaptive_settled_contact,0.8,0.0,0.0,3.0,7.0,3.0,ok,,auto_ok
episode_20260717T080027_065299Z_000001,/home/ktakahashi/UMI-gripper-yue/UMI_ws/data_yue/train/softball/high/05/episodes/episode_20260717T080027_065299Z_000001,/home/ktakahashi/UMI-gripper-yue/UMI_ws/data_yue/train/softball/high/05/episodes/episode_20260717T080027_065299Z_000001/synced_data.jsonl,softball,high,too_high,05,3.1400039196014404,4.1285905838012695,adaptive_settled_contact,0.8,0.0,0.0,3.0,7.0,3.0,ok,,auto_ok
episode_20260717T080047_716448Z_000001,/home/ktakahashi/UMI-gripper-yue/UMI_ws/data_yue/train/softball/high/06/episodes/episode_20260717T080047_716448Z_000001,/home/ktakahashi/UMI-gripper-yue/UMI_ws/data_yue/train/softball/high/06/episodes/episode_20260717T080047_716448Z_000001/synced_data.jsonl,softball,high,too_high,06,3.121565818786621,3.9373087882995605,adaptive_settled_contact,0.8,0.0,0.0,3.0,7.0,3.0,ok,,auto_ok
episode_20260717T080108_024046Z_000001,/home/ktakahashi/UMI-gripper-yue/UMI_ws/data_yue/train/softball/high/07/episodes/episode_20260717T080108_024046Z_000001,/home/ktakahashi/UMI-gripper-yue/UMI_ws/data_yue/train/softball/high/07/episodes/episode_20260717T080108_024046Z_000001/synced_data.jsonl,softball,high,too_high,07,3.0419692993164062,3.842174768447876,adaptive_settled_contact,0.8,0.0,0.0,3.0,7.0,3.0,ok,,auto_ok
episode_20260717T080127_196719Z_000001,/home/ktakahashi/UMI-gripper-yue/UMI_ws/data_yue/train/softball/high/08/episodes/episode_20260717T080127_196719Z_000001,/home/ktakahashi/UMI-gripper-yue/UMI_ws/data_yue/train/softball/high/08/episodes/episode_20260717T080127_196719Z_000001/synced_data.jsonl,softball,high,too_high,08,3.5360610485076904,4.350121736526489,adaptive_settled_contact,0.8,0.0,0.0,3.0,7.0,3.0,ok,,auto_ok
episode_20260717T080147_873773Z_000001,/home/ktakahashi/UMI-gripper-yue/UMI_ws/data_yue/train/softball/high/09/episodes/episode_20260717T080147_873773Z_000001,/home/ktakahashi/UMI-gripper-yue/UMI_ws/data_yue/train/softball/high/09/episodes/episode_20260717T080147_873773Z_000001/synced_data.jsonl,softball,high,too_high,09,3.5693883895874023,5.009066820144653,adaptive_settled_contact,0.8,0.0,0.0,3.0,7.0,3.0,ok,,auto_ok
episode_20260717T080208_813021Z_000001,/home/ktakahashi/UMI-gripper-yue/UMI_ws/data_yue/train/softball/high/10/episodes/episode_20260717T080208_813021Z_000001,/home/ktakahashi/UMI-gripper-yue/UMI_ws/data_yue/train/softball/high/10/episodes/episode_20260717T080208_813021Z_000001/synced_data.jsonl,softball,high,too_high,10,3.2974207401275635,4.097445011138916,adaptive_settled_contact,0.8,0.0,0.0,3.0,7.0,3.0,ok,,auto_ok
episode_20260717T074621_536633Z_000001,/home/ktakahashi/UMI-gripper-yue/UMI_ws/data_yue/train/softball/high/11/episodes/episode_20260717T074621_536633Z_000001,/home/ktakahashi/UMI-gripper-yue/UMI_ws/data_yue/train/softball/high/11/episodes/episode_20260717T074621_536633Z_000001/synced_data.jsonl,softball,high,too_high,11,3.6317880153656006,4.431910991668701,adaptive_settled_contact,0.8,0.0,0.0,3.0,7.0,3.0,ok,,auto_ok
episode_20260717T074705_909917Z_000001,/home/ktakahashi/UMI-gripper-yue/UMI_ws/data_yue/train/softball/high/12/episodes/episode_20260717T074705_909917Z_000001,/home/ktakahashi/UMI-gripper-yue/UMI_ws/data_yue/train/softball/high/12/episodes/episode_20260717T074705_909917Z_000001/synced_data.jsonl,softball,high,too_high,12,3.4259440898895264,4.225944089889526,contact_unsettled_fallback,0.5,0.0,0.0,3.0,7.0,3.0,ok,,auto_ok
episode_20260717T074852_666027Z_000001,/home/ktakahashi/UMI-gripper-yue/UMI_ws/data_yue/train/softball/high/13/episodes/episode_20260717T074852_666027Z_000001,/home/ktakahashi/UMI-gripper-yue/UMI_ws/data_yue/train/softball/high/13/episodes/episode_20260717T074852_666027Z_000001/synced_data.jsonl,softball,high,too_high,13,3.344700813293457,4.144700813293457,contact_unsettled_fallback,0.5,0.0,0.0,3.0,7.0,3.0,ok,,auto_ok
episode_20260717T074951_104460Z_000001,/home/ktakahashi/UMI-gripper-yue/UMI_ws/data_yue/train/softball/high/14/episodes/episode_20260717T074951_104460Z_000001,/home/ktakahashi/UMI-gripper-yue/UMI_ws/data_yue/train/softball/high/14/episodes/episode_20260717T074951_104460Z_000001/synced_data.jsonl,softball,high,too_high,14,3.0082852840423584,5.648752450942993,adaptive_settled_contact,0.8,0.0,0.0,3.0,7.0,3.0,ok,,auto_ok
episode_20260717T075015_697065Z_000001,/home/ktakahashi/UMI-gripper-yue/UMI_ws/data_yue/train/softball/high/15/episodes/episode_20260717T075015_697065Z_000001,/home/ktakahashi/UMI-gripper-yue/UMI_ws/data_yue/train/softball/high/15/episodes/episode_20260717T075015_697065Z_000001/synced_data.jsonl,softball,high,too_high,15,3.1823010444641113,6.6077799797058105,adaptive_settled_contact,0.8,0.0,0.0,3.0,7.0,3.0,ok,,auto_ok
episode_20260717T075117_659365Z_000001,/home/ktakahashi/UMI-gripper-yue/UMI_ws/data_yue/train/softball/high/16/episodes/episode_20260717T075117_659365Z_000001,/home/ktakahashi/UMI-gripper-yue/UMI_ws/data_yue/train/softball/high/16/episodes/episode_20260717T075117_659365Z_000001/synced_data.jsonl,softball,high,too_high,16,3.0580332279205322,4.1289873123168945,adaptive_settled_contact,0.8,0.0,0.0,3.0,7.0,3.0,ok,,auto_ok
episode_20260717T075137_801183Z_000001,/home/ktakahashi/UMI-gripper-yue/UMI_ws/data_yue/train/softball/high/17/episodes/episode_20260717T075137_801183Z_000001,/home/ktakahashi/UMI-gripper-yue/UMI_ws/data_yue/train/softball/high/17/episodes/episode_20260717T075137_801183Z_000001/synced_data.jsonl,softball,high,too_high,17,3.3917081356048584,4.672187566757202,adaptive_settled_contact,0.8,0.0,0.0,3.0,7.0,3.0,ok,,auto_ok
episode_20260717T075159_009264Z_000001,/home/ktakahashi/UMI-gripper-yue/UMI_ws/data_yue/train/softball/high/18/episodes/episode_20260717T075159_009264Z_000001,/home/ktakahashi/UMI-gripper-yue/UMI_ws/data_yue/train/softball/high/18/episodes/episode_20260717T075159_009264Z_000001/synced_data.jsonl,softball,high,too_high,18,3.954252243041992,4.754252243041992,contact_unsettled_fallback,0.5,0.0,0.0,3.0,7.0,3.0,ok,,auto_ok
episode_20260717T075218_531099Z_000001,/home/ktakahashi/UMI-gripper-yue/UMI_ws/data_yue/train/softball/high/19/episodes/episode_20260717T075218_531099Z_000001,/home/ktakahashi/UMI-gripper-yue/UMI_ws/data_yue/train/softball/high/19/episodes/episode_20260717T075218_531099Z_000001/synced_data.jsonl,softball,high,too_high,19,3.536154270172119,6.705042362213135,adaptive_settled_contact,0.8,0.0,0.0,3.0,7.0,3.0,ok,,auto_ok
episode_20260717T075239_844353Z_000001,/home/ktakahashi/UMI-gripper-yue/UMI_ws/data_yue/train/softball/high/20/episodes/episode_20260717T075239_844353Z_000001,/home/ktakahashi/UMI-gripper-yue/UMI_ws/data_yue/train/softball/high/20/episodes/episode_20260717T075239_844353Z_000001/synced_data.jsonl,softball,high,too_high,20,3.008382558822632,5.056477308273315,adaptive_settled_contact,0.8,0.0,0.0,3.0,7.0,3.0,ok,,auto_ok
episode_20260717T070817_076968Z_000001,/home/ktakahashi/UMI-gripper-yue/UMI_ws/data_yue/train/softball/low/01/episodes/episode_20260717T070817_076968Z_000001,/home/ktakahashi/UMI-gripper-yue/UMI_ws/data_yue/train/softball/low/01/episodes/episode_20260717T070817_076968Z_000001/synced_data.jsonl,softball,low,too_low,01,3.8263611793518066,5.154120445251465,adaptive_settled_contact,0.8,0.00798175598631699,0.020524515393386546,3.0,7.0,3.0,force_outlier_present,,pending
episode_20260717T070837_599537Z_000001,/home/ktakahashi/UMI-gripper-yue/UMI_ws/data_yue/train/softball/low/02/episodes/episode_20260717T070837_599537Z_000001,/home/ktakahashi/UMI-gripper-yue/UMI_ws/data_yue/train/softball/low/02/episodes/episode_20260717T070837_599537Z_000001/synced_data.jsonl,softball,low,too_low,02,3.135540008544922,3.9356236457824707,adaptive_settled_contact,0.8,0.012032085561497326,0.017379679144385027,3.0,7.0,3.0,force_outlier_present,,pending
episode_20260717T070902_882253Z_000001,/home/ktakahashi/UMI-gripper-yue/UMI_ws/data_yue/train/softball/low/03/episodes/episode_20260717T070902_882253Z_000001,/home/ktakahashi/UMI-gripper-yue/UMI_ws/data_yue/train/softball/low/03/episodes/episode_20260717T070902_882253Z_000001/synced_data.jsonl,softball,low,too_low,03,3.9675447940826416,5.407667636871338,adaptive_settled_contact,0.8,0.012804097311139564,0.0,3.0,7.0,3.0,force_outlier_present,,pending
episode_20260717T070922_493757Z_000001,/home/ktakahashi/UMI-gripper-yue/UMI_ws/data_yue/train/softball/low/04/episodes/episode_20260717T070922_493757Z_000001,/home/ktakahashi/UMI-gripper-yue/UMI_ws/data_yue/train/softball/low/04/episodes/episode_20260717T070922_493757Z_000001/synced_data.jsonl,softball,low,too_low,04,3.5516111850738525,4.352959156036377,adaptive_settled_contact,0.8,0.012263099219620958,0.0011148272017837235,3.0,7.0,3.0,force_outlier_present,,pending
episode_20260717T070941_821372Z_000001,/home/ktakahashi/UMI-gripper-yue/UMI_ws/data_yue/train/softball/low/05/episodes/episode_20260717T070941_821372Z_000001,/home/ktakahashi/UMI-gripper-yue/UMI_ws/data_yue/train/softball/low/05/episodes/episode_20260717T070941_821372Z_000001/synced_data.jsonl,softball,low,too_low,05,3.537606954574585,4.351852178573608,adaptive_settled_contact,0.8,0.014806378132118452,0.0,3.0,7.0,3.0,force_outlier_present,,pending
episode_20260717T071001_268974Z_000001,/home/ktakahashi/UMI-gripper-yue/UMI_ws/data_yue/train/softball/low/06/episodes/episode_20260717T071001_268974Z_000001,/home/ktakahashi/UMI-gripper-yue/UMI_ws/data_yue/train/softball/low/06/episodes/episode_20260717T071001_268974Z_000001/synced_data.jsonl,softball,low,too_low,06,3.6966094970703125,4.979156970977783,adaptive_settled_contact,0.8,0.016568047337278107,0.023668639053254437,3.0,7.0,3.0,force_outlier_present,,pending
episode_20260717T071020_177941Z_000001,/home/ktakahashi/UMI-gripper-yue/UMI_ws/data_yue/train/softball/low/07/episodes/episode_20260717T071020_177941Z_000001,/home/ktakahashi/UMI-gripper-yue/UMI_ws/data_yue/train/softball/low/07/episodes/episode_20260717T071020_177941Z_000001/synced_data.jsonl,softball,low,too_low,07,3.008976459503174,4.898374080657959,adaptive_settled_contact,0.8,0.0045045045045045045,0.003003003003003003,3.0,7.0,3.0,force_outlier_present,,pending
episode_20260717T071040_146759Z_000001,/home/ktakahashi/UMI-gripper-yue/UMI_ws/data_yue/train/softball/low/08/episodes/episode_20260717T071040_146759Z_000001,/home/ktakahashi/UMI-gripper-yue/UMI_ws/data_yue/train/softball/low/08/episodes/episode_20260717T071040_146759Z_000001/synced_data.jsonl,softball,low,too_low,08,3.3929014205932617,4.193562984466553,adaptive_settled_contact,0.8,0.01485148514851485,0.01608910891089109,3.0,7.0,3.0,force_outlier_present,,pending
episode_20260717T071101_080454Z_000001,/home/ktakahashi/UMI-gripper-yue/UMI_ws/data_yue/train/softball/low/09/episodes/episode_20260717T071101_080454Z_000001,/home/ktakahashi/UMI-gripper-yue/UMI_ws/data_yue/train/softball/low/09/episodes/episode_20260717T071101_080454Z_000001/synced_data.jsonl,softball,low,too_low,09,3.120936155319214,3.9223556518554688,adaptive_settled_contact,0.8,0.007352941176470588,0.013235294117647059,3.0,7.0,3.0,force_outlier_present,,pending
episode_20260717T071133_136942Z_000001,/home/ktakahashi/UMI-gripper-yue/UMI_ws/data_yue/train/softball/low/10/episodes/episode_20260717T071133_136942Z_000001,/home/ktakahashi/UMI-gripper-yue/UMI_ws/data_yue/train/softball/low/10/episodes/episode_20260717T071133_136942Z_000001/synced_data.jsonl,softball,low,too_low,10,3.904263973236084,5.29597544670105,adaptive_settled_contact,0.8,0.012693935119887164,0.0,3.0,7.0,3.0,force_outlier_present,,pending
episode_20260717T071152_805814Z_000001,/home/ktakahashi/UMI-gripper-yue/UMI_ws/data_yue/train/softball/low/11/episodes/episode_20260717T071152_805814Z_000001,/home/ktakahashi/UMI-gripper-yue/UMI_ws/data_yue/train/softball/low/11/episodes/episode_20260717T071152_805814Z_000001/synced_data.jsonl,softball,low,too_low,11,3.330803155899048,4.146545648574829,adaptive_settled_contact,0.8,0.012422360248447204,0.0037267080745341614,3.0,7.0,3.0,force_outlier_present,,pending
episode_20260717T071213_798183Z_000001,/home/ktakahashi/UMI-gripper-yue/UMI_ws/data_yue/train/softball/low/12/episodes/episode_20260717T071213_798183Z_000001,/home/ktakahashi/UMI-gripper-yue/UMI_ws/data_yue/train/softball/low/12/episodes/episode_20260717T071213_798183Z_000001/synced_data.jsonl,softball,low,too_low,12,3.7609734535217285,5.217624664306641,adaptive_settled_contact,0.8,0.007471980074719801,0.0012453300124533001,3.0,7.0,3.0,force_outlier_present,,pending
episode_20260717T071233_680637Z_000001,/home/ktakahashi/UMI-gripper-yue/UMI_ws/data_yue/train/softball/low/13/episodes/episode_20260717T071233_680637Z_000001,/home/ktakahashi/UMI-gripper-yue/UMI_ws/data_yue/train/softball/low/13/episodes/episode_20260717T071233_680637Z_000001/synced_data.jsonl,softball,low,too_low,13,3.728999376296997,6.498318672180176,adaptive_settled_contact,0.8,0.012585812356979404,0.021739130434782608,3.0,7.0,3.0,force_outlier_present,,pending
episode_20260717T071254_142801Z_000001,/home/ktakahashi/UMI-gripper-yue/UMI_ws/data_yue/train/softball/low/14/episodes/episode_20260717T071254_142801Z_000001,/home/ktakahashi/UMI-gripper-yue/UMI_ws/data_yue/train/softball/low/14/episodes/episode_20260717T071254_142801Z_000001/synced_data.jsonl,softball,low,too_low,14,3.7283692359924316,5.088870525360107,adaptive_settled_contact,0.8,0.005319148936170213,0.026595744680851064,3.0,7.0,3.0,force_outlier_present,,pending
episode_20260717T071319_207594Z_000001,/home/ktakahashi/UMI-gripper-yue/UMI_ws/data_yue/train/softball/low/15/episodes/episode_20260717T071319_207594Z_000001,/home/ktakahashi/UMI-gripper-yue/UMI_ws/data_yue/train/softball/low/15/episodes/episode_20260717T071319_207594Z_000001/synced_data.jsonl,softball,low,too_low,15,3.6492536067962646,4.498548984527588,adaptive_settled_contact,0.8,0.01510989010989011,0.016483516483516484,3.0,7.0,3.0,force_outlier_present,,pending
episode_20260717T071339_380394Z_000001,/home/ktakahashi/UMI-gripper-yue/UMI_ws/data_yue/train/softball/low/16/episodes/episode_20260717T071339_380394Z_000001,/home/ktakahashi/UMI-gripper-yue/UMI_ws/data_yue/train/softball/low/16/episodes/episode_20260717T071339_380394Z_000001/synced_data.jsonl,softball,low,too_low,16,3.487041473388672,4.2870683670043945,adaptive_settled_contact,0.8,0.012671594508975714,0.0021119324181626186,3.0,7.0,3.0,force_outlier_present,,pending
episode_20260717T071359_546486Z_000001,/home/ktakahashi/UMI-gripper-yue/UMI_ws/data_yue/train/softball/low/17/episodes/episode_20260717T071359_546486Z_000001,/home/ktakahashi/UMI-gripper-yue/UMI_ws/data_yue/train/softball/low/17/episodes/episode_20260717T071359_546486Z_000001/synced_data.jsonl,softball,low,too_low,17,3.0072875022888184,3.807572603225708,adaptive_settled_contact,0.8,0.013123359580052493,0.0013123359580052493,3.0,7.0,3.0,force_outlier_present,,pending
episode_20260717T071419_748836Z_000001,/home/ktakahashi/UMI-gripper-yue/UMI_ws/data_yue/train/softball/low/18/episodes/episode_20260717T071419_748836Z_000001,/home/ktakahashi/UMI-gripper-yue/UMI_ws/data_yue/train/softball/low/18/episodes/episode_20260717T071419_748836Z_000001/synced_data.jsonl,softball,low,too_low,18,3.519674777984619,4.415666341781616,adaptive_settled_contact,0.8,0.012359550561797753,0.0,3.0,7.0,3.0,force_outlier_present,,pending
episode_20260717T071441_755161Z_000001,/home/ktakahashi/UMI-gripper-yue/UMI_ws/data_yue/train/softball/low/19/episodes/episode_20260717T071441_755161Z_000001,/home/ktakahashi/UMI-gripper-yue/UMI_ws/data_yue/train/softball/low/19/episodes/episode_20260717T071441_755161Z_000001/synced_data.jsonl,softball,low,too_low,19,3.504828453063965,4.304841995239258,adaptive_settled_contact,0.8,0.014038876889848811,0.0,3.0,7.0,3.0,force_outlier_present,,pending
episode_20260717T071502_214485Z_000001,/home/ktakahashi/UMI-gripper-yue/UMI_ws/data_yue/train/softball/low/20/episodes/episode_20260717T071502_214485Z_000001,/home/ktakahashi/UMI-gripper-yue/UMI_ws/data_yue/train/softball/low/20/episodes/episode_20260717T071502_214485Z_000001/synced_data.jsonl,softball,low,too_low,20,3.4741923809051514,4.288406848907471,adaptive_settled_contact,0.8,0.0049813200498132005,0.0012453300124533001,3.0,7.0,3.0,force_outlier_present,,pending
episode_20260717T065518_419410Z_000001,/home/ktakahashi/UMI-gripper-yue/UMI_ws/data_yue/train/softball/medium/01/episodes/episode_20260717T065518_419410Z_000001,/home/ktakahashi/UMI-gripper-yue/UMI_ws/data_yue/train/softball/medium/01/episodes/episode_20260717T065518_419410Z_000001/synced_data.jsonl,softball,medium,fine,01,3.0269534587860107,4.578328609466553,adaptive_settled_contact,0.8,0.01907356948228883,0.0027247956403269754,3.0,7.0,3.0,force_outlier_present,,pending
episode_20260717T065539_414794Z_000001,/home/ktakahashi/UMI-gripper-yue/UMI_ws/data_yue/train/softball/medium/02/episodes/episode_20260717T065539_414794Z_000001,/home/ktakahashi/UMI-gripper-yue/UMI_ws/data_yue/train/softball/medium/02/episodes/episode_20260717T065539_414794Z_000001/synced_data.jsonl,softball,medium,fine,02,3.584660530090332,4.402095079421997,adaptive_settled_contact,0.8,0.014943960149439602,0.0024906600249066002,3.0,7.0,3.0,force_outlier_present,,pending
episode_20260717T065605_818472Z_000001,/home/ktakahashi/UMI-gripper-yue/UMI_ws/data_yue/train/softball/medium/03/episodes/episode_20260717T065605_818472Z_000001,/home/ktakahashi/UMI-gripper-yue/UMI_ws/data_yue/train/softball/medium/03/episodes/episode_20260717T065605_818472Z_000001/synced_data.jsonl,softball,medium,fine,03,3.85821270942688,4.914331436157227,adaptive_settled_contact,0.8,0.015513126491646777,0.015513126491646777,3.0,7.0,3.0,force_outlier_present,,pending
episode_20260717T065630_127754Z_000001,/home/ktakahashi/UMI-gripper-yue/UMI_ws/data_yue/train/softball/medium/04/episodes/episode_20260717T065630_127754Z_000001,/home/ktakahashi/UMI-gripper-yue/UMI_ws/data_yue/train/softball/medium/04/episodes/episode_20260717T065630_127754Z_000001/synced_data.jsonl,softball,medium,fine,04,3.743290901184082,5.025035858154297,adaptive_settled_contact,0.8,0.006793478260869565,0.002717391304347826,3.0,7.0,3.0,force_outlier_present,,pending
episode_20260717T065653_264978Z_000001,/home/ktakahashi/UMI-gripper-yue/UMI_ws/data_yue/train/softball/medium/05/episodes/episode_20260717T065653_264978Z_000001,/home/ktakahashi/UMI-gripper-yue/UMI_ws/data_yue/train/softball/medium/05/episodes/episode_20260717T065653_264978Z_000001/synced_data.jsonl,softball,medium,fine,05,3.3765087127685547,4.176917791366577,adaptive_settled_contact,0.8,0.01366120218579235,0.001366120218579235,3.0,7.0,3.0,force_outlier_present,,pending
episode_20260717T065714_280018Z_000001,/home/ktakahashi/UMI-gripper-yue/UMI_ws/data_yue/train/softball/medium/06/episodes/episode_20260717T065714_280018Z_000001,/home/ktakahashi/UMI-gripper-yue/UMI_ws/data_yue/train/softball/medium/06/episodes/episode_20260717T065714_280018Z_000001/synced_data.jsonl,softball,medium,fine,06,3.583347797393799,4.3836400508880615,adaptive_settled_contact,0.8,0.010214504596527068,0.017364657814096015,3.0,7.0,3.0,force_outlier_present,,pending
episode_20260717T065735_540385Z_000001,/home/ktakahashi/UMI-gripper-yue/UMI_ws/data_yue/train/softball/medium/07/episodes/episode_20260717T065735_540385Z_000001,/home/ktakahashi/UMI-gripper-yue/UMI_ws/data_yue/train/softball/medium/07/episodes/episode_20260717T065735_540385Z_000001/synced_data.jsonl,softball,medium,fine,07,3.5371828079223633,4.3537867069244385,adaptive_settled_contact,0.8,0.008859357696566999,0.0,3.0,7.0,3.0,force_outlier_present,,pending
episode_20260717T065756_270453Z_000001,/home/ktakahashi/UMI-gripper-yue/UMI_ws/data_yue/train/softball/medium/08/episodes/episode_20260717T065756_270453Z_000001,/home/ktakahashi/UMI-gripper-yue/UMI_ws/data_yue/train/softball/medium/08/episodes/episode_20260717T065756_270453Z_000001/synced_data.jsonl,softball,medium,fine,08,3.3132195472717285,4.11413836479187,adaptive_settled_contact,0.8,0.014799154334038054,0.004228329809725159,3.0,7.0,3.0,force_outlier_present,,pending
episode_20260717T065838_012076Z_000001,/home/ktakahashi/UMI-gripper-yue/UMI_ws/data_yue/train/softball/medium/09/episodes/episode_20260717T065838_012076Z_000001,/home/ktakahashi/UMI-gripper-yue/UMI_ws/data_yue/train/softball/medium/09/episodes/episode_20260717T065838_012076Z_000001/synced_data.jsonl,softball,medium,fine,09,3.7281739711761475,4.945314645767212,adaptive_settled_contact,0.8,0.010775862068965518,0.017241379310344827,3.0,7.0,3.0,force_outlier_present,,pending
episode_20260717T065902_342874Z_000001,/home/ktakahashi/UMI-gripper-yue/UMI_ws/data_yue/train/softball/medium/10/episodes/episode_20260717T065902_342874Z_000001,/home/ktakahashi/UMI-gripper-yue/UMI_ws/data_yue/train/softball/medium/10/episodes/episode_20260717T065902_342874Z_000001/synced_data.jsonl,softball,medium,fine,10,3.4552299976348877,4.257343292236328,adaptive_settled_contact,0.8,0.009523809523809525,0.03571428571428571,3.0,7.0,3.0,force_outlier_present,,pending
episode_20260717T070346_332293Z_000001,/home/ktakahashi/UMI-gripper-yue/UMI_ws/data_yue/train/softball/medium/11/episodes/episode_20260717T070346_332293Z_000001,/home/ktakahashi/UMI-gripper-yue/UMI_ws/data_yue/train/softball/medium/11/episodes/episode_20260717T070346_332293Z_000001/synced_data.jsonl,softball,medium,fine,11,3.070690870285034,3.9529154300689697,adaptive_settled_contact,0.8,0.010498687664041995,0.02230971128608924,3.0,7.0,3.0,force_outlier_present,,pending
episode_20260717T070406_972341Z_000001,/home/ktakahashi/UMI-gripper-yue/UMI_ws/data_yue/train/softball/medium/12/episodes/episode_20260717T070406_972341Z_000001,/home/ktakahashi/UMI-gripper-yue/UMI_ws/data_yue/train/softball/medium/12/episodes/episode_20260717T070406_972341Z_000001/synced_data.jsonl,softball,medium,fine,12,3.6650123596191406,4.465130805969238,adaptive_settled_contact,0.8,0.01261467889908257,0.014908256880733946,3.0,7.0,3.0,force_outlier_present,,pending
episode_20260717T070427_435730Z_000001,/home/ktakahashi/UMI-gripper-yue/UMI_ws/data_yue/train/softball/medium/13/episodes/episode_20260717T070427_435730Z_000001,/home/ktakahashi/UMI-gripper-yue/UMI_ws/data_yue/train/softball/medium/13/episodes/episode_20260717T070427_435730Z_000001/synced_data.jsonl,softball,medium,fine,13,3.3919312953948975,4.192351341247559,adaptive_settled_contact,0.8,0.011668611435239206,0.0,3.0,7.0,3.0,force_outlier_present,,pending
episode_20260717T070448_549764Z_000001,/home/ktakahashi/UMI-gripper-yue/UMI_ws/data_yue/train/softball/medium/14/episodes/episode_20260717T070448_549764Z_000001,/home/ktakahashi/UMI-gripper-yue/UMI_ws/data_yue/train/softball/medium/14/episodes/episode_20260717T070448_549764Z_000001/synced_data.jsonl,softball,medium,fine,14,3.665611982345581,4.465687036514282,adaptive_settled_contact,0.8,0.0187207488299532,0.0015600624024961,3.0,7.0,3.0,force_outlier_present,,pending
episode_20260717T070509_475297Z_000001,/home/ktakahashi/UMI-gripper-yue/UMI_ws/data_yue/train/softball/medium/15/episodes/episode_20260717T070509_475297Z_000001,/home/ktakahashi/UMI-gripper-yue/UMI_ws/data_yue/train/softball/medium/15/episodes/episode_20260717T070509_475297Z_000001/synced_data.jsonl,softball,medium,fine,15,3.378676176071167,4.626215219497681,adaptive_settled_contact,0.8,0.007650273224043716,0.0,3.0,7.0,3.0,force_outlier_present,,pending
episode_20260717T070529_909767Z_000001,/home/ktakahashi/UMI-gripper-yue/UMI_ws/data_yue/train/softball/medium/16/episodes/episode_20260717T070529_909767Z_000001,/home/ktakahashi/UMI-gripper-yue/UMI_ws/data_yue/train/softball/medium/16/episodes/episode_20260717T070529_909767Z_000001/synced_data.jsonl,softball,medium,fine,16,4.015769958496094,5.216999053955078,adaptive_settled_contact,0.8,0.012658227848101266,0.012658227848101266,3.0,7.0,3.0,force_outlier_present,,pending
episode_20260717T070549_703687Z_000001,/home/ktakahashi/UMI-gripper-yue/UMI_ws/data_yue/train/softball/medium/17/episodes/episode_20260717T070549_703687Z_000001,/home/ktakahashi/UMI-gripper-yue/UMI_ws/data_yue/train/softball/medium/17/episodes/episode_20260717T070549_703687Z_000001/synced_data.jsonl,softball,medium,fine,17,3.7437148094177246,5.038915634155273,adaptive_settled_contact,0.8,0.015098722415795587,0.022067363530778164,3.0,7.0,3.0,force_outlier_present,,pending
episode_20260717T070609_471382Z_000001,/home/ktakahashi/UMI-gripper-yue/UMI_ws/data_yue/train/softball/medium/18/episodes/episode_20260717T070609_471382Z_000001,/home/ktakahashi/UMI-gripper-yue/UMI_ws/data_yue/train/softball/medium/18/episodes/episode_20260717T070609_471382Z_000001/synced_data.jsonl,softball,medium,fine,18,3.68082857131958,4.8813636302948,adaptive_settled_contact,0.8,0.01509433962264151,0.02012578616352201,3.0,7.0,3.0,force_outlier_present,,pending
episode_20260717T070641_175103Z_000001,/home/ktakahashi/UMI-gripper-yue/UMI_ws/data_yue/train/softball/medium/19/episodes/episode_20260717T070641_175103Z_000001,/home/ktakahashi/UMI-gripper-yue/UMI_ws/data_yue/train/softball/medium/19/episodes/episode_20260717T070641_175103Z_000001/synced_data.jsonl,softball,medium,fine,19,3.8248350620269775,4.994723796844482,adaptive_settled_contact,0.8,0.006112469437652812,0.0,3.0,7.0,3.0,force_outlier_present,,pending
episode_20260717T070702_889979Z_000001,/home/ktakahashi/UMI-gripper-yue/UMI_ws/data_yue/train/softball/medium/20/episodes/episode_20260717T070702_889979Z_000001,/home/ktakahashi/UMI-gripper-yue/UMI_ws/data_yue/train/softball/medium/20/episodes/episode_20260717T070702_889979Z_000001/synced_data.jsonl,softball,medium,fine,20,3.408466100692749,4.209997653961182,adaptive_settled_contact,0.8,0.007211538461538462,0.0,3.0,7.0,3.0,force_outlier_present,,pending
